ph,Hardness,Solids,Chloramines,Sulfate,Conductivity,Organic_carbon,Trihalomethanes,Turbidity,Potability
7.487104476562832,179.26792406299649,21141.965069036134,5.864885699030926,382.8410961928979,381.37840385190617,15.378184118794284,89.41614584925641,4.936410763961482,0
7.159630585155422,167.75949809720225,20025.079956421876,6.978148785519495,269.53284060212826,562.5726067758902,12.602575758051884,52.621016785565885,3.3479541017765744,1
8.079540919732578,201.51477363974482,13346.319435401696,8.520118505713572,352.05901887718056,417.2191286276679,19.21524264894873,47.32168074756833,2.799807789281949,1
10.761440346949643,212.8178435636138,29006.022070027648,6.999152481903946,318.4605999521158,406.4970651990217,15.381571375981643,64.83029574267104,4.165736845730021,0
4.955069252770208,250.44970475526972,30650.466994553113,9.683914712404325,294.02672401171117,535.0881405061513,10.313787105697031,,4.978954552504243,0
7.286093173448419,208.0383907384551,12369.502664023676,6.020603534693153,415.4379786715332,375.2501971563408,16.664205875314845,95.04841485674235,5.211511750643519,0
5.380650897634476,217.58735912367763,15428.209271633472,7.425113486298625,294.28359396377647,452.0784778084809,18.8093524862173,98.99124542793194,4.145412454752668,0
5.86069103039451,220.06415529467859,38896.68911702719,6.560213222015671,287.0137772109929,367.79496238118486,16.525660124303112,53.45931598307877,3.814426834045409,0
,158.46579393441647,26959.13739899367,8.048978295332715,,629.7542538879574,14.297842310876039,51.24765000053675,4.440606313870874,0
9.459914159065761,164.706374881552,18684.4361891641,5.88509114608419,301.98167254817304,612.7392849515245,24.51164211021773,64.32123227057218,4.6046589099516115,0
7.338222697165578,160.73981207197411,16632.549197590146,10.165288451310134,334.0641591995743,417.29252869992706,17.122561968475267,68.0698206357829,3.1854833646343645,1
10.3218821413086,152.57240463774485,22999.703394288335,4.44883240313991,340.2335308813676,468.20445961884303,11.863988250428225,76.91649733241343,3.13970285366752,0
7.751470074790742,222.57062988323628,34519.25059591197,9.830458778694789,,426.62014424782836,17.807079551647636,60.66484751102226,4.32065423717758,0
7.7450132631231465,205.94264801573755,21632.38493635469,7.262181781191956,,398.0331613366014,12.195234174582053,56.64999205880098,5.031811354214479,1
7.351053918832165,199.0154204757087,11678.84496172953,7.992830839160122,304.7305054919819,435.866225127754,12.703066292788263,63.38313309239109,3.5228441210263695,1
8.135524934970565,111.09962664326537,20649.624975187253,9.228549346885293,360.4368859669243,422.91940403402526,12.13416140116927,57.490264414167044,4.263252752391584,1
6.1844700262553784,264.02518864855256,33075.98755747589,8.47510516236239,,303.3300734794973,15.951457969882416,77.27808362358621,3.9044743183912924,0
11.636203846613185,166.97845106334802,10272.22325872339,5.966557517286963,313.2814432809239,447.45228438249967,22.143095323857036,103.04513658698772,3.7627038055657467,0
7.190276332095329,263.9046396703917,18013.63256353515,8.068141497314912,,422.78273590097837,14.153565980195676,38.41711405145831,3.622341430788235,1
7.5072069098239265,148.71995528657172,14875.891943761779,10.070608876762694,328.77768483979395,451.4257968959898,10.281380292585736,74.83215833873332,3.5471245823535407,1
6.087646485473912,169.67200188348994,39725.69651488298,5.7180790947859,379.0082453019589,419.93656355662984,16.453624355701482,45.316263408775136,3.532696768993819,0
5.814841762716499,123.92625531543318,33378.40629448746,10.467117047686486,384.5911117103288,397.0845794309335,17.20404335748272,61.8343748629239,3.5881378677401456,0
7.413759712228032,208.31391170851475,16205.992597923561,7.729409927830331,387.1096553866278,496.8927328702764,10.810341363320541,36.44815166149985,3.3365982876414595,1
3.5276082153004196,160.16865059531045,22751.485131254933,6.435500120365994,362.4139332557996,469.27725981963926,16.870009435474906,45.64373905349298,5.187294723529158,0
6.9424344701483305,161.09829493016414,18418.136761691516,5.708602772318958,333.77377322934336,539.0006218348036,6.814637888298309,51.449122280565966,4.624660796275483,1
9.552573981565013,151.24428225496234,12878.636790676157,6.767206422434926,331.14867400704753,466.1741649693643,11.395871148997921,55.110741234828936,3.810606349865146,0
7.441587269625767,221.9749815640757,14125.144412057514,4.030660236908617,323.69342709479184,410.2333906133372,11.943885626557789,42.92565194017236,3.99249673255022,1
8.758758097262332,219.8071541365723,19549.66132727928,6.463913738887116,244.09051926145662,476.0348969157024,16.187801633524607,49.24375303200001,3.2367540816072338,1
6.955314201691282,256.01591501649204,17552.76364833747,6.704574954708134,,266.16645673349115,12.658907041566547,64.92694916088628,3.4938284893219858,1
,173.84025216669917,15221.022240531274,5.422426434402377,343.92087444834226,596.1773350094475,12.82113036970897,79.9078329287409,4.449339557331374,1
8.739666625505459,203.59915730743973,34213.082080578795,8.301595407948888,367.9767046210372,448.36991561722743,12.058918413191453,64.4315643353218,5.092194732283918,0
11.493830518621248,153.98087200547582,28726.061252798885,6.774349265292768,,602.7040362453608,14.13516243179262,56.991967966113066,4.231372594306314,0
4.259905630785561,185.37721615200803,10350.91540826123,6.115444619509204,361.32376170487595,355.95691917780493,18.45083986117721,78.44361414118566,3.157192570819885,0
8.055600844626,179.32998919304927,30628.895637320886,6.605972382591701,276.7712075975362,335.8942530847836,13.906661517180982,39.36557266046135,1.9049500319032042,1
7.970982362279882,211.68040360159935,22406.679457931346,7.681069807839038,285.39240377657103,455.7593300472766,10.193511444894131,53.920483734636534,3.9518264431400514,1
7.158435820757943,229.8600174311585,16821.014371639318,7.235689512537851,231.28483977153482,455.49280721554607,13.173330016668288,36.63885775233186,4.099440959068125,1
9.670524534210308,229.00609412835635,21995.25828409542,6.0124593608216275,328.23794329257066,453.5301777745051,15.915838585419493,72.09644806973154,4.282152856385246,0
7.033257484895643,168.6714762440406,53898.64295652864,7.318532488983902,301.817440665966,441.2147572226388,14.376427896585382,74.64312818686639,3.1102683743316413,0
8.43159041192026,229.2495940620967,24356.766695437003,7.039931987045313,296.3999903679446,375.4481333971478,19.902699303903667,64.2247981903183,4.636073787874604,0
6.2,194.9495989891535,20521.02301577296,5.319646527424876,347.65460844776374,306.1832518384555,15.681955536946592,53.22152562743553,3.2626648233767104,1
7.522026029426896,185.72076212498823,12312.259042585443,6.664162584258529,316.1840021602182,449.07856497737544,13.989033183174746,63.042434995177736,3.8504862995938485,1
3.7692234319015054,173.08997208365759,17151.27935381126,8.035354467265003,,322.56656637589083,8.161495837157629,65.80874262000413,3.943392650849033,0
6.2,177.97811236550496,16442.59875254992,8.023978450636482,,314.93789114271084,15.936677720658956,73.1226247237122,4.076501412226942,1
9.689355463064064,253.72212553985608,14619.282059586914,6.7566563548026375,,395.4449506837664,10.564629544436361,63.468122581278315,4.84690456493208,0
8.394381827530477,206.5138142176534,41034.94034257949,8.189301015761844,288.95704960846217,460.99724601453335,6.3619007172793225,65.22308704477477,5.338513972499615,0
6.826070933906187,202.14472978278965,32253.715150988035,5.571670314764297,306.06881191737176,586.8109463703084,19.329086767185224,76.70696015276168,2.644956637146068,0
8.125714106556131,187.77207835413446,37570.67158221366,5.620599215654545,326.631881083019,505.32415170290653,14.761458493994338,36.415960208392654,3.728026264776848,0
,276.87269631631113,26557.760198875498,6.723017157995985,326.5448171625519,542.0039810400297,18.482021225424774,74.45259081634143,3.091958998861295,0
8.208354806277686,239.33484508304738,17259.457846932266,9.486154495017674,387.70960090409926,479.0158643534802,16.76598252817911,31.28085119615449,2.949754778536544,1
5.799063837394772,172.67705642311972,36113.182735661474,7.377937569930365,330.51159975402663,455.84178049065355,14.717595834386685,54.55783430641239,5.954522034710303,0
,187.39806470021787,10772.442630630821,6.68492202072808,,628.6678574403722,15.02151030874964,69.98300138890558,4.2972578820093315,1
7.8697652943078324,189.35135452309706,22211.478335960925,9.559738041906503,315.89769011789883,319.31326639749466,11.03123562987783,,3.943271078026959,1
6.0194552341117475,201.19918808549752,16140.956299294849,6.666637272378409,351.45445206675953,392.810990435345,18.681142839844362,,3.7457344650237543,0
6.500479980509644,173.32966484242579,15960.711081710218,10.65087851491187,376.10998004517216,399.1174746177411,12.102007445501247,44.365233730693305,3.6505671119545298,1
3.3798170627884723,210.8370636185998,25744.614318693053,6.312172664679222,383.2793054150635,498.39940732575235,14.656366893390764,42.641634145739815,3.002154584428917,0
6.2,244.17369954409344,17011.733327868173,5.5214686077829445,388.11150980155287,347.1148379789641,18.701317673603242,62.978571578830326,3.818203452539435,1
8.537341138986397,153.18163521376303,26927.008392240994,6.857148079734037,322.5387139275624,487.8851122921893,16.5346899878426,63.330846677670436,6.024287835910902,0
9.164027866946876,159.283972349671,37333.245852814594,6.726446867877513,,473.03570640696773,16.02229721783944,74.27960536963597,3.5028380860173494,0
5.567446115448702,180.50408353071862,27229.008881334325,5.843802437368133,231.15190574426384,491.91847274370116,16.281975514607883,,2.7414184348699755,0
7.337743156581641,182.02942607245242,15518.960986136513,11.231119043490331,325.6851844019368,490.4540221850839,14.011088688652643,71.09362141521473,4.209675061872868,1
7.561585730295156,262.1495272791411,18257.63845350596,7.623429977132295,,550.4962266399137,20.996580270727442,49.09509789795402,3.1353606477612,0
7.125805523231578,229.3562333384882,40213.6341345017,7.853514326401102,370.9290302660336,422.22387539466007,13.624774110339953,60.54340634057208,5.255475700124824,1
6.395473098204452,227.4682053846909,24808.70146974355,6.390230757923664,330.21943319018266,469.03675908691815,9.414514203657653,76.53202422858152,4.2417125080225695,0
6.796090605166841,187.70236868340913,14861.69394878191,6.207282372102695,404.14437293730026,366.686817726517,10.60611791291553,46.14960565370455,4.146465161736768,1
,186.98028891671382,8274.074576627712,8.740382202033967,,348.2445631703805,14.86065825444547,89.10414907417339,4.1588853144212825,0
7.21095612212759,148.6388918871184,5019.261322799206,4.472169999308178,304.1518112855762,568.798165795971,12.834762648715566,60.535775483428516,4.276878617727563,1
,222.1192535027732,2150.79703393246,5.314274132991217,314.4181041616283,360.5808019815483,15.792955249623102,61.008531319691784,3.409397791899254,0
8.8,212.55569649820904,8300.476203288152,6.729252561140064,287.3299479717848,478.01801581779335,15.17748339984308,51.484911264253896,3.8757924399310837,1
5.221492203433492,238.70931329791554,32097.743016028726,9.254654742902213,359.56715431252644,469.1082582002046,15.269004549106105,69.51570557897038,3.7077094071009675,0
8.89894228344511,189.4637024305821,20639.933080089733,6.528263182708232,345.7431470005964,521.1384562624515,13.707401728063138,33.92099906177796,4.165118871774899,0
7.750858394105721,191.73546609000695,24815.118358868043,7.777519460493231,,292.2173875931945,13.143052560439754,70.75847088684604,4.986073342291107,1
6.778645888263465,201.99449788964492,21716.535659687455,7.163811313433185,,498.20952499773153,13.228493004564264,54.07101424298317,5.245325810867955,0
,225.74343023418345,28855.16884178191,9.168088292440157,,421.5110138816521,11.593803118933122,77.59268855388767,2.7971042358067653,1
10.742007006621604,148.02990603299295,32093.99345398284,4.616137631223584,243.61346485087125,377.72734322823777,20.455051293938194,74.15294773580798,4.403287099400771,0
7.757634561918416,220.61624679999252,14727.419660390024,8.282821861881988,349.37573782427734,405.93394504976044,12.266580127452485,76.66619886782925,2.6206888257956917,1
8.215212743573579,195.72569600451388,28452.647687448247,6.805739691006696,337.8920362394695,509.9710795929131,16.556293422246682,61.71364677928982,3.849471274274184,1
7.013148395511464,161.5708338843234,24691.12999889781,8.581317026392664,288.23815481417057,485.2842337998659,15.036564356726288,,4.17909242015703,1
6.2,127.81647073768123,18173.639083097376,5.825534272361502,329.4671781716149,415.8637845931555,14.648716657900483,47.19578584398681,2.076499859017235,1
6.987988933108866,191.91001487920218,37471.59865792369,7.158541050383285,323.1250388942951,334.16011690320215,14.852476190071618,85.93403935234198,3.641309024728969,0
5.140451723334065,244.02975714971691,29277.63557086204,6.958039396757959,406.8425141093102,339.8615965695395,23.63281286864081,59.19242199865349,3.9258386732472235,0
9.231187665228283,251.4971255357919,42516.69188706922,5.536151955313748,289.8693435195089,487.04483692191263,16.94896245231197,115.41344043421645,4.774253441381638,0
7.014217984235673,208.0918773310462,17676.876013606252,5.096947439543797,347.5210438050815,322.95841200712493,14.378558202951123,87.85156182015947,3.7477668418959227,1
8.098520311877438,260.94998634040996,28975.546773544134,6.202950048256235,,416.6531173498599,14.086205519785102,74.8989018114658,5.548056853851854,0
8.281058441023205,194.9872383707231,27071.02790400995,7.325291183812099,310.7040394154908,642.8306278922962,17.03437594162622,47.59826173702839,3.181082680787855,0
,227.7636868490475,20766.091584909573,5.924078685598902,345.26030468285836,463.33251574030373,9.66921311821785,47.11455987772724,3.6326816568851017,1
6.451743715517147,181.55450375497855,25642.190755075488,6.598483770416047,325.04957217826717,486.17373568279635,13.889812351572871,32.56327173991676,4.233702822531493,1
,179.4696981875515,22281.061959165156,4.140440179915958,,340.46835003320064,16.19722168396736,81.79882793767317,4.028678101858343,1
9.162141289849046,174.10995005462706,26483.693813793692,6.534373125635707,347.57469528080355,327.0340261812665,15.481265046531997,91.63954263339741,5.066993110502784,0
5.65968704169299,128.60859763961014,11987.792159730645,8.73726690166751,313.3612517523797,490.5024205926745,19.796997434287864,47.94937814713124,3.8541384131952694,0
6.658218712927954,238.7453353522534,33281.986753581165,8.234184915032731,370.4036665413592,403.38595929729547,11.012971882133314,75.14894483684336,2.739407193615215,0
6.651925785038335,175.29029275235928,14762.34188740913,6.982663339497114,,521.0286157103449,12.34332753046129,51.70305089256195,2.574655794336447,1
6.574245320173193,170.03266414605406,968.0728098547843,7.504971305522378,329.76120389172354,437.7651656000611,8.795849058048972,53.51705372164802,2.571100492708396,0
8.231461061327055,157.578931674943,18280.550670815825,5.811348574961231,348.75828676793725,713.5541130724505,15.934541380846388,63.692713796325634,3.047962792988768,1
4.4475815798603255,189.6765745379563,18630.597855880107,9.686613119600413,,388.0365589226814,16.36343353669166,46.15212747104762,5.254048432353473,0
,254.41889701741553,24417.83833039232,10.38706476029197,,457.64182755850584,18.02493564321329,86.04901766015209,5.355353740450058,0
9.439120969965966,265.2853241920674,16697.257927573053,7.380421336515439,346.9223262214668,362.03303046293246,16.100669073662754,65.03183622872777,3.6362798602945836,0
7.35094239720831,141.75747978611147,19908.318730808198,11.213283620977158,353.21786938842564,517.6720648607163,17.453663126391817,99.18155933843636,3.9396770483660646,0
7.689609051092726,184.73866093238033,33368.84418305347,6.04531185297416,,469.8734014250423,14.68115748371156,47.05328331959797,3.2255867131759555,1
7.619109246863651,162.36962936391734,21258.496581073345,5.143294800691054,289.55287653925944,356.6158598441223,15.500251243414446,96.2722494064366,4.230314338358002,1
7.5975529454471,228.916311685859,25585.277988178306,5.998794468531294,274.6957494260316,408.643380555635,13.247715811015535,88.41635621583467,3.9935200508098854,1
7.123180538162469,205.8289277059702,23279.194910744627,6.773205381181515,264.6325998876088,545.1242496988425,15.67109812753073,84.42503200275326,3.346528956685964,1
7.292240523419803,175.45686912920343,21413.50420798392,10.773065150900683,406.776886113992,535.4180957140943,8.852423321080146,63.281187190478065,3.8439557033793914,1
4.3424834770945235,198.78765435144453,41674.06787915867,6.675768578698584,242.19118078898322,319.9968323473358,16.939029019520884,51.99154228618592,2.604994888706666,0
3.943905117836624,180.6929273556864,34688.226914925945,5.761743815769647,383.220152857652,396.62965278643776,9.918599316346151,42.67417993177909,4.767734803859263,0
,249.5086965049341,20260.892300105483,5.70043500186765,299.8160229322846,581.4488579087949,13.196122588502798,76.22013883138021,3.062295727701708,1
6.2,214.39496804402768,25781.734377274857,8.921234937028384,382.9186562457599,420.7720337038664,15.16774309712481,61.23074507694898,5.082265155399114,1
7.258058413848418,218.43719054815082,24530.495647174783,8.695736762328277,,449.1005391755801,13.959268626113264,78.27191952270513,4.1233323104270765,1
7.383272984515944,108.65841497271768,21347.25434608084,6.352944465561296,324.0671124620321,517.2560988661342,16.277308602411704,56.04616422661522,4.2610150346877935,1
,194.20265246653213,14643.662321164782,4.156261096598095,,326.6413341310875,12.644413406931177,84.97821402818529,4.644927172350511,1
10.063074511621716,264.93764055304223,17684.63703233598,5.3368221993593306,363.3268759278891,358.3524422077046,16.08433896332281,61.24975367097295,4.095876589021917,0
6.728393880515253,240.02964640420691,19739.118145762423,9.839565263249277,,408.12511407609543,19.70873232250001,119.21675135540725,2.8005643387166783,0
8.281361787579305,135.63075262322204,22198.9116388393,8.208316457588163,253.36073971672087,531.6135884843042,11.512379708285332,55.317351457888655,4.4105580755917435,1
5.669920609166928,186.08829010470976,12068.462488757483,7.223428973382123,279.04897518295144,516.6770401387856,15.7011843418396,83.84334844671338,4.294029644088736,0
6.379415646695694,156.87000957127407,30897.4409670583,10.072756413578672,391.3106897975583,492.43712246871746,10.515146317658147,79.02695983626896,2.9389796073469796,0
8.280398909199242,252.69524133593842,19030.944444723416,10.214155511042197,319.3828142680958,423.03587614740184,8.346682502429157,56.96428188728299,3.770492102359009,1
6.431423012828408,204.4367554868774,17342.208620584468,7.063215428901148,330.8264821186836,525.5492348045192,12.308397148918596,55.235329866968115,3.6297727725973328,1
6.896369174836167,171.13952608483575,38251.431824762476,7.0922366183599665,,421.9462653482645,14.59893734577789,64.79055928839189,4.58738486986613,1
4.093115266797069,197.52379634249198,21827.44672110048,6.200366242262919,,480.97981539969055,13.93150008666803,79.59535441468168,4.593872178061527,0
7.4958406930345935,110.6176740936469,8726.640846045208,6.670326805773486,350.6618134453834,507.9727492118841,15.30692468987242,56.37116027757509,3.767247933486542,1
9.603880784072079,160.70477311627863,5518.568526501796,4.771606538235808,316.42791910030314,571.3830614548602,17.048648553996298,61.16069280341812,3.199614667906677,0
,197.5989985796856,25157.444122195553,4.765189525629186,345.9592953228274,429.7289735657884,21.384705989793183,116.44482470761534,4.406508793138175,0
9.498062902703001,224.2227196221143,28370.29939421734,4.3981989871286755,309.8686918897668,404.98109414752946,8.25278871587954,77.37906929142137,3.5649223972809576,0
6.998138257449899,132.5307654323475,33349.839245163006,8.833252470932722,268.6729951134681,538.9220893132999,16.36431241685751,75.76624007766715,2.1091556861329623,0
8.8,183.85999037659008,26209.59001340238,4.65298448779815,,545.125688357547,9.04236181319754,69.06520575350092,3.263138440068275,1
9.616110751680036,229.61866079726923,23503.12945152064,10.200940431955726,360.32819334827127,390.3753410148625,11.837273551794585,86.43964273163228,4.9667371100447255,0
7.387719548181862,148.64718562811936,20659.623953529375,5.96600293190494,350.11408768778927,344.9932744653674,16.877044837185625,,5.013294230743597,0
8.521142059451245,203.9401152643993,43069.51446465052,9.865012852716408,335.0805379076577,532.7779848662219,17.157409406424897,54.37523299047902,3.6764841382655433,0
8.26627678756784,198.5705611521875,24262.568482945742,6.543214138272551,,301.62842821349375,14.283984741797113,65.27716108926045,4.3532612885919395,0
8.21567142667402,252.8031125397322,13461.303390223185,4.645424901945646,325.37120788066903,297.5016445738345,16.508442866347234,55.02568874068041,5.028311109336383,1
8.084253025878745,188.82851924662714,31035.837400180382,9.148370658943442,,412.6017547234562,17.31059720801955,86.55084535705552,4.492451258758092,0
7.561075506647151,190.7543403134602,19074.373387925545,9.334947691660496,313.9376511806798,434.47712903091565,19.089635007694753,47.17348818090363,4.519916034313254,0
,224.52817587911827,20418.368425403773,5.688439419578123,373.4039842375931,340.55586496480225,10.274179618723831,73.46643355716847,3.141646875083896,1
,152.76312882117656,30754.14169054041,6.595989418776028,,444.1266385408761,14.523999031017556,68.34150399256657,5.586758724604426,0
10.539325913988435,189.13294250447674,10371.52457216107,5.688842420233653,310.7419342388224,447.7307831618276,10.41993906492256,65.90778824970309,4.474278419102196,0
5.176819728317789,181.40664714334721,19810.35831567298,6.929567822756804,272.1541684937489,387.38465816041423,20.089504873772086,42.420564108838136,3.815991441634346,0
6.908184520452004,191.8298013620022,12721.394725452488,7.2903700529565505,379.5453967807907,590.5039056767628,18.000432006643422,60.74637580908154,4.483728739093771,0
6.928283162894432,224.3125721708774,18452.753442240057,6.564814766597623,302.99570688095594,460.9247057685902,17.073147510759746,78.82673643257618,3.754544193732322,0
6.870792672004511,214.6319128592035,37480.112633631295,4.246151595282452,336.78346419306723,517.3819141509601,12.748670390245477,84.01632176257418,2.6224417012153163,1
7.664637431352691,171.76835204940656,36079.46538219517,6.202210682157765,431.19762688218526,308.5379905155187,12.681616728084366,43.98776209410646,3.214279100920379,0
6.084001972800448,200.8974037894653,18382.90405161487,8.231559646415386,366.982495027759,307.8407815539959,18.549025560029396,93.77495501179412,5.156779289220724,0
,245.43552910390724,31023.433192003802,6.7899387226984524,400.50159297743744,463.3730589404332,22.24848975150953,77.5503806294386,4.574036414608845,0
6.579199088114365,169.04806850956868,38614.01922954188,6.6026438084525045,311.5216327607965,576.0725013051581,14.675413844129354,75.4513144029002,2.5376233965636885,0
6.514096265568311,201.17598707506173,12763.41703623156,5.649373058851392,378.13842282835657,344.59718905903156,11.450432493193134,63.124433585028164,4.39530463330893,1
3.894290216867992,190.0450137287191,23938.01552076847,6.1561188366677655,334.9040963082083,437.7848330373036,15.43072444926679,69.64083494074126,3.538884351702746,0
7.718013676035933,194.32713497897004,14432.891416209153,9.346138008399498,348.9531005198193,326.40422342853753,14.310024663113921,94.16576230416278,3.274689846082259,1
6.357523889751262,142.7513642279947,19377.403839938797,5.31915193425267,,368.13529398345605,13.372816680871349,78.34917547163965,4.0328128447061715,1
6.918149343888008,242.81409790687152,33640.78749803466,8.258900492762663,322.2640628802022,441.80339455970335,11.371832712062702,50.71206206313458,4.763994837750429,0
,170.92382246077878,13569.481296580467,7.194347249027569,,386.39701396028886,15.066108810572533,93.00442942073606,4.931187043522745,1
,230.15776781805124,29245.316602317416,7.5068008477318156,296.4069134275704,320.7136686238902,12.581602994571872,58.325214173538235,2.7907491022615525,0
3.604667051347089,175.9567095952369,25306.15084054356,5.962877075996904,,318.9042505983415,11.339007147659617,75.72390106372247,3.4800067863725186,0
7.067359876718616,175.82089695262948,25688.394456582108,6.564191761644291,310.59004641093327,273.81054556328945,18.447033382120715,61.11261555774832,2.8563498041168325,1
8.296896704168422,236.31175494031385,15758.293947556935,7.110962115328308,,464.70797129973886,14.253772171719566,37.908841595892596,3.72340500710068,1
,229.09880345442372,31327.99809851083,6.29734619591747,265.49359179176315,474.48454685483597,15.557878854637927,58.29153048297704,6.382283175413075,0
6.894617941869033,203.26510807591504,24078.067481045357,7.643662724377748,356.5136161739113,474.0783176730288,11.427629047960684,51.76101024821957,4.714215994970708,1
7.8269783498371766,221.44185308862794,41679.41185492261,7.842753645474453,307.1510971289895,352.73859553248843,13.907273665462993,72.74648406264258,3.8385786967256816,0
7.900726279998695,186.90661352956445,18145.94533116875,10.552876465319475,364.04343026827075,507.4808642783939,16.404800898319337,54.03924130898858,5.040289719870005,0
7.977624343337419,196.12470504804853,15087.591448327288,7.5595402463925465,333.23865024383497,483.30771633487734,11.978347069073692,77.26459450366286,5.3953969485176865,0
3.228080860212841,174.63255748794035,14529.811816274238,4.098656604280237,311.63696892445273,426.7893880569158,14.513552075819659,78.54858628552955,3.3477771849759193,0
6.2,226.14373683197854,10195.676077399516,8.957570147725114,317.7964318613338,413.52823754465265,14.437100179911111,53.240017992574636,4.1932261752087525,1
7.5132001463169775,173.58670140459412,6852.179484920422,6.797884386214816,298.5939243775723,373.75147010189363,18.740903815538392,48.181130992950365,3.6331164322601133,1
4.314067836975808,245.26164374845536,33647.06571249727,10.29884207344023,368.48441307028355,441.7266761814409,11.76262321235259,41.50375511852572,4.346410494627408,0
10.649690729945975,186.0090558622778,34928.992419719354,9.444060634958387,290.38641373378783,556.8736226696942,15.756500521942296,70.65770682781694,5.869997358505626,0
4.910303355853632,197.0747317561374,19098.149133327617,6.321677533735725,322.7429443564622,518.1388145418143,9.386864950187249,43.32731164028607,4.5105960260033955,0
6.646704265765173,221.3621518795276,17897.105147328653,8.260606398516458,,405.4981977707705,15.00338676510398,30.159382628664606,5.3030967033774425,1
8.06059795915971,197.18513945713727,3907.8712803262024,6.181550866558338,400.5986733535687,469.72061411136826,15.630524076791763,37.4900951946247,6.1306908870025865,0
7.180694337595178,186.5988164600133,8520.445133736835,7.1242515057352165,,337.20445199864196,15.84251146627397,76.85737774032772,3.6880436624820163,1
5.594818518834893,195.4122285671013,17789.810970730687,8.188056006679247,323.7600617173086,485.18942793434024,14.124444024247232,59.28505329118719,3.5786421257110006,0
7.051378204608373,225.80662383204452,29404.614689166465,8.878540325553486,,359.0667428726387,15.733374311228713,117.60698206948426,5.647532515894154,0
5.696817015680171,174.5921618917024,23566.130179663087,8.53442520964026,,481.972649351236,9.317066643597288,82.8366727920285,4.1341728900608175,0
7.087572615393671,192.2468024607096,30127.88238935815,7.2384836184222685,284.17606799140424,666.1010329903316,8.478628295295165,35.029722154416035,4.007968443543546,1
6.952933123011207,196.73843332940294,8791.375566535015,11.043809762128323,318.25982694643216,380.1429954679679,14.221947936976388,75.46874961568447,4.822080422341596,1
7.966928193777326,224.8448529328599,25913.303594175988,6.5432677576871985,304.2830771596682,662.3625073864329,17.391504858774255,93.44418955090043,3.841641943043209,0
7.159870822901729,193.11508719962976,19228.22802638182,4.580623001915109,267.52550182532275,465.84334741286466,14.054399875922492,79.96476446260753,4.664034587819875,0
7.719045218884987,255.89304020884344,12236.193186305114,4.884775113569267,,365.6302488324344,12.322748525215603,93.69047455731283,4.387561321401294,1
6.048249430075956,191.2498807931734,33833.84668474276,9.448932213593302,,361.92714172785924,15.859894503766506,73.0336262100086,4.025260306658456,0
4.904672972606651,188.5802082964663,27460.322116669045,6.998888386642049,339.60698123749586,617.28841311415,8.554740086229758,84.90073580783069,4.048116546885869,0
7.408770975235772,190.77304319877663,29771.40298745612,7.371310846925466,305.06876634220896,466.03348572401035,10.750433533181226,58.49937245900473,4.532413726258535,0
4.595834281819079,153.08249699715148,25711.123988753476,6.262812269719548,337.08686873707575,380.45484922180026,13.734460436108908,77.59285140776933,2.5834260631895107,0
6.2,162.29168674163927,22395.339198322272,6.40473008270728,355.09820762085985,409.76038262773335,11.127637899989992,50.714167550861816,4.60911774014461,1
,178.94105932758384,15395.452349565956,5.876388539700114,,461.00668283888336,13.035279750949108,67.61977212144349,3.1652993270694285,1
7.712213980029594,233.76880202716927,29181.497554303016,7.86441828506154,352.2052907045511,425.49536944278697,19.914250484785498,89.74608237370715,3.4411422423909004,0
7.6425072974445145,195.31015264698988,8871.284210926773,6.966139730291381,,454.1486510189529,13.415038545761732,56.219831776226464,4.548313608421947,1
11.89032132717011,180.45520616164328,28556.431037719136,7.807308496929374,337.83589195777415,569.5077604496655,16.94544971950533,81.53005361856816,4.73424660141932,0
,236.75299313045699,33779.749120503715,7.656312648801624,381.0994289131405,335.0599703033358,11.28926348422328,73.99260122823428,3.860234859133081,1
6.2,247.43372767215538,12488.563377882983,6.4471116008600236,384.80561572804805,478.286130483324,13.646544904605312,44.68104359567556,3.2652437056117614,1
,237.70208296386534,15383.291032710073,4.815205612021596,388.762176524916,420.3098735416838,15.554562644866527,90.87581539863068,4.962800858339502,0
8.26486098509891,168.3333390909633,27744.099406063717,4.677636638321015,345.6225323989228,385.8771360384558,11.864921419179897,72.64072274561299,4.423643552139993,0
7.63135984714485,180.10632039562873,18126.195347524157,11.902109514878205,335.10881773111066,512.8316727574273,12.596887416383229,60.089029345937355,3.8942637582357595,1
6.73734613429182,256.07191671335426,31719.32763349194,9.45551404218883,315.22013887100024,308.11680871747546,11.228072676404416,98.60378721148518,4.354489967657829,0
7.958628133917909,204.33349586680072,18035.652359257787,9.23748845568812,258.970131080179,234.99218466162003,15.137072736096739,78.25711382411275,3.8736600873019844,1
3.2163700086933025,187.59506956491902,35173.84392885101,6.054121244960705,,444.34226759278175,16.068293168379125,65.91841383434257,4.461990804381417,0
,220.03364792778456,24472.164063766046,7.13502537934573,326.8425241606383,415.03507701827,13.759967038379662,61.291377317495964,4.964257526640084,1
,229.5401393160819,22736.46722469741,5.83172678803459,329.316858206083,316.8899421612194,14.190177740662962,38.384898527537956,3.997842208658331,1
4.387655847789651,177.59930911646012,28153.01790869527,5.046910289637893,392.2660333925888,287.98735830824927,17.55241254365599,105.9243097961517,4.9341286563070765,0
7.658298217623148,203.61957463859576,13712.39273588296,6.189737837806392,388.23268395615094,582.1951769156394,15.94022510919132,80.00397454723456,3.2424768836503266,1
9.337306426595156,226.8838262772412,15030.120072050408,9.215372242218734,,463.6115997151421,15.831409355134525,79.36604766517944,2.907706196719417,0
5.399463447762919,158.22655289792084,16492.48536904697,8.448377679739872,367.6786846046854,427.7873744241998,21.083450228307054,62.89612439977985,3.686947108460193,0
5.571421013488312,196.80616554932,20066.093228097157,5.587324157437206,314.0493490066401,603.5757886439228,12.711383968673331,49.21896083297297,4.056735279850565,0
6.2,159.73658041463148,17219.209477896853,6.622590640751189,,508.7826494396978,14.709371993533717,43.20834929968785,3.0925720522863225,1
6.585264096200359,164.04020165110794,25999.907127296985,8.303614611659798,367.1691339436193,569.1575630596486,15.727794792712315,55.60255423118634,4.286421241346378,0
7.37233547933068,177.874007450898,17911.54296520729,6.217865195604007,385.22264242291635,330.85972260818505,13.082355261433525,63.14164507660617,3.7191916569856662,1
6.511026046185645,212.09723279623458,24742.716487389935,7.245746266835714,313.40456511199636,327.8346787179255,7.04791764495244,70.44834230445562,2.8748622750062798,1
4.882112108191547,185.80545551780537,23038.757037577867,7.754918966362403,375.79217264929025,476.0596789973741,9.173888465639843,52.99897934038708,2.3268070613533367,0
6.314915714247785,175.06704368853946,11321.74659598979,7.737670271913727,256.2654989045794,459.6915368221397,14.58981118200553,63.737829614409776,3.285018651034358,1
6.831824787702623,198.09614513339116,33626.77389729048,7.5215497757506515,387.4633292157089,527.1726924813179,10.455422423454577,98.7928385614203,3.5912756216347943,1
7.018025759372374,158.66492624003448,14185.716287783891,6.087158465423634,332.76430767531343,294.43225887473704,12.84991030836915,72.64029446054319,3.475774519955656,1
4.569139404351891,210.50762586673565,13524.54537650632,6.249460151720272,,483.0506712105089,15.838659322335312,67.97402965024366,3.0512154660910924,0
6.804099261715299,233.6226244684284,13467.659674007013,5.328833234597412,249.45012866441527,506.13290558035976,20.242806246743537,47.58791662573299,4.105838595322988,0
5.206094036123131,193.79418705149442,4264.043138386507,4.65308818226641,317.70923226795844,501.8427029983601,11.454718910858475,91.73544531753544,4.981169610640146,0
5.4920646984201005,189.73284812042314,300.0,6.938696988129438,389.91684714400105,393.3390939984322,18.04746039686721,71.40443343975446,3.763816045704771,0
5.415737050320689,208.68618762079223,22948.07268192821,8.409690191047762,316.1345416835035,468.10410586496295,20.14363911227925,70.70657447635234,3.553143420050258,0
7.89248440628549,129.6633561204422,46242.188563857126,4.939153817236765,363.33735830437365,363.5269069691995,12.686005288089815,49.45534653838012,4.569368179839021,0
6.458961188058821,214.06129432206984,41269.40547601855,7.551297725716326,335.23058228736414,402.52995658675184,16.73428892927305,56.272551498241775,3.8411396738567767,0
6.560713261001679,298.45204294320604,14906.801584831774,8.359717317145764,377.7945023794275,341.93074378472693,20.62871110683013,31.309681664646718,4.868763698270457,0
6.686170059721758,192.3639523253257,19438.754222703847,4.2179606452622735,341.72813995945074,364.89980906942884,14.17603625725336,59.06592324916831,4.222489941540451,1
8.034197204886878,192.48078639073273,25624.0813252108,6.692481861784774,295.2230026125386,406.7302438669671,15.9066630679784,97.32624841621232,3.93187310941887,0
7.573866360314909,220.86467030327958,11380.073922147309,9.72101211672423,,386.5323107908599,16.965784168994514,70.73861211666998,3.27041204868639,1
6.630124744357414,250.53144478371297,10286.494654523425,7.9920668080566495,400.0903798132302,364.88965140110423,17.85350249129072,45.11527372733035,3.1720665195196758,0
6.371317839931372,228.47644208188305,11734.959456847851,4.164677704481585,354.40250623069875,321.1925581839997,8.891177242036974,46.41925561926739,5.327506833514507,0
7.793855675583325,125.48053369460119,12824.010322511393,8.160176350610346,,584.656539707488,17.189977843703364,93.80658234363918,5.171671792868896,0
8.1695759027595,214.93582175910439,22057.762497802585,5.93857586511924,427.1877941121189,385.75451418747986,16.910332091818827,76.1661121316995,3.307842444037493,0
6.620560350933652,281.01650177845113,22466.633702986226,8.21226494954656,381.7915300860346,452.8612183413233,10.458257769137226,71.57667274431338,4.456348058845412,0
,216.8783104383864,26600.66872266516,6.029670808770778,367.6127840974963,284.07506593545634,11.724849711104241,,3.8423310290769823,0
5.414598563506678,158.41359705335944,30500.555702190686,7.036208737829095,346.9379780611171,535.8980499390808,17.214006307693587,85.90708642009207,4.646204507737896,0
5.264702217987402,205.6721946433724,20999.631227745995,6.2706824256705405,,439.70658055933717,14.040508334890593,,3.375664816004303,0
8.361380253736934,154.2653894308789,24543.918721294966,7.124989201926839,,390.33493693164974,18.99178436139257,,4.861065872084049,0
6.82883004750964,236.9592413769455,10412.886918515682,6.223697325220602,243.43144469414153,391.04060149035297,18.442736124205645,65.04419711480668,2.1445121909859823,1
7.745389918834782,164.95146285388125,13808.781186443011,6.766809578343925,,496.4483165074972,16.18754425676907,82.11086580485951,5.135708762902147,0
,198.84261558136757,11427.278269556778,5.26254408686913,,187.58988935742101,15.297594482897958,76.76431467826453,3.314758672068995,0
,168.17903793446823,9959.762712541058,7.895242160754107,313.1092622921458,359.6051782323066,14.503428383719461,89.65071757620512,4.17754512471028,0
6.9877862240484125,178.4218589066711,30367.85411071816,7.396950629657402,,416.57802592182367,16.124387461770798,48.015499548221655,5.153570254009636,0
8.223182592563262,245.2943562488103,20989.875443161687,4.565879164915441,269.38786436556086,415.6466246365137,17.910263303806534,56.95531936152644,3.2688417915667562,0
8.67670664594329,199.80374072500265,6424.357503168172,8.688808323119044,259.0891418584608,628.6292066652159,16.9684774255734,76.24392881708397,3.5514973803796144,0
7.855737427603712,178.00223861442382,13379.00113645663,6.841465023745895,385.4052000823678,398.92244758779094,10.428466968072897,62.643356482776426,2.6542476089345053,1
7.352444679263305,158.72199975782684,12706.337476350214,7.375584586052738,352.93333373594953,506.21034095858164,9.283997658548854,65.53491430912453,3.7384182119242255,1
8.63133320986223,134.82102109745856,23600.654949505708,8.328007441806113,233.90129793341166,572.5819006721049,13.61946968856856,53.254401055478766,4.682477305408133,0
6.708521959702625,155.2328671571036,12336.197348032207,7.638622742928774,309.9376799859679,480.3856181317051,19.438029683890946,29.031108950020844,3.983414239449498,0
,200.08345904352004,16600.200830916187,8.96102099036822,370.25484176261637,371.75566144046786,14.04457979064179,55.70573885652441,3.368577874495608,1
6.5265232836407545,228.64969099097564,12647.244798653815,6.656593074915451,322.20740492796585,322.41340305225475,13.803040486709893,65.08707412263364,2.946163374227237,1
6.2,177.9644358993096,24368.86694905947,8.754398430238723,385.34320508725216,486.4299588433077,9.614559954020109,54.67037849673958,5.022993363908084,1
9.535286186826792,248.07088446365557,39973.598780243236,7.314220896135567,377.2597244900527,559.1180380714411,17.40192983811665,72.89408595427415,2.781016445353882,0
7.33407529529141,172.79423610869134,18701.19364492515,7.9220608107205726,,470.3138181187529,16.44831862074067,84.89413128932402,3.8478133336883293,0
8.101514765875017,188.56941431725198,30674.30686528165,7.757734093020689,327.8663823076584,525.862610838041,15.420940120943152,67.28237267980501,5.604474398346442,0
7.4359669925862715,160.88192590090443,34545.148760157375,9.08035391398905,,635.6293214572374,16.850173475184633,78.92792418877659,5.873455088802655,0
7.369312744219931,228.99606106728245,15128.179700708108,8.259831550223684,,493.859842178762,8.6891237109622,76.4379212462676,3.5784765500170876,0
,265.4080992020663,24922.447616769725,6.420146141110443,273.5930429509918,337.26886444385144,15.944582460334324,69.68052015065172,3.3436935290044714,0
8.23256659285517,138.4362219851991,29457.94506318739,6.106798070480241,300.4307079855925,430.3257098527599,20.840640253481197,71.83856629518986,3.730689836662907,0
12.306059350324514,185.01126794191845,25297.688637896015,7.041388446800164,,536.913387636509,15.869953403465631,92.70517552633518,5.651615358048691,0
6.187889357898842,238.01125696794617,27630.45721344327,5.919039723094789,345.52571277787524,406.09859289140053,15.392170615474402,52.91489008602957,4.835779647097498,0
7.359327888064112,148.79549234509773,14019.112732771375,5.457536321904372,377.030437791077,547.861012060887,13.051851294402757,34.50515426154747,4.288687578901131,1
7.034889959307402,215.04390053934875,11568.52076118804,3.7576770985090944,355.06490117063214,420.79149864253793,13.014404930846581,82.79637077140507,5.364472362702935,0
6.894696965979023,236.58643538682907,13243.291545836593,4.672164842630638,,453.21527161250424,14.832868742665593,78.5329088560592,3.7120223459068846,1
6.052209997740202,198.97372799233995,29463.34408728798,10.256942050556209,322.7620221911268,397.86012394021697,16.824545480759365,49.1889025511939,4.96887949336346,0
6.2,214.50365503393036,16749.21795117912,6.0827296055849525,358.76420813977364,439.09053629794283,9.532560005681114,53.801006502198206,3.9016432076244816,1
,254.3336885035983,26449.872150874064,10.127467273717409,327.6572757621632,443.3657521637789,10.215702362820357,64.05011204132552,3.5776583428454605,1
5.972762187032325,260.5032336299277,19581.440155359265,7.756984269825816,315.5230433333348,296.22981234552924,14.41723957431648,55.82978034215816,2.9985404434087117,0
9.834454008425478,194.36127869116552,27519.786621199335,7.041382325814954,412.3399792842789,390.51926195944907,19.682549238367063,90.06977781329492,3.3134793448213684,0
6.501255498936435,178.88476875805523,21004.133215272795,4.749043915422451,237.31829539893357,326.556786582242,11.231936187449467,50.97387525056446,2.9350200909480897,1
5.621355066317817,166.1326543456754,32939.894032738914,7.127376855010158,256.2452020914753,393.3056245230206,12.077331080283784,48.690900001742804,3.528252827186644,0
5.999247100603914,228.54212054910465,30553.6808214236,10.109650351809803,349.64376982113123,361.95076741105186,13.516932730065381,65.3446305388024,3.676321512705241,0
,151.26858414867715,27512.83739215,9.581066055546447,322.82973077075656,507.9551510398345,12.99692680083036,110.11517021506971,3.54343905599284,0
5.460537723369731,188.09031415008945,30300.21881375291,7.5532970712621745,274.30884790308943,508.8907149165093,21.521026810489975,87.13947135734864,3.642329860636507,0
8.284487866362875,199.77849346440195,18802.173290787712,5.305103981870075,290.13910662182,471.4717676701449,12.48444527789009,51.41157564836185,4.419968186154031,1
,179.851217331553,30739.90501194346,5.607678754506339,295.52960000992226,323.77394211784133,14.435820184356588,56.82064223747567,4.664416780522931,0
8.100428928502666,205.60608671912917,38407.2610331473,5.772904887439912,370.74273263721983,418.27071000114574,13.181728879950052,59.767805699537,4.235426896298996,0
,280.77248817183175,23876.518355103675,9.139484785233067,383.9937918460678,317.3468612081659,7.7829190909087425,66.57400259524297,5.156811366444856,0
6.2,192.39940637759875,9468.686610219247,9.69811828905184,401.6778902005476,414.2986944151514,15.112517366748849,46.93465750960088,4.303364552720805,1
6.203310292064009,182.0751548576389,25757.591437702693,7.429510679248785,268.01493540053343,478.511630312125,11.910198050623912,92.06544077387323,4.334062567883395,0
3.7331599273185496,229.80441702216297,33054.634685273064,6.6411329118734175,277.2010857540226,506.36202929154047,16.947597301874115,52.27166914053103,3.5451650123057834,0
8.609999362416493,204.28230189238766,19541.317707246628,9.566962584724354,274.36506395567835,464.4058582126107,16.93356509556968,51.23069419986519,4.280192658762083,0
6.2,243.75414687285428,11501.040780954034,5.573853805433371,,527.8845023723345,12.153206046631754,75.75030588916576,2.4647330410031927,1
7.949178143036104,201.81822269206873,10551.130419722635,7.201880857608578,,447.18831606454665,13.260418795471063,79.25096316221544,3.8971811263752407,1
8.126869473374054,188.226876457753,28647.958565706427,7.851486279282886,337.1202475618465,407.328330021568,19.61391570769588,62.376051186201295,3.9689409466254157,1
5.518842578032702,137.71545118168913,11514.959009559137,5.756775040661289,343.3066279252843,496.79176918371246,12.820788686412534,81.76967257832615,2.835386106334261,0
,143.11072857359375,23213.941861921532,6.115255530201734,331.44937932645604,499.44326889427526,10.326700180231631,54.21846291357518,3.5408747012436375,1
9.368759168051728,136.00551308494835,28885.68665853632,5.992294624883588,,383.8469267754439,13.015204351284199,40.58444416282357,2.154938373932539,0
6.3641448091991055,208.8802585707515,22242.774996148528,9.358428432461176,355.04535349709505,456.82176649246156,21.609548738226323,53.829472974401504,4.666730338807386,0
,151.58199211236058,13468.65643753064,10.144700297750198,,402.4194793536005,11.206319147826264,37.45048406690776,5.113222470110432,1
7.593689485518386,237.7084953387477,15549.398493220411,7.301372197773766,284.1066893419573,263.9055399822073,15.066457735443649,73.53375217049148,5.042684033068639,1
,197.39511198376087,12728.489588523507,6.696214632472396,357.5754174378236,461.76060456275616,24.537329168943003,68.03646951689944,4.985563549975046,0
6.2,188.3662503615551,13722.968766338661,6.172251101510592,316.1723918583149,321.6026077113263,15.965325254285005,52.18992249719021,3.504619822589101,1
6.2,168.63716802577727,13298.97148533504,7.12275917525152,343.217816355233,452.7205161141678,14.302922533573385,45.799720249684384,3.6051675131788383,1
6.561880644083196,216.8723128180898,28955.148329108455,6.250649632729872,328.6258627222618,302.14725078537447,19.124204065414766,68.91829235397378,4.181310007900865,0
8.339775845778757,169.93202173705467,37795.763642777856,6.9666922170787515,,368.0509001767241,20.557479605531423,46.02853777335571,3.787390231604963,0
6.467900801564253,163.98106366610094,8717.445810253683,7.772907860346199,342.9147471330782,391.16521681975684,21.29998842091575,75.58433486510445,2.9794103248704404,0
6.947871951387488,235.49671238791598,22722.107218513265,6.479605550391218,297.2148127609283,523.2993614411567,18.34600594941947,62.42431961181107,3.528824219584023,1
8.265921207612971,208.06703618949825,17487.24645450981,6.820450861069726,347.1309334544952,383.09198315313705,14.020622211128769,57.15517747856157,3.3526339575192576,1
6.836274336519947,188.67082181063185,34068.174210082245,6.826981913585758,,339.34234694841643,7.369299317821559,39.98821410890484,3.1515056668357095,1
5.95622306469196,217.5031451977393,33912.087454556575,6.618249773132701,354.9691851252093,455.6390826250824,22.85100042466651,79.0247584804415,5.1118862755889545,0
6.522219954340144,196.693858625342,300.0,6.422512354314387,376.6851941459012,408.66853403030456,14.043252488574266,58.105183592151434,4.538650611626224,0
4.483475149448319,209.0011326498604,20397.27701327562,8.324270632640154,308.298312693665,490.0772933004666,12.026062130409988,98.06502575550294,4.367497516349919,0
,169.52570401184755,41684.90116630451,4.32223707421722,361.452536621274,344.4401001075056,21.517214240983833,75.34122437558098,4.115899783689032,0
7.222674490049312,264.51611423315944,28252.51877161899,9.607362177221997,,443.2369936768941,13.381287493597341,41.97955129123284,4.079457122599751,1
7.966328276246089,177.3305030634522,28666.362383267056,7.334136551860736,328.8326286470641,625.7409971755567,11.444147490117222,66.87987600513299,5.024936933871615,1
3.505219471694671,247.59293715665424,21080.92153912777,8.083827770058694,322.4290807689636,406.86626011002505,11.724970937204219,52.21642566146083,3.7208648890356755,0
6.0561692367055215,190.18621485788273,25054.414760299424,8.265622897375223,393.7407921154636,441.28781710381077,11.499913670225684,97.37742539606482,3.173709542385288,0
8.342831896778412,222.95349510504826,31447.228907348774,6.001266527151698,327.3277132403735,291.9879471505602,11.580278605084812,60.4988205734073,4.334798530346187,0
8.666957007960265,220.5559531179599,24199.49882463688,5.675313481236798,358.97073541630465,357.279273530234,17.113054071681265,52.492475634508565,4.757553228431954,1
7.4757917375721625,234.13142274443652,7893.501616423802,5.489014530246953,260.86236501307616,463.3454327250558,14.640112817821578,72.57662358634886,3.662253824465638,0
6.734669099333216,168.74348003429964,16541.386506449675,6.729632512870831,,399.5442624058207,15.897409786223578,69.39874933309748,4.262965046689532,1
,231.78840470207456,23684.536191707088,8.224743412650625,298.7607014882498,475.84618321654295,8.48989674826423,64.12470394391252,2.1853772533203832,1
8.021609088674142,257.1478710949864,24884.900607977677,6.197656000151098,436.28616050443475,460.5350458123647,8.154684449920074,61.127362960969805,3.759633114048415,0
8.461879759366846,187.88900098294292,17058.171138299396,8.080531991481722,,319.70322158107695,17.015922384403872,77.18935851139206,2.5380428357950087,1
6.776413221834263,197.54182960897583,24810.024183632428,3.378684474199306,,508.2367476360852,10.084117017540214,80.23543331204912,5.580168900366271,0
9.122517743872482,179.17860546240294,41892.04924586303,6.510803820879106,339.0402382141921,325.79105657147005,12.921814221583308,61.21771344977185,4.079134215597325,0
,185.0022473031102,12460.462105520679,8.964077040826268,267.99559875522255,364.3943100107599,10.914261401612265,62.261271389848325,2.034987837954899,0
7.747667908070582,252.70581008487892,20575.376493723845,6.849865363327962,312.0221340035151,444.7423811751644,18.818441349086072,66.74838455729196,3.6648603230997967,0
8.662336976895732,163.36068409031628,15380.61998717565,5.8099530548574565,350.5573336236792,552.8154590469316,15.123268705311775,60.86645561382768,3.268766014131563,0
6.2,165.40429076110962,30911.93235509854,6.082187709022596,337.3489021949892,345.0867907480988,15.824166529516365,49.933896282242486,4.441706149221906,1
8.325804753366796,249.398640808033,14373.087864931895,2.335724350352222,,438.1329038362998,17.119576723276396,87.9352109213625,4.00166325453632,0
6.065019324640909,216.94764321172713,34910.325907113496,5.521352886749165,,438.8064538814915,16.736355627528777,47.865955650668546,2.9092324617518797,0
7.889858370798752,266.16018119349906,22329.955681349442,8.79044136856988,376.06201678390136,479.314686204013,12.1590598256076,65.37440849882266,4.802592741153733,1
4.346592067786467,181.58056881552943,24453.18926900777,6.199487628303954,358.1524291907555,521.8696684140704,14.376294185817653,68.86105996784202,4.488586883198973,0
7.698688039100985,200.55464941511605,18922.111633948054,6.3860199080380635,384.2265807655634,393.55071866864324,18.558460338293344,71.03879919077362,3.8683434519370907,0
7.937569538579715,174.66372854990763,19280.463939145913,3.4357367444824756,292.9942002306758,507.9574186940463,16.682517598140286,67.35629035085157,3.7156443236723407,0
8.971896783163274,201.11460844850922,18849.34276901874,4.543276286882152,386.830482760553,533.6899948811714,13.98559904407248,86.15473632248049,4.247175845167843,0
6.416812816699895,138.03221865934643,21336.522510221104,9.00027770218761,331.9615896008279,570.3439016528231,12.872518506339395,,4.109927505614805,1
5.120989577413943,218.93500491394977,19698.86981462691,8.095324647445267,399.71801153887213,466.7554026175069,9.206315486101058,43.63209450027743,4.054841679381358,0
7.223780104314273,207.04229734689793,20389.508637006562,5.070046330325699,333.93680357106825,438.9209023564928,17.13731341929591,52.91984645440382,3.5513727952173326,1
6.975314285871803,194.50645160487127,31681.864991526007,6.123695621314312,249.03451460162745,387.8535745319185,7.382615444252635,78.34444720672379,4.628995656107395,1
,183.55701372067102,9463.7476631425,7.073907698061923,368.9591392521158,308.3138720423117,14.391654214615118,37.83897347207095,4.239835951721292,1
5.17778098737339,166.96259381558954,12187.769229251988,5.230118183192325,315.4385337318498,403.74135456119336,16.922304373406277,79.26817658914534,4.0054964702521225,0
6.442166612086043,220.34175480587786,32368.014793681083,3.9534526640485104,318.22409408934476,435.27688908710184,16.270887941862597,49.92235554379522,4.489339432476685,1
7.349018342262704,157.87113947035795,18196.923347821037,6.868447587845692,273.64180775371153,417.3530219634211,12.842732210935099,37.29652731851478,2.5432300802799856,1
7.773810505984764,213.2413755064201,21742.0693456306,8.024721528233721,400.9590592588502,474.4956138194381,10.685438176909349,48.086821334251816,3.9294413126927337,0
7.866788316277131,264.64945088923116,9656.957169290443,8.055134565173327,312.22641140456216,308.70279942795264,14.978938458111191,51.32981288679901,3.973170942820616,1
6.764782721179135,245.2736569763974,20787.536429304626,8.502875069156591,,411.4964789605837,16.430990939567984,60.74904386402532,4.1027329158869605,0
3.317052939914857,146.88129068613551,17000.931289168246,4.665379526387879,,587.3773763377291,15.376109955355139,46.31972949152663,4.411699660884384,0
7.056589933704278,178.74131781470535,14234.531878498608,7.211485017526564,295.3913486310199,506.64437976777964,13.399148156017688,59.75853119611239,4.903471245636684,1
7.612705511132963,210.2657293642706,25672.93943489726,6.6958468445179875,,475.98816244038784,10.338707855860699,63.78803178535773,4.305274752440392,0
3.380396461520987,194.0877247657279,26478.950061122505,6.982191316914436,,457.7671359018172,16.00438964362186,59.55476605314429,5.077847641764858,0
5.104012551440586,150.35955186850836,18911.851464228777,6.785385018858063,,396.67310592218774,15.76961802925666,97.67827491655325,3.655313862504823,0
,209.07689480347787,22830.72556772058,6.076491874640125,280.74068607227883,284.47112365805754,15.78231625488282,73.6515021273195,4.3224070099564145,0
10.36727013383352,196.07044415067375,44706.92540555814,2.3518910823393444,314.854393115575,463.1359901052895,15.614489210510445,77.06431954650951,6.19918676485209,0
7.200481474287916,259.38130594306443,7944.34916093492,8.955689852501663,351.54800709832335,228.36699204379477,10.826286117835437,74.05676042588038,4.092841479803137,1
,188.068775683886,44344.1159567203,7.641384461450641,280.0139482583835,399.89508630088767,12.816641348569007,50.450938640152216,4.085189417043708,0
7.561245327729554,234.82731137724485,24075.59721909948,4.774822135692318,311.48176946128683,425.90433748821164,10.753812949498666,59.74829010994185,4.366359075554728,1
6.2741560789158815,154.7127915370238,14186.143193767512,7.8675480117285534,,390.06701281911324,17.17063196935125,82.22932634089807,4.118147261186839,0
6.450434483430669,162.57849409920487,12231.949347574364,6.413258404937677,336.55064931515955,601.6477512589266,15.164594875399422,53.36708107613045,3.7736423918284645,1
6.980982793849542,220.14267847773223,15512.748117408693,6.4580237400599865,395.05376932942414,573.606897036085,12.693204719996684,97.67748686246959,3.0461217455452876,0
10.284331162404978,232.05474268198265,14135.668868576033,5.9059049296473285,321.3819402945045,509.6511880810825,11.338931800971093,84.46243769933892,3.5137710893309135,0
,164.90177931215248,20680.673663432903,7.968350146790578,305.21327257611995,351.43359730135194,11.256450495939362,39.53626945532222,3.818948829490552,1
7.7399270298830185,197.1921466733207,27439.519211160932,5.8562787570044055,447.49974416582137,581.4503584188087,8.678715278652298,44.39440964157894,4.661642902542983,1
8.8,150.94604519089336,14795.881500037041,5.387001195976852,315.86612636413,476.21270641695503,13.454956205992348,66.49798628242209,3.3146375734705087,1
,190.43786771454972,34242.01242973627,8.908156800757473,325.90675212759527,350.0880434919567,17.461217965160017,46.9333837096788,4.029588805081401,0
5.993920356236772,223.93475964703376,20413.971654030905,6.837367372568575,,428.8435264327364,18.377507103117825,61.51676013198768,4.573435589873606,0
9.842578561079439,182.08986537842085,26476.905314164847,6.886971503812312,322.3417592140614,503.6528481658811,17.22169334981718,71.36602991083139,4.671788722266704,0
6.18790060983531,188.2067581744489,43171.1896661684,8.214093310037132,337.0190513288608,377.8105896761015,14.374817984881458,59.572793375990855,4.397332877695212,0
8.272183247036269,159.2297313960599,24100.584454050608,6.065213012663041,,437.55503041756157,8.311870036290617,113.0674426760858,4.803483311801836,0
6.879204982797101,175.06900819173995,17623.274148829252,6.380317987217921,350.525091743519,451.77129127615683,11.612063879191311,74.78109403716616,3.2510345731311396,1
4.093428366286388,254.24184914345173,30909.362856694548,7.60303012616208,378.39175632336986,337.250980515568,20.285915598104417,61.204845390895635,3.2705584869872686,0
6.574657786224581,198.79922893749367,29143.997118353735,4.68462338810725,377.0227871287477,404.37649790116154,8.257158957239778,68.75435676759552,4.535579140105053,0
6.820181102798949,163.42407447719532,10376.43373058789,7.469336493893779,,343.34262393651034,9.62258643680484,55.921281809028244,3.439160883898596,1
3.746766007179832,186.0440028476981,18611.935158888482,5.9259758944934395,349.3793155606403,496.38837566910286,17.151214876966087,59.1760786148407,4.131350077798474,0
4.8946758161841615,143.8446312636201,34262.03645154766,8.471646696079135,379.701698397521,352.82912161336105,22.48582897898693,73.48495987813584,4.2261612004006555,0
8.4944825747893,163.03414612858703,16127.842313548234,7.983728056422856,287.7959089806972,449.7777392938163,15.623132567800866,93.27642027558123,3.8120290182801297,0
7.703655427533097,241.15517741462833,16781.500237341617,7.774986404020548,437.2259437726657,313.8754098737973,13.308067555896873,79.55971058095692,3.7652401616052478,1
7.73975500161674,191.7123282376807,37518.1653769136,4.5810053352838,312.5789755961571,334.6182998421821,15.325102546252287,,2.703442207632418,1
6.805179756935247,258.6050227937297,36928.857971219666,6.956635275625365,319.2700522470444,330.7039982990089,16.119315656094628,71.47551378776598,3.3099242113743252,0
6.764737249568768,193.26305611347976,24945.53214877309,5.2599188345454415,,402.8023275664895,13.158435186155113,56.33716102735856,4.225188304746789,1
6.293699092949349,195.21630089529978,18619.215830513363,7.061755033296299,284.85895655068794,440.7748348936132,16.427623323647254,65.73297201774349,3.087119977087275,0
,217.48541781603586,19659.3066549071,3.4618581105142128,374.1250104520351,455.6722278514838,15.793585688809946,51.02874032457078,4.392571030344776,0
6.480753460841563,108.47186854498172,13859.36567554548,4.685485015967116,427.78600169438926,283.00340135780823,23.327147193791784,90.29198553591885,4.543173922448724,0
6.859722872610365,203.1425037482026,17646.887067744767,8.998673101967496,,412.5739377704029,10.007901517409328,57.56088909318032,3.643239524053074,1
7.539614203516989,194.7883445427947,15218.183746727995,7.703104018090365,348.1789042644793,365.5537735354237,14.4972303309703,84.17649993041414,4.304898019072091,1
6.554139346671044,245.29067959664835,19201.566230404966,6.560970960982126,,469.36162221583686,16.101953508021715,63.93805733861381,2.37260454775726,1
,228.137952067983,20410.355265355476,5.684185550155768,,404.57498444879565,19.517799073561072,35.922724555763565,4.307389967215217,1
7.214506792505273,159.10154354551025,16566.512049979694,5.406878810212393,425.6547788310203,419.6688547460263,17.28134768777048,75.79898742625568,4.618981713569534,1
,237.2663605528474,15419.535597241853,7.436246093039871,396.76829950443766,366.00812576895277,12.14892301544996,67.02846426501563,4.009865265311882,0
,187.76985210838527,20145.738937878912,6.577060950844094,,565.5515349349123,11.70945673685415,66.2888239036238,4.107408504297462,0
2.0,166.64348885486012,1102.1886998491864,9.563702549641297,355.6909801183789,322.4867826027573,13.95374626610834,29.270280492840087,3.5078208811475937,0
7.867075853072026,202.88469695366257,23210.414370397906,6.828073322383647,359.8015946895282,393.90149357657725,10.184460668423794,88.76594986110436,4.035056092101124,1
6.714688996350731,189.7288881986604,12825.867569577138,7.212778377746363,332.96824786966056,434.8939550244558,15.588439940474327,58.378759529530335,3.7695123423091403,1
5.319653768900662,247.01550883153845,21983.342758831834,4.926164520472513,,405.8900746530094,21.19291057403528,67.31187446503388,4.547602488977522,0
6.2,207.60646473736082,12791.286275110124,6.55009522422012,300.7306645514909,364.4739725972847,13.843919369907033,48.99230628682987,4.312382144568953,1
7.202282860159111,203.1661784971496,19374.24474620559,7.399646420007418,381.3335197484695,279.81597025795827,13.080931868575014,62.600994389310586,4.171531749231731,0
6.712160079671658,226.03128902594398,31705.105436812402,6.530998576283165,385.60415102703286,370.32607676794595,16.606043881267787,38.09272414158391,3.809228242338775,0
6.2,232.35547623525022,22091.368199351433,6.352706916952713,325.2067110956577,348.68170480670324,9.758912433479086,74.53173251292398,4.576428368181595,1
7.666414860800778,222.18060760238114,28218.317014389842,7.636517208472211,,561.8813470912132,18.84852989437027,86.52131659963197,4.85617088754722,0
7.408326543640452,243.10034825561198,17477.44440455668,9.513420784866364,383.3667222030473,609.1874310307227,17.826442669737894,,4.668266527513971,0
,216.42565138486364,11319.507725049214,7.349051605086367,263.24326869782146,422.09603241795526,13.923006114283714,90.48183723240489,4.0899022690982205,1
6.320751060312527,201.9157331895085,19843.767785453885,8.927814327887559,315.32100936327134,312.6956715438309,18.66325844547061,102.10378469661165,2.8145113947930027,0
5.8989789276243645,237.16876084269617,21971.12863405147,8.102131756479675,417.3398751933815,485.83396374155967,20.06295229235444,93.82839448265182,4.161777906140229,0
,193.40951699129764,38316.58726752057,8.833278331975205,346.19133945081734,346.92901950151384,16.178810983921743,57.117657895092485,3.3054991051502425,0
6.204519242896046,197.49381038773936,24603.120770037778,6.156642521112312,287.05045409327784,381.82697886955094,18.664162423930563,74.30661043231731,4.13846676763656,1
7.0386802537936655,253.0398805790685,19400.035713221467,6.793054557924645,338.65548695395177,375.3889554563902,16.568006211085596,38.46640787479224,4.827012218208091,1
6.294006289409725,249.7613038097271,6704.635468979506,6.79961775819183,376.08743351990665,385.7591426555201,10.160995561913749,72.94288632290001,4.244752040670406,1
9.082610464663212,196.1310159522227,16388.105535663803,7.983118033771082,,397.53860367954735,13.500328855873924,93.05219481906015,4.238593364277381,0
,181.4781531066452,20266.493878926627,8.372012259094745,,320.0690424941954,13.13977992896632,67.86100712276675,3.2298315637316755,1
5.509184927479144,244.5384081568596,17362.273682968786,7.317588781956788,,369.47729613789136,15.61526611696173,,1.4409307805077738,0
6.592658162812924,222.73376397541054,7703.973627877038,8.505196392253865,265.8212775655104,508.61149522736554,14.525855847889854,48.157860310131184,4.573317236239935,1
6.780667226026485,206.78262326309326,13478.450559637067,6.229936266369431,337.1917883623948,423.48859921776824,13.913312886046983,59.884588445023496,4.287572463428401,0
6.832834340189445,185.81038783475083,24353.53406758963,8.518896533580618,328.1497184051175,436.3253583922927,8.083279555246474,80.68785876626481,3.669581161604317,1
7.248350206597,207.31281743971016,10120.624945356243,8.72497891865367,332.8026635590178,245.83435106761522,23.925431935981727,51.73824611744671,4.725186247714971,0
9.86466676676147,195.6857916696946,27116.5344244422,8.190444226560968,319.3820103218668,502.7809196087265,13.235701714670508,32.4278995207111,4.02582728761418,0
6.329414309351005,174.54327389204843,26127.581645195496,7.331988257900317,,370.80999287482,16.790993515678743,76.0435955043434,3.129989270309566,0
,200.64549261052005,36386.23760193584,8.247050865199848,273.5711626890326,517.0166591929097,9.846970403021755,52.75879499311573,5.782914772726717,0
8.102203118696648,205.1324511015431,17758.999695245828,5.707472944923186,305.20543647263054,438.6654041791739,8.1832304853002,68.35609165729775,3.771633955591808,1
9.240760866203543,184.0495022983244,34093.38557340583,7.433412377689129,369.3730375227491,380.7860829331377,15.564864375924943,76.56047835339776,5.102566452749795,0
7.626602264389972,226.13586515525313,32457.589515547737,7.594806553383694,343.44911016028726,290.6346006794646,13.548420747915117,81.06689959220603,3.8194722778253563,1
7.161613178998723,238.80258570703154,26999.18991060825,5.019365252220654,,601.9275533601885,13.586257644808654,46.60859582334882,4.379764113976317,1
6.778866896517768,228.3096341212631,46972.60878805218,7.869843119644443,290.75359862844033,491.1023796622286,14.09513650599053,59.732963063875204,3.668597822236743,0
6.499633939754151,187.3114281264596,23498.20870835959,5.146866413422732,318.3199217798357,495.93641149487155,17.4648988504555,56.088616633849014,3.8981297568510347,0
6.2747980231083895,221.26652748779745,21724.969143936032,6.443889089303099,364.31832291598863,573.1612786005721,17.55613562377632,59.84235071158254,2.4361237925054198,0
6.818061077981797,198.96492997643531,12075.152456377227,7.182822315656551,354.6980477668993,444.306230588092,7.767425092958018,67.78227729329285,4.886754389976554,1
6.413936044939094,155.7439573051802,11847.849721233086,5.965436512280165,314.0439667914096,535.4739241516456,20.05949465302664,47.14314898514648,4.522390564135943,0
6.838072487231425,218.53279655257583,5354.820953110078,7.250435381020103,225.687950929233,387.53111917405624,14.225123224552116,49.021126099793996,3.765873937373244,1
8.523055735095983,201.20773098748361,30817.492591025093,7.225160044889227,305.86130811131056,485.7963454529231,19.781492669519125,59.834403577505384,2.9561471089841276,0
7.338918956785477,281.7277292680802,25326.075293740218,5.824113009813031,313.8164469709196,375.28818604008376,14.867932749234892,56.83026209484891,4.686410620610226,0
,244.34421140186464,30387.029897601493,8.017399644942444,,385.48820932486746,11.794648501241648,69.2565230202973,4.992050635124346,0
4.762075330278314,219.79684016314584,13378.319917235202,5.912632724776154,,434.0376464967055,12.205127776320621,71.29323908238784,4.060275849097438,0
5.061768852987055,204.5977094923811,27540.239795753645,10.734999512080817,367.605175307282,323.79416807525433,16.159582916076932,51.075788490891256,3.21521429816575,0
7.385977458365404,201.78646219140882,14214.291202460383,6.947023459137645,,452.8174771678742,16.252191840145407,65.5911711880897,4.875320371573116,1
10.972548967076262,163.37861862047077,26149.39637056245,5.269355250915749,,400.99377664215905,15.652251396854837,88.43384927849104,5.1816642242330095,0
6.56213112195149,139.18732022512296,25520.832878990022,5.56474000938224,,265.6051008707554,16.0027430677345,66.75541949878514,4.121844038223526,0
5.427933208401116,167.69280531121652,17708.97387219002,8.933177134223316,321.17034800066534,389.22091963067896,13.227113927822314,95.34195681926613,4.19924157293578,0
9.619088414619664,194.83011010219283,35498.584161257284,6.473540393444843,,398.31957998520585,20.13033100959209,73.64661557696047,3.3281962669800462,0
7.435436242498749,127.12775774692443,43677.92200029111,4.965253183628651,316.1396902647545,495.10918635892995,9.9456066218804,70.68858946828642,4.284095847599071,0
7.998494342042592,178.49181303422657,13651.731750172654,8.468866140461872,290.50978135067635,449.2439945614972,13.033371864221298,61.055176670947006,3.9475243133576563,0
6.637710556965087,188.2535312102064,31044.2178061331,6.46339325731063,,543.1557672554703,11.330125119791965,80.07523754361979,2.990785366364424,0
6.294521127904073,189.31246639032844,300.0,8.152402827568576,350.76207704192115,468.22485532648597,14.368593836131726,70.07734811998093,5.258993442209688,0
7.57060173281365,174.62929361961005,10951.189780187402,8.598194320536681,375.81394111755077,381.4399455250697,12.466925160321916,83.41976902869592,3.8569824033008757,1
6.577785892255148,185.16419550685194,30551.794520083356,7.553652391317501,316.02500003370074,421.4845636734964,19.46298243289285,84.26561019691533,5.615256339519131,0
,253.11610694527505,6433.531142853328,10.905533685182826,291.583670779371,398.07771861754736,14.092861338977738,97.1001932380055,4.985471978689613,0
6.732937922102195,218.18457976104085,19212.81019495705,4.394906861165506,290.2652920261087,465.62820677394404,15.455170675208738,56.998130667301645,4.858508208120023,0
7.462462846380973,177.96610444005088,11726.26571333462,5.827638881070543,,431.0336295150288,17.424849997488327,80.05157354741223,5.620338536501949,0
10.415880144303133,194.15135776289142,22151.690797980737,6.715598992725748,408.74068585960777,375.4123815761191,13.926392746890002,79.56399823434563,3.2296269133309696,0
,195.46849125704043,32280.166608139658,10.692654175200833,350.87262688964825,426.8949180618512,13.273454179954417,,4.6614091634199335,1
7.0633982235099095,171.13426622994905,32168.54013449437,9.960843902761496,318.2846160074941,463.4633977768245,16.439196824914355,77.37952482205209,3.21942209949032,0
7.176266144042247,171.09561583622718,19427.79738503894,9.156131570482387,,344.88113970521624,14.757093978384315,42.14948315516848,3.878981496497178,1
6.2,229.64624026874887,26033.931629282168,5.865284173621462,332.5041662654756,451.81430794089215,14.37318490125276,75.85438280979469,3.4299246233027074,1
2.4650636198004214,182.58909397969677,6555.523994593284,6.049526711162721,,298.64240583093255,15.977645131412135,62.04897410925459,3.767764971943018,0
,160.38448886668434,20784.94294960143,5.810875144478082,384.87139462556416,515.5301645258419,11.142167401118781,62.39697799885732,4.3731762122553866,0
7.3024339246028305,194.98068268011534,17504.7836121459,5.8821855168955945,344.56230277182516,468.7962095103755,8.260994743720872,61.795219763522965,4.999364394048389,1
12.10505785290578,200.28252087794817,19322.99669624746,9.47847327949604,338.3429034671728,557.8460692782413,13.474896119069603,59.45722667085702,3.871269737187698,0
8.546095846471577,131.49803102402282,39219.962496782806,6.734847945034567,346.1932303613129,335.9790076661456,16.3410496457686,59.11606655047206,3.2530065368444685,0
,195.05944482781436,18242.32758203548,6.943832899862571,354.26301270831937,517.78289968837,10.475148542870507,78.98331677921199,3.367874880792743,1
5.359311006763682,224.95653984005776,28301.72957457771,8.343531123339021,316.69360474681037,501.8110291363049,19.5876720898005,55.04985918561774,4.12480788747921,0
8.023102377418057,211.2454467836683,13016.437423902486,4.49162580102632,,411.47565058560247,19.584411022903623,67.70264668507309,4.039777215295584,0
,269.76025928991453,19722.703399211205,7.20318039760524,376.5339187869714,395.7672170731635,22.434204606516648,56.46552431158005,4.835125311487974,0
4.3277657128609714,237.5615019680707,38982.99026466255,5.386942668696785,334.71008504568016,338.5201986356051,16.79910004584061,76.99307153415198,4.157859176660636,0
6.94835058864577,244.0699294143031,19271.610842437643,6.654824425517857,373.0773365427397,317.45857642402257,11.952025035053031,50.29437076303893,3.3243740991902717,1
6.238098209855263,288.52282729158134,30986.470509353232,6.193455303544444,,365.5002669865792,13.653399058604695,70.47961033928897,2.501123026806554,0
8.457899437220876,221.34334101238426,27245.775230147126,6.1119904212706135,355.3534499917218,324.7333280938411,10.603601552720061,62.742263595349414,2.9335738078961904,1
,201.76500984098587,15476.782107148494,7.476419254596056,348.6439070542009,555.134376674122,14.876166838425863,72.40890833966135,4.447647875520296,0
6.515508317846044,228.43605565389083,21681.37328972219,7.469517175780168,466.29005939340647,304.8342045998695,17.35420864413369,71.97786788877123,4.573723887481535,1
7.306557099018349,178.00112134130472,12098.663095663345,6.772683469010303,342.37063331078446,438.23075463097246,14.93998022097541,65.04790275558348,4.727240744631661,1
,199.9428799113845,21662.829885360654,7.705681261926027,288.6513621551612,461.4049742523165,14.7018231359607,64.79598707162765,5.46451759030781,0
4.716597347976592,175.0897605427235,21966.463090122594,5.747589025451393,,455.08593794139455,13.672419253674542,70.68505065050029,4.144588199998678,0
7.1242061824005125,209.49369194381882,30857.59896660492,8.196905673082295,398.0397470662654,462.1793197202376,9.881796323189862,36.06316373439776,3.9925343968797273,1
6.919637570046475,174.95219100414792,19089.17169201985,6.794205544990983,280.2214716984061,502.66914564993374,16.44034370211756,65.24605337494525,4.958914830808444,0
6.124470965620987,173.8000523545495,7952.984514943948,6.355811571822123,302.6481723880666,390.16948927511703,16.603209738149513,82.90814097200902,3.690644890363031,0
7.650141415177573,210.0032713431711,17762.5937037953,5.86428107750929,,433.2740921717691,10.991848760701266,61.89090439634801,4.60088670132332,0
7.077785679440747,191.86929359831936,17450.291507095808,6.738592012462643,322.5549053999604,402.480229752369,12.478426302395937,102.92767471517473,3.1104824615752764,1
4.592130178113734,132.98455463491905,37397.39340572106,10.075610025816559,329.2358244191731,531.4440677730147,18.908595167211192,75.95902086226003,3.487099163634806,0
,148.51217728883228,16311.359132863461,7.019964243237909,,595.8691666167699,16.37813719744595,65.07870498758648,3.7455937892722995,1
8.256816122251271,158.65493243091785,20579.127372918836,5.311842412893366,304.12360332792605,329.73015217896085,8.671187382239463,47.03041976750336,3.9104758298662876,0
,167.35022428885026,300.0,8.571734125520374,272.9998585069867,262.0870519175706,11.22590576497379,42.563952259720494,3.5532974218447317,1
7.760530295293864,210.0345275398472,23940.79713812936,6.374353071449028,276.30012080629103,472.1858307767369,15.569593177598346,66.5558984418335,3.0801954118954,1
8.141970090117816,203.60308806865683,20207.088477633184,7.568339226876904,357.88571035715836,512.6861290462452,17.111221102625898,68.22260312987272,3.432220483929042,1
4.65085771558563,231.44769132890366,23219.09051062127,6.163056330326007,344.5280686845949,584.3237669104751,14.321313164767025,81.74768710934256,3.9171665268291536,0
7.148379823957007,221.1671799747843,20199.479596213314,9.143621839506208,305.1277463502357,485.82154037830577,16.626808797475043,76.41189183143848,4.078728173343074,1
10.021195173681498,231.66560725840944,25534.993645108952,6.186599584499377,285.82602689858464,538.9791014619263,19.122603455696677,59.88071269199529,4.525186581875805,0
7.737027571963576,216.41623469900514,16680.227302224273,9.328615606152507,322.5982726188369,560.3329072164058,13.623172019293104,,3.3566402623307097,1
6.644727798687917,203.29844926911002,15473.475119070521,5.462168276444517,,544.5540439477741,16.727972492214338,58.899254091750414,3.9396270240482085,1
3.640059259681199,232.56867232126388,45272.343249765196,6.657207910569542,299.19713671146883,497.3977692211824,17.225869993794127,53.80893195768547,3.4194667100615925,0
7.701487925962888,226.64868084824928,16912.93701218699,9.331993341732716,306.36488149116394,322.5974673141634,11.585509751902599,37.02984451477785,2.5953905701681323,1
6.601366102844567,208.7735375925263,22742.126097890956,7.385715275154515,284.51240711185994,425.52436204826074,20.30905588004368,68.68976396115676,4.84146768756794,1
7.935275153983455,238.2182645512987,23973.824411233454,10.7089161880529,318.5891063911701,450.44312041998074,13.798463670160162,38.18496721221905,3.4955824739573558,1
4.824146886271516,119.22356682163826,24284.31032846113,6.694758090203933,347.79647021566643,418.13538163795545,13.850591609080306,49.912646302841864,2.874847933127394,0
7.693004525760476,186.8437615707792,34592.48085904335,7.5261277076778645,421.36800310158395,423.121038605816,21.99088229707844,48.55175111854389,4.519595353534023,0
10.062043177845513,186.33949368005807,18517.288365513632,10.130135849837131,342.8161546307454,552.8320275459827,13.559742741928378,61.21869308744678,4.487646596411399,0
8.741661431723132,234.32326666914366,17882.77888137781,4.728001317547216,331.57772644318743,365.0479999579802,16.425703070118697,79.62104674619091,4.315661774583107,1
7.498581768620725,248.09889539968032,21735.707025226333,4.53235494757317,369.52557548778447,490.76343091962553,8.093171608331017,95.27639634952985,4.215613550756346,0
7.0620996006605985,148.68909872008237,26142.562460217312,5.863097080009135,362.6233238457721,451.7684832902418,12.05017430885617,51.375009500032235,3.872645263933818,1
,242.82740002951118,24319.250869547708,8.405128849367856,309.88484228521935,356.911382949543,16.68458890920552,58.434846862251135,4.912955104423366,0
6.933320113178811,157.85945337973575,16845.737052430846,4.576435130335536,,339.21059894111085,8.875202555948114,31.502255662696733,3.947757301045405,0
4.949842937181133,158.85401842104895,22264.681084271902,8.063337509367992,332.79052921503035,288.73374206280266,12.189930150454853,75.786020128752,4.359147022177422,0
,188.6920003934297,32636.48389022606,7.952196577292452,343.58593826272994,465.43462401986085,17.27962592771907,50.33478746792271,3.822569067760346,0
4.597371532035575,185.93100706683796,16596.53666962711,10.302736568459093,356.6258315136459,421.08981907719607,13.48699816935542,83.5146903570398,3.90018011000079,0
,145.12807149731478,24200.845794154564,8.771866182309548,348.11911601917626,359.4771836578766,17.132133277135313,62.257479748174475,4.409183957925473,0
6.2,217.78098532790546,18947.180732877656,7.695199375246486,,274.6107059455667,14.548302146429325,71.20692485250493,4.011623776409777,1
7.663322946707519,218.7523397735052,30932.96874073136,9.267430037541677,309.3777782000193,461.1630408693904,11.046652338211143,64.78706209738405,6.046618099577049,0
6.755387488063728,231.07796851378475,15970.415073134413,7.971468226961489,366.232025102502,412.16283467709445,14.676044093917987,52.485552228264005,3.014210144240102,1
8.0369500966883,182.13931965030824,20888.90902435155,6.39308931368902,340.61313363893817,368.53356747446503,10.40638234463145,54.865482899213234,3.2556366602786384,1
4.765961834032874,195.09772867740645,16367.572536278927,5.311522872262799,374.4847402775343,348.30557408821306,18.104680084917245,90.09374668631045,4.750952964458883,0
7.507152612774387,195.39894627470306,34606.43102984208,6.220402346164932,,406.9231267954001,9.181687280583755,80.12494758521635,4.586317862223543,0
7.548215286658177,251.9350500243125,9984.29507054298,7.056683278215554,319.2928042552608,464.1757160477321,10.320514227255902,50.38593765938394,3.2703952808728163,1
4.426536770779915,103.15334665136713,24892.393057257566,7.396529080452374,364.10784237943693,399.53737485875496,19.715210627854816,48.06231473415794,4.777423496007919,0
7.3292177910460214,164.9165309182585,21129.02816355474,3.746390955022921,,330.16707275444475,12.506942586374628,72.38318214093017,3.766475826926504,1
7.876241216287484,196.58229372785016,8704.7252613154,6.773094670820089,299.8398158837339,421.50350363313254,16.305464377153374,52.99046877956628,4.612001127327836,1
7.463127738221834,160.68473927127997,22631.33564827675,7.165159195888123,389.5083486575503,510.6802353540114,13.436253170569248,50.592752278555096,2.1243888128856288,0
5.971503118970372,187.90126024578024,5122.595844897962,7.985109162910148,364.12588812949025,429.4536213725322,20.459054827238653,38.823285027430984,4.391301162941205,0
7.498806476258864,192.25211485343,12305.91128011365,9.690345394360033,330.7279465134634,431.7286222173785,7.788859832849446,73.14371527877165,4.03161564591639,1
,174.76212702072777,20650.681800872,7.413332586003526,,399.8859482923235,12.158206988616396,114.2754005553679,4.8939026380718005,0
7.515065901600224,198.52102766877792,27730.12795338038,5.682890655528605,348.87501913056644,354.31516410637994,21.836678486014527,54.6614346962069,4.191762620175987,0
9.247987496688868,217.06611123823205,40780.777678623446,4.247434573909674,361.14408827470885,351.62988875861976,11.748186100904883,89.62078333730923,4.083300374538721,0
5.464271238792135,188.62683395848003,29594.946964060324,8.205477313817564,267.80529193760765,291.9221914064452,8.821179619983596,60.34487747109854,3.321051942718592,0
8.026762134964818,181.4898932524286,5369.16015298363,5.7468419720256865,349.35319019244525,521.6430475800819,12.04773726289118,53.369739798442694,3.1647787581247897,1
7.006672346463918,190.9463342420876,34899.054201894316,8.489602423914928,360.81576467992033,463.56629742466623,15.250861466417353,50.92648458744114,3.751601166361604,0
,196.1553441953601,18274.181331299496,9.327923840416858,236.40862796133428,432.86493661163405,16.89863060631193,58.64443533867235,3.8067670839199117,1
5.035934399579071,139.14348630049753,12713.50655059158,4.680361869752905,,450.083087555613,19.418961636836062,69.87084534851857,3.4115288644974413,0
8.24562432597061,211.58512390092608,30767.435916163657,7.995150242839161,,453.6339752149712,9.526824759030712,62.51569162940901,3.697588007340898,1
6.114150038785606,181.56205955120046,22995.186291296934,9.162343408336163,357.8483622105522,366.8486597474023,17.867759794200087,63.88137595533291,4.969580818517003,0
6.402001976785205,237.90450396128358,35797.09120212421,8.730082133942846,,399.9188037931011,19.170399442073453,83.29224454353505,5.396417620264645,0
5.520869380694435,215.8456593486374,15766.53127120073,3.80772048968148,,387.8839388674846,17.936820692585464,83.5074033307975,5.764806159899065,0
4.590544568193179,234.89518469882665,33369.614975244476,5.771229769225947,290.74787360443617,629.1230605635003,12.229062388655159,59.34957447433041,3.3975047782131993,0
4.21431708505996,163.13797518677953,31166.519713703165,5.097314800914331,,508.63232494965166,17.782459132798454,44.73278401604215,3.551849408629468,0
2.4544785801559463,184.18137950493366,26809.874660273294,7.947086953132341,379.0180421595176,439.7648886138917,15.424918833233644,48.90877833739515,3.482759110550696,0
,155.52311576265123,18680.463372429953,7.773056065107086,,536.5715294304784,16.736311923441672,64.23041328576751,3.521937684415814,1
4.892941719343431,173.19920922622518,21077.32506120824,2.857330832853812,382.1754417362986,526.36681015628,12.615940379277774,,3.254227288124481,0
7.8017867690756475,237.59426846633266,24005.09765603189,6.6446860383020105,303.77914774385243,314.6536359487477,9.82940036795375,48.5990371489798,3.73997925821719,1
8.092238403676506,245.3384400136501,14830.196031561867,8.38513733193895,367.0788278966901,408.19345488914337,15.727739306037389,64.77929416470334,3.2679445367391304,0
,158.6264146009333,41066.103293981476,7.353802066134113,271.5890085889886,424.8809887378663,14.902859689095552,69.29703400595996,3.6818293551612156,0
4.300566592118721,181.3226647123614,30202.69391837829,7.351101732809781,297.8029666694138,475.61145827775096,20.055973803616055,49.84335980448124,4.863305897275963,0
10.302707285342539,193.89316239041207,27435.853184416763,6.543309974984437,339.0154567634244,408.1013861803714,13.297929125366325,,3.509840038778386,0
5.690657505288318,215.6664256155418,20277.927392078615,5.446873313102008,,418.2386859008996,13.134338311096638,69.22335729159629,5.015118186799058,0
7.509987417413188,138.5022423296494,24559.78048110479,7.093051798253035,403.3111153429368,388.92301475485976,12.654764758666818,58.630380045346065,5.282347673033288,0
8.12040257835094,143.6612973177144,25764.814064715312,7.202307652951497,,510.9539611368767,21.738969643748767,,4.362332017259797,0
6.928868507378235,212.50870013340204,35966.19728118672,8.09210214212607,,309.57809222757317,10.442029319155237,,4.246412748870727,1
,132.27663108260032,27998.81900496894,8.22046988038683,295.8300364577789,391.669734457359,12.850597514836474,63.18373259755872,5.1647612241308885,0
,181.70036533803116,31176.232740483374,7.2556610422779215,305.3231778759943,277.23097965279493,19.638933813557518,73.77816014032129,2.9629287489701897,0
6.460986608190969,201.73282050158588,16766.52050437663,8.849955216044034,,343.005132993621,11.490143749434747,59.777200903632135,3.6455414144380924,0
3.8253681879150556,210.07541041079958,10267.328827873458,6.527619024345482,,451.82793928284974,16.873183377676888,61.09359970898627,4.281004065991962,0
6.716948215677516,191.73747465660793,22328.39093684067,4.838441179590021,379.8588186050058,453.36126662882026,12.673056844159644,58.06558151383035,3.282047827986416,1
11.548003931929614,184.36660394333626,25000.668087098227,7.873744797680765,323.9059966907524,400.894111283115,16.018782895206638,37.13306091816478,4.309748917408755,0
8.378872701101661,224.18638128467217,14143.515687883844,7.319679695935022,333.73174454869195,517.0179998079325,18.533031298304714,69.88656069092987,3.5251708476170944,1
7.305667366952336,205.78327497743342,15107.01978084914,7.905151794774184,,535.6066652937825,11.243979130404284,61.76469008916498,4.388378521880329,1
3.8697369983703602,175.11315313779698,7601.435295414765,5.122166869712974,312.8599315106691,420.60643130937814,19.416789603893626,68.63427989817814,5.334847646127855,0
4.909103584147342,197.64108330084565,21125.220547560442,9.94945782000545,,446.43497479665217,18.90932588606663,71.0254993452393,3.2709814526655387,0
7.729514007420914,209.00626084538874,19504.607457561044,8.242593813588554,305.86724130667704,389.6344090683493,8.074407913749535,70.50358155616101,4.0548258026814,1
4.922858375801141,252.93000524375046,19362.696613938253,6.6649649122213805,315.2738022300554,476.8525278932833,15.386615153101365,66.44356946726658,3.663587762451396,0
4.056345094226527,222.27004868679296,28871.607825915857,5.641984029375861,,329.7199132140085,13.220234246984878,102.38354549674635,4.0477643898788935,0
9.469928428537436,236.35892056088477,43034.67183711994,8.821902388482954,299.78120077681206,571.3034525978453,20.787365736856728,72.29979368056453,3.679173684156159,0
,176.31101666174217,5726.3890729161685,5.379203744339107,,518.3108092284406,12.870683919154438,66.80859385837985,3.233767656445219,0
5.996076673306027,179.1543823842104,45804.757788024806,10.69295642317147,345.58168426581625,329.32675060155884,7.162966787939639,78.08529346439036,3.7149321217148965,0
7.239092810376201,188.65599823645263,15069.737483173529,6.151136194959057,,362.44730717954485,9.034385462310537,56.03554465428783,4.581422678850085,1
6.727708731337626,191.6764599256044,15593.391001305976,9.838398239076867,299.5431619796744,460.23690013482195,15.80264975179028,50.550827696821614,4.683302316437817,1
7.15790768265933,163.2359788882849,26396.77736481643,6.828531419585109,,398.8693108223634,9.171253173232383,68.18944439936433,2.865648271877335,1
4.391196020995621,238.0492163137193,21985.78598836925,9.617579799936086,312.89695109379585,470.20364353670925,8.59502090222174,105.8412528478849,3.911302506630208,0
8.183915692792755,225.46226888226425,26683.093965405486,5.958907759214105,335.7289985181898,397.1607751610986,16.545097268895383,54.840859380910814,3.937393561946761,1
2.6498415524205603,186.34319836318042,27504.18248063951,7.149761478103786,379.2624771505022,549.4047900561006,9.447285278102516,73.84683635581229,5.350412795487261,0
,217.5122803525558,7971.752625659352,8.391503941669495,281.92827915189304,426.8712050102653,13.302393381191756,83.15240352131859,3.419828192091295,1
6.2,203.73338246282628,13772.813374698462,8.1660818759794,,621.7808545855066,13.006413442816664,62.981022182069836,2.97083260578786,1
,220.08234057264224,10759.094502574691,8.859203697179456,330.7975232999876,474.8961640067166,17.18493440819981,31.256086366997188,3.252802877571404,0
6.298905695993257,152.17229563600677,33670.279917150045,6.3497940586135275,350.8501459397051,317.1681294695508,22.850636605755827,76.93140709396198,4.812906869504469,0
6.995023991265169,191.6077506918044,16251.969291606252,7.253997229102701,302.63614626398805,594.7889239446383,13.962182313282426,42.082346471974944,3.237024300335763,1
,194.49053243189934,23693.622623156763,9.092453950076953,381.08755815102427,514.9732595535377,10.777331025899363,53.5107436754484,3.5545005730051598,1
5.662537359915726,216.91782507722334,24593.98909534138,6.005696307284056,328.5990641647423,456.91592810654316,7.9601376488680184,54.3771506662652,5.201315037425017,0
6.996066259468032,175.7244029211078,27501.529119539595,8.024614876567075,,478.447983260833,13.499828572336057,47.51008417023793,3.5585615546393625,1
7.3206129825548345,114.15227917768917,23616.059593711274,6.773726821151155,309.9736781191913,330.1250214189312,12.361057908924057,36.43342680411698,3.6842945482653935,0
7.650828971349425,160.81207928823193,5794.84140842194,7.445281088400517,322.68443013232735,280.40641028482986,15.411590281758729,98.6980534497844,4.340909136455001,0
6.2,194.39152127011116,38413.77553991719,7.253589341934829,351.1195791702504,422.8266236338904,9.640088309462541,77.55732231553381,3.3555223526498312,1
7.513858190082011,198.50179101905962,24901.06973155056,5.874512621759757,,537.6046434032528,20.509274379846936,94.98087980564824,4.609545869290781,0
6.299362743259874,251.795313234362,32235.369076257455,6.708104756446533,,458.17327453610335,12.342218682967054,53.93094664034591,4.469353932246519,0
4.806918523808903,215.57235789765147,21955.352962909707,7.348992958281196,304.3471532968775,564.3010569906588,17.167799378692752,54.04354475493537,4.1898217380981535,0
8.16508288583276,199.082346186716,35354.89378361943,6.957696082034836,301.95621817950604,532.954639281929,14.224687630553204,72.254876044905,3.542997971495465,0
6.923776142900908,195.3343269938907,34962.504132967944,9.604922800674897,314.71980470119917,427.8651835082646,24.225065715203424,54.27492392115768,4.6830881028889495,0
,232.7276332733829,16240.28692602137,8.71572977976985,352.85541448345356,521.8475592432399,17.011783695996787,73.21633859645007,3.741133093172994,1
7.641322607065211,176.9853661240203,16589.898999605797,7.578169187619725,,549.2257071770621,10.120843833259057,61.1148722079521,5.340320028628051,1
8.587879297185836,191.7846633833343,18109.593863961945,5.9142290313031864,,419.7212967365035,15.605891006716474,,3.8017107932102956,0
8.40114354399724,160.5634078474499,39353.58165857523,5.818043514801234,333.7392706074933,408.9269347079784,16.344910706008644,57.233269210694566,4.144353293694849,0
4.198652068810481,243.0820090020755,24630.302161088282,10.238621435743049,,437.54839937652594,15.394899357426326,62.61308019726311,4.269445561078102,0
7.099590741654784,209.3132150273531,23619.990109464,5.524381011005933,326.8261408178475,231.3178475197945,14.372753841278719,66.20606869930438,2.6286079132413844,1
6.8825792300209105,173.12248356147018,14724.482967315986,7.299898196677828,,448.8588976473281,10.099224123444225,60.728648078120884,4.489164996258688,1
4.1749778058305544,192.63443016052767,24672.57988248439,7.690298968670914,324.8606309130689,484.41138903325293,13.648597013072328,45.34509064004442,4.84759084162498,0
5.464472634392997,213.1675101094866,25140.321614725945,6.628108630656376,,437.8764961863725,18.424546431157204,83.72265123221483,5.758750024928198,0
7.9292933894500495,188.15134777143714,18513.26696956638,5.536518051967772,290.7835285366373,454.049693165199,11.553706699174914,74.47582973492841,3.7380566963260176,1
6.759771951837141,178.81591654565543,16594.73323851518,5.879863310369751,310.3098811238339,422.68710885156014,12.01588710093655,69.5375588209431,3.4653787493477908,1
4.893095724247731,174.8743957311155,24858.499633940697,6.256522096359635,339.39278455164646,264.84063129169203,11.043403563587239,90.20517148111696,3.4928826476011445,0
7.976744625651512,207.55184648503268,1148.4225466707467,5.999001266825509,286.88358307263786,560.5376566809919,21.745909144671913,72.14964771122766,2.438163450541793,1
8.334978374354591,184.62001421396846,300.0,9.21779822122587,304.3734814833855,396.47942912994114,8.093131598561733,67.77649138621683,4.164688512785178,0
7.567488384377044,181.47137052630566,22437.689217197654,7.105580930313247,,376.284173695562,14.574318814167656,68.87662893336584,2.8582455647449994,0
7.540380605721465,152.44356825867715,20362.63261106082,6.292394260186773,267.4479581085553,535.9250084989077,13.05810634846787,59.21823328739657,4.24579615317322,1
8.98844958819209,198.9543749677439,11242.508519206684,7.288993709310184,,505.27899785166613,17.954473022318684,80.32150072051742,5.37922563530697,0
7.6533249530807455,190.43774886374624,39650.18917104893,8.175370330365965,285.5147922573669,448.2637211628428,13.067280866800978,69.53269969122917,4.157272028987825,0
7.326170986350892,185.81776932967938,18223.473284880467,6.575500864429024,302.6822365699991,488.36507362644727,10.717563588583404,52.84238283181408,2.813371126738113,1
7.254770659841629,202.93955528937883,28398.617351798297,8.545130446377946,325.6136786938101,332.876942476209,11.810788725855756,71.64341473285097,4.288131037873826,1
7.296434205559401,221.00927444401106,39267.788421351404,5.111588096516638,292.914348523169,419.6637345792205,15.752716905131077,99.24849819993459,3.8652740996901342,0
7.024023013565792,219.4815040268414,19538.432852754482,8.970659738743935,,530.8185560441457,8.736449599816172,84.4944350563559,4.8818650648459405,1
7.9028608865506715,214.5847676796022,10716.767651800794,7.105855303159891,389.7376356585779,371.4869410142823,12.627920827780331,78.03715136453484,2.9161775536644265,1
9.179486582653924,188.48194783288477,32293.414158328083,7.044140484232269,368.6454748346531,345.5346689565049,10.82756287511145,46.858558870313416,4.164392150783001,0
7.792481945496593,177.74575474753314,21934.55934528056,6.025037367345533,376.2189830736439,432.55119938920456,18.819321586029545,84.30820170652767,4.20734898519562,0
6.52695316088668,162.0551754004918,17693.307889143336,5.179996793788806,276.6789428882071,434.44620649670173,18.468151326785716,84.93405120626223,4.509434380222311,1
7.029391830531666,176.88515090857712,14623.858102264863,4.486658341411682,323.7368596966879,478.5238256670735,17.381683714115333,67.53571932024806,3.4979364567400886,0
9.712860764468303,197.04648812999315,17952.980487881752,5.914812863059338,353.1512321884321,314.84528307103676,15.169049116913737,50.215145108743954,5.1297746873867975,0
7.118843677990301,170.53118659763334,42655.098111047315,8.048523688551716,369.8673038443418,220.21035695162905,15.69055425762049,,4.6680287695694425,0
6.321752850655949,199.56027987696388,17624.124828060376,5.601180092758634,,500.63553973706064,10.222486578467318,110.52544640727174,4.786544793077723,0
6.2,164.63647529669967,4862.4200980436035,4.673451866555592,,338.69505656505623,14.074514639842077,64.34946180867277,3.766535587085637,1
5.308135808322466,141.75336685166897,1821.8441333323935,5.683676808876298,370.9146290200988,376.91277881656,10.37887336677489,65.92463707624191,3.5419918184937362,0
7.5923968884825825,223.35846137645177,11023.575153602502,6.511963358343182,442.83085703432954,249.79457305812033,15.719862754207876,47.93512916101557,2.3887669893031624,1
8.235748372186281,180.7917598124637,33986.57233061124,6.574108068193483,337.78719597854206,508.851344707665,14.673030016793323,77.1492759863268,3.4960033303377243,0
9.250396029500692,168.86159280893398,38454.77957936999,6.916349204976433,321.83298065679907,454.5073285050605,16.89807183753899,61.39559628488059,4.023481891736455,0
7.604491596208347,160.4124290513143,23948.541777070983,8.751518026761968,341.1426172115426,451.2637191593166,10.461163444565198,49.2227861857351,2.9668690442840973,1
7.495773629808473,210.31788356863018,17768.616920324355,9.093822012184553,295.9168159145664,450.7191708025145,12.510307709199049,82.00376275994904,3.8658473177150516,1
6.803883937276483,241.63446370729613,39962.549028081965,10.28863075851513,336.6000387307872,259.738897954256,17.075325348294445,64.16292870789091,4.799964206324966,0
7.443564426124988,183.13886997289785,25957.55767648646,4.552646439616262,262.30831917761225,346.59858813664124,13.69131764224289,,4.0107691096614255,1
9.385039685181694,189.30796497360106,34064.306040368625,5.767703405868591,311.8779118860929,389.7004494759474,13.829734940601059,50.02101399303382,4.546441432101903,0
6.919210927596966,231.65668753235047,5731.754243853666,8.223606548154411,329.02517728248455,365.70158409218413,10.996610191763871,83.81897223225748,2.722550683860648,1
3.1569714392540065,136.83633632661153,35614.43693373042,6.402630679470461,373.114901041316,404.2618667885866,17.708824247019994,47.479490314001104,3.4589680552075746,0
7.716987547157578,261.1099783518267,17802.770218733727,8.480042622361786,379.7991485375954,446.09293597644665,14.260019536520145,50.579297291665426,3.7706083108748647,1
,276.8108999465376,24702.87370350865,7.4472392195814265,293.9062535193052,507.52021595341944,20.072770345947504,101.21937951707145,4.687596906696189,0
,107.36149528207929,4475.191576829198,9.615142651858143,419.74778416609274,306.5995146151114,14.78966404167519,68.83319239801597,3.2936972147473584,0
7.117198148736731,193.1921437686387,16171.412511285504,8.767491460013645,339.9426620073954,425.48610074668306,14.884742404047422,89.88915454116284,4.28531137422628,1
5.518710692426041,172.74664265149136,24464.86989425013,8.79640626996319,343.73786159367387,483.6927292570412,16.18382367314122,70.3700607425325,3.5576237778927378,0
11.42933597216556,187.68900873723427,30104.941337984463,6.469242858263961,266.8274897214833,351.53407986627695,14.372510543830558,55.55908662708218,4.254064853988645,0
6.774233997891354,182.6351312096361,22914.934462620622,6.966011863370131,308.12962404902964,410.61911187955536,14.65792791861021,72.76748747909659,3.1242477644660402,0
6.799278236213072,223.1068743399709,26190.940078292442,6.637699537043577,,463.8974109313778,14.674259347425966,60.97627402062492,4.399074087622549,1
6.925438255176113,192.6964500607531,24209.339377166358,4.740690413033147,,427.10567584594486,12.661858495718796,72.47727692271714,3.481656621277247,1
6.125311533951577,166.43115265282142,22482.05687197366,9.445395423682942,338.263529666869,480.6751790537379,15.693475130354146,43.63474024419486,3.3010007513556925,0
6.94932801552366,190.73510819339043,15040.878629325938,8.297711947972275,343.2049278618249,433.85161028160735,21.061425011688527,56.19169672537762,5.439303315147621,0
8.6048605831186,213.33640139606328,23995.765050618087,6.574857143952118,,401.001506795129,16.263642771892425,96.58317277486051,4.035004706061774,1
3.0946538968009243,157.45556831652223,14683.481938915753,9.181256161786758,329.80040588917836,331.4450518069989,18.303467320359424,48.86387495387732,5.281326079052343,0
6.2,142.23891163288766,30289.87026658871,6.124019118139494,392.10487670932156,446.171219358224,12.35290942829641,57.21285688469303,4.447083001201792,1
7.509847435092976,261.96123814748205,16923.390234994036,4.215747539840665,,434.2778004213835,12.088419715445891,56.9694711649837,4.304096386492136,1
6.2,175.26416223759244,28845.565847105034,8.711644209571912,328.6167430964142,345.9791721533075,17.28046312059133,51.92483161342614,4.32943418996393,1
5.456250941844662,191.8810867303477,41662.410890277664,5.099874831676724,,473.2301106474973,17.98814551816763,91.73760684202738,6.066258499090798,0
8.768155941946269,183.31253114833868,42006.29051386135,6.810674764314106,281.6733218197885,528.6482193122736,13.511899968121256,41.08734814387846,4.502986968508289,0
7.07207199640746,214.43208546430247,12190.556943841848,7.445674404438341,293.57171667495084,372.86448010850796,9.889797730868327,47.47414259661421,3.823779300161939,1
6.837788210688985,254.72478846969534,11933.855751640143,7.729035244687244,,367.4073227423409,8.161390129722108,57.21754734208875,3.68856347092232,1
5.7050038256277285,215.47982339289345,24174.85225316202,8.460473668801999,357.7280870979729,364.45679660075746,11.95638697922902,49.217493447795825,4.668049702820126,0
5.325137190679484,146.4457866459343,26874.474248382805,8.037745253502669,321.8400640369642,290.56414658326946,16.46337404334615,34.28146453050437,3.988286010027254,0
9.38809870937736,150.86233925141937,14881.84845814832,7.9888301919680025,331.50981136614075,588.1621202995077,19.453108598911683,54.19178788963644,3.8221238763983156,0
9.446483361808475,183.27405889174446,30304.461074424813,5.870612184350744,300.40547191653457,389.93006125432584,21.13191539486485,61.59623912829346,4.861128187278154,0
7.88228189710617,187.57512773535552,40916.6671303349,7.584904820482898,345.25093371482825,356.8369024649296,6.515769837570042,86.31782248541668,5.277680568837008,0
6.035277065326532,139.74780323191686,9672.307590525414,4.741231047320833,341.9718816772949,335.1565762032611,23.662359024076956,65.68163716112021,4.788655471972762,0
6.445004976278986,223.3563162737391,28606.891347172743,9.58817756355547,334.62322698831537,394.8522287153663,16.559454318866898,62.43790516809023,3.4061582508185446,0
5.372115073007579,160.66005364569935,29320.711305127883,4.903947578367207,285.78609269026066,370.027083173604,18.281256274573273,74.65841972669367,4.452880418817126,0
6.2,245.52962139393736,24769.226000488372,6.572625054764975,344.7609029982529,542.3963134902527,10.583332682909528,,3.926873822940696,1
5.009931073845575,256.2988124480682,29212.261891447946,5.036178702337682,311.8782266977279,325.3019844620445,9.010195617115532,61.88206628645684,3.4653720005636117,0
4.915608672213979,188.23245877640136,39806.767844560454,5.9663372683322695,292.9805414157476,301.8864341119023,14.27082957132371,110.95041523828321,3.844175122818561,0
5.725696627108106,210.84219986975828,43542.173015625944,7.141216896382641,386.24313914964677,470.7841538488228,17.97996770914023,59.33474111989413,5.510792650232889,0
4.934030117698985,155.86893639342978,21981.90506020971,6.284562204344717,423.6264642143797,417.53771509820785,10.988382844485377,76.61584266020024,3.1003562261904927,0
3.9289602747680172,216.91895114116286,30595.1498854854,8.927909087870082,,408.1860572286474,4.990910205113597,83.71503947371711,5.963392106120296,0
7.316865072532421,180.00946926900923,25000.220204397563,7.478503605221219,,471.4186087014007,16.27426873306137,58.84091912700079,4.5871041980344645,0
7.345731603697531,160.62995791974316,18194.904717072888,6.388602627818823,,437.2463002933983,14.925760678930141,,3.7238041489903706,0
,186.88087888647684,26772.73449036964,6.908940550641007,330.8872788801687,422.41713898168894,20.144679807568934,60.88545822968749,4.177983703227433,0
5.630157100126065,181.07689052346356,30579.245520752356,9.047126722148379,350.59193370733817,312.62379496456987,14.540285334403846,,3.537780244290361,0
7.462591120284214,185.7022556411765,26260.822511461363,8.556015995589457,316.40174304810677,291.4179119065162,14.796484224211266,71.23589608615266,3.6551230860102124,0
7.494153900622123,227.64446880265822,15828.778509881884,5.3207419874556505,388.39873648906723,369.60538679172373,17.54187126972891,67.08713256582843,4.18230142449751,0
6.417708633861488,170.5633802022844,19796.173921371064,6.044570291659424,,338.5833127753665,18.717321524587685,49.624306828726596,3.840417179171529,0
7.43010706511231,253.48225669256053,8966.814831138388,7.870167913521307,321.5569620649203,447.9518285206735,14.223001587366316,43.87127402008271,3.253550332648787,1
8.314233818624384,152.80553808004586,19868.879508340753,7.6783192059227225,366.96435977158706,280.86383521465115,12.619380485691948,101.55555051195802,3.326977512574302,0
8.372935455016357,249.5476559875758,16196.782428158309,5.4603971645899545,298.8103906026154,390.0694644908331,18.40574565851957,,3.9318010851827916,0
,162.95680053926978,23509.359398932706,8.303620011104465,323.8578359052377,412.2155514467925,16.822413941949044,58.94802393141943,4.472861745499642,1
7.522081080875326,196.36666464954536,27178.626025253852,5.712418858505495,358.3768374324686,422.9958534138451,13.273931605746345,42.175437536288925,3.00257743872626,0
6.414284560409189,180.27254786657315,28172.064914784238,9.18004630269302,396.6563410313648,458.43631242693084,15.157825613043027,62.26964305192452,3.0389575376696576,0
,185.0913267064046,33505.417208428364,7.956529666874402,280.2309551183175,399.8155523659306,17.44769409982575,42.50638829936919,3.030254276884876,0
,222.76465307609755,20209.192356049283,5.331559367979761,277.1617162069488,372.2666460799966,11.184496326273315,68.52190525676028,2.7552370381007414,1
7.754489025357461,245.74430162882788,27002.96910058411,6.284058811687809,,526.7539961563431,18.363028808842216,49.00937168653583,3.4221982972526037,1
4.301267592285588,235.56826279304062,16052.587692474004,6.256592229044774,270.1460157889622,400.3413587654966,18.057977203573,82.6077994959728,5.540625910781551,0
8.183204448152033,183.0802266659532,19083.892245315772,7.372605219657683,273.09193194596514,540.8657336983874,13.178872327401308,59.64447783146417,3.7264421691499745,1
5.368756220626386,202.46199681710982,18713.952480826465,6.797716501140265,293.5318264154394,399.9297182448966,16.214102172416535,69.12533751744405,4.46478040319763,0
8.222889526453532,170.6696379563109,19892.34262406869,5.310127516856783,384.8666328973841,424.88541120780036,12.76496431312525,82.39431488119553,4.055291674308738,1
5.718185704586793,163.77799471629254,38968.40979334676,4.91707054896833,320.88001973195344,414.98921432186035,11.318056355383803,69.57013773279867,4.62647849455562,0
4.764453651384075,158.6867002015268,22637.289291307257,7.987456868348621,335.09892939488356,444.8824635774919,8.554108517676621,55.01128371116353,4.1295718223570494,0
7.40844863726906,182.00383820022216,23064.854950474342,7.5722542460113775,,392.27626585240705,10.63517939162328,41.416798452854934,4.177393534751429,1
7.183161859775524,204.6120252603916,14861.45314958155,7.28674934038395,360.0284349076737,433.96770587865655,18.758929989043338,90.00917518208082,4.71784100224232,1
,133.50128124417552,24486.244777890523,7.547756337157528,411.4566307522768,549.8897733489266,14.442154041214417,64.07229943626172,4.55033981388839,0
8.106272767044974,194.8749631850928,14556.555847568452,6.142107746910445,297.05212280076796,510.9472246097446,12.664162253744937,52.226658191920485,3.8005388739731707,1
9.17359295107532,246.27722659767937,22536.514646741332,7.410707925284727,405.204582562494,511.5036581644583,18.499497005484173,83.03956653054276,5.119469050089116,0
5.174681378574615,233.31087417253872,34963.79277785561,11.130838792675142,,317.772009796338,16.6739410448921,87.66031301178175,4.466646504406061,0
8.36131618144487,177.1474438822727,22821.006078903934,8.975816050780486,334.49814887055265,330.8463087105501,9.237234724044036,64.91310946729175,3.2833091976107434,1
7.4385387279148105,150.44288128459635,35332.18246679278,6.664314647483457,350.365126658265,443.79427455876476,15.94711552583013,84.05844326305004,5.5142805225469775,0
7.9661694660704505,211.5284170826928,19294.985336085538,6.293072639580041,349.96779705723446,488.4756243768396,20.227239139608336,80.5478659025996,3.6557261245147092,1
,120.15661056817325,16648.802578870036,2.6005057519633246,410.6841229492183,384.25384736273077,14.241643272171807,84.97293310864777,3.5423915884634822,1
4.935188834893551,232.9240704125401,34775.47695559406,8.808536761715823,,369.83514300849873,15.075407052367309,42.80272993032308,4.088392405826953,0
,189.3729726356414,24452.392307896705,8.362836458964205,,538.8225146159755,16.181856452150903,66.29880434343139,4.629075674845671,0
,256.6497805469965,18920.511302116327,6.260751808543142,316.34990745355066,481.6188346736941,15.416608306752412,68.81240020239606,4.087956751190137,1
7.466451623889829,139.5828355245343,30661.91655486831,4.857901861054138,368.53779344962635,511.6853238029441,17.976524640438097,51.92966999226291,3.056450651555037,1
6.2,226.6070108093377,16398.871152820753,5.294677439760234,294.1865352920084,390.5308352785954,14.881941489117878,,3.635970681269204,1
5.588373799562227,193.0932592688129,15911.858213854484,7.822148622717489,,384.1823365448798,11.620680880661284,73.85699146518323,4.718411162921216,0
8.04360173235224,185.50843751456856,42489.52423871292,6.978841640813227,453.1679392093263,502.8703608567831,17.830706367078484,56.8618598631583,3.3277616237530716,0
7.487939674926958,151.33214999452045,16195.862707025892,8.212715387819504,230.12653732664356,404.9717504913234,15.92717913542892,53.66405993096243,4.804730312041262,1
,216.00010613081548,32334.935281077414,7.25658015862173,343.4522856482877,376.84275202512333,18.06207260447752,40.96492949715932,4.156329820343115,0
8.78655411470516,218.64491995915864,7547.890427362536,8.647478954744045,345.04518892438637,352.41372794007464,13.257542709751359,89.39421988023459,3.866903885107537,1
7.6107540393765705,255.13070468467777,19203.529432900195,7.70392872181975,,384.8873527171218,15.227823633562146,,3.065593682757685,1
8.82215478604263,229.56485364811348,19861.739676772297,8.429496700653877,325.33290259180836,496.90675095786105,13.856570720798523,47.3699546044641,2.5547918901246005,0
6.433130530041822,176.8608436773563,37726.2790459719,3.818300210743339,337.58436460888544,304.21907957638143,16.629526707280732,95.29612602168189,4.009606565084196,0
5.6657529517698215,163.37292099898377,19111.715305038597,5.169733998614014,323.3670643957684,477.02743944218923,9.092076874704981,49.006864240963296,3.8827500663325223,0
4.518720001544191,151.3766318371135,37601.682330292235,6.544324361577549,,368.9759242933112,15.730167705899666,70.31804401243872,3.831893809768251,0
8.210857418638065,244.86908097153858,24098.184578682743,8.825718680142383,313.6129167791804,409.2077281012149,13.000942337785782,66.69259748351108,3.529139998922235,1
7.281698605692668,170.7980660472582,25353.386809766078,10.09123696718703,417.52706269612906,414.3833570861176,13.041390751060915,46.865520203697336,2.2985608696017534,1
7.0972828067316485,245.09956268915602,20257.52321141373,6.860507463828733,323.36663102748963,408.36381437170525,13.447178593948445,45.233013494817044,3.7117409458337165,1
7.3810885695611645,213.674870144362,38243.703599152665,6.153703499056675,357.38191227566324,403.0000875028301,14.634061586704165,66.81103808581769,3.773613181821512,0
7.4245154008583025,207.2538048044413,26190.83501156618,4.031149700072671,,390.29604054563123,11.94923607646607,62.382687248739146,4.820992884611171,1
8.600914964229743,186.3040325167662,15445.91366902997,8.4844307472356,,380.0288459455346,19.50731517404668,66.85495514302092,4.555178115342299,0
,218.13613883777407,24618.612813161693,6.250698891192727,364.16556639634524,532.8377025948101,14.562695722474164,57.29120702584606,2.978708071197532,1
7.419310387420062,195.89101190266922,29726.70387869913,11.794168777585885,351.1573737924318,428.22398473845016,14.404750349852288,63.99838277073663,3.367043676630602,0
11.153780166187406,184.25288271067615,31630.811687632624,5.951741806345469,,416.0233779074242,18.14032579683331,83.0731566313577,5.700991743261344,0
9.616596159693795,219.29855748072578,49041.63739607015,10.44633465303985,302.65051412067027,374.1120600339514,13.730896210861246,70.11254220769419,4.602358989268,0
6.31569724703767,191.66331760662482,17148.13938247836,8.302420466068199,403.6075616098919,393.23813925264085,7.098647498987143,58.73873984875752,3.437479263070583,0
6.295747875766569,170.1347857794926,37809.161131441375,5.495342249072241,302.1921885007779,374.39336636440146,14.310622877164183,70.38311377684538,4.6701336982167785,0
7.792423767022171,216.13430091265542,24364.787171318763,7.486787186056867,360.3333498467977,488.0398090906917,15.788650392897033,47.526240382462916,4.965625023984142,0
5.3077635571911985,194.2948719298202,12407.040255984592,8.338781231949737,294.6906069304941,365.30919381314914,15.627931262909776,77.68624707276693,4.433749868535195,0
,212.48513938683178,27290.651607845837,6.764101535823799,,244.7033335708243,14.555351008123809,58.350267953825856,2.8035695337758666,1
9.115947782411725,181.46801066014729,23060.12188657427,8.444012682672632,305.38314939960827,430.9112894271628,15.680826768457173,57.787370174217656,3.265064610707696,0
7.58704099150281,156.61990907599656,24223.41523044722,8.409212311770883,,403.6252211323271,13.327410291720515,58.778016172361305,6.0216939515827566,0
,253.48393336671967,14140.543165404755,8.062214830938728,,378.86831208197,13.966953484892414,78.32441763779265,4.663553253190063,0
8.205211968764552,247.2835154141216,27165.64937908953,7.093972078484941,310.87257249823364,499.8537344917738,11.157796543968134,62.494166268763784,3.05955737047677,0
10.173376778401213,225.47652522551851,33299.187927236526,5.26359465889632,,205.3316160737122,8.111880170717964,63.46252214153584,4.297747825754313,0
7.22481516915626,183.64102845118643,26462.906213589118,6.998679106749131,336.67248543410426,553.5605204495671,14.727393488170378,,3.9327301237302477,0
6.68522329534437,186.51953868300072,19052.481150891173,7.398182168671032,288.4605382916088,511.4179630441573,12.491789211256597,52.7611709825576,4.125463161461714,0
,241.87857296999368,22789.515350133825,4.155839623760237,332.64299362872885,375.4532963338587,18.87942452649888,78.07222202945927,3.1053409861530836,0
8.738345790383157,184.75899176403212,24156.838110462213,7.387391799266323,286.45904173814864,389.77663084801344,7.46305709778599,85.83181326992084,4.16617752476179,0
6.290138303270928,175.5889064041739,26264.555461069962,6.967054001599974,360.44327491104053,466.9544656781853,16.118565797005022,89.57063182231231,3.4134351524984234,0
8.061739281161943,257.9965208284393,26390.11858834293,5.071330808159772,368.03378001331765,469.1222519791526,15.47485813969431,,3.3253809891121766,1
8.138086486863893,194.8314042749036,30489.84737275076,6.593849902707024,332.80858018405644,374.9823459082179,14.95485889360287,60.93443454189609,4.348855621214183,1
6.9098542524521385,254.58119330810553,34743.39224128029,6.6272827720018075,,295.56443828776776,22.525205427058815,106.9361443240869,3.822891469877895,0
,150.39290613829894,18312.147834036252,10.169549362919602,,596.9863718731219,18.900124849686474,84.4644174161854,4.8580144297279615,1
7.271223740283718,213.44828264361013,26783.42765716785,7.46778698696024,,503.4548232347925,14.46003748968873,58.45518789817561,4.4493273892034875,0
,264.53861751422664,10874.382028017752,8.756951497077067,,438.8737246861835,15.090381682612852,54.57150366732374,3.714862258833724,0
4.322460283215683,197.37879949927657,18857.94981610743,6.933851818904775,357.77868276782453,440.4026401385956,16.592213694900217,83.5561057642378,3.873141486718865,0
7.846959139278782,187.7142522043895,10210.593703469442,4.159211903400568,,476.4024159025189,16.152626244946045,49.63094900415535,4.041337897898378,1
3.9692792451770362,157.980961911012,25777.199983518047,8.182300121138166,325.08244492050017,486.0779135124368,16.865818100220046,85.67214715851856,4.817196907291211,0
7.0873888175636655,232.00908649091963,24146.03120579794,6.080064967251685,,257.6215724589722,12.498969517797677,75.0128105124244,2.914158681278098,1
5.213958958195338,171.0627860811214,34879.18260706408,6.589751794619101,304.7446589051528,397.84954406728156,13.670224322037738,55.899364058572154,3.3646924371228,0
5.06699695827845,193.28079839606937,36529.541194597245,5.456305426397557,323.44637354031727,389.4497395386905,11.570963264831445,77.83863724914939,3.5688422266870465,0
7.39466217363311,155.7848749948231,24963.872325259435,7.234973224995748,371.05550090526305,413.15607959303986,14.413907361095148,,3.7355538327926383,1
5.676734373452246,247.62183234320554,41059.51074508083,8.802981811363475,379.5746878366213,488.48015060585846,17.384522791426853,116.35635800402483,3.053598939046995,0
8.105950219971009,234.39572672287497,25440.836777003395,8.59372621138991,,281.56152004544924,8.421785144040577,71.30022778847119,3.4205660889517358,0
7.4813574203932465,195.360861750888,30489.967753667974,9.62617942230056,347.7250592899164,317.1892952464791,17.196824531064046,50.36599466641074,4.913126563358758,1
7.865932337049509,158.42850001919007,28469.032493187944,9.850175943567496,323.1305343585511,371.11500104792134,10.34507775185496,34.29933550864621,3.547914543774656,1
6.579034602982998,246.93134192008262,31451.43716727369,3.8875187161920066,236.18604519044177,438.6710862184981,18.01279912017643,85.38417944453582,4.229755595058134,0
7.209557105341497,184.36084618014885,33118.30719105196,5.234079513731972,349.0211651216792,493.43574955790217,18.941301200036897,79.92495397300662,3.8413071283640337,1
8.165316636617394,160.03876073710364,23838.97786228573,4.263057306244047,239.43566659498208,558.0109323005415,10.85354564212552,74.74227701195592,3.90636374259939,1
7.372777244627146,138.42631738965332,21101.674143570395,8.118450048415552,254.17259475401727,403.06258064934457,15.710798640389545,47.0021675831009,2.7451890765414566,1
7.599412676178064,175.14774716069482,9805.118150719774,6.024930781597339,,493.30285749769877,13.119141276651023,66.19451869243805,4.398665363203147,1
6.550050934093183,148.54240576876498,21656.675741598563,6.347095075686591,344.7534979277026,483.58112824387257,12.952296040248122,79.42478672471933,4.304945137172699,1
8.704234487707481,175.9091944783991,15632.476501900775,6.777776057554621,,469.9668674064665,9.321552666421306,81.67927949870332,2.454198741395596,1
7.273149749519358,220.89104733865483,10382.61542317179,7.724461687183387,397.3709895517903,424.2381000610734,13.728705165761344,96.61988303231877,4.663544288230037,0
4.573823520919703,184.04933460521482,28283.874945034087,4.773192744149799,352.9310086212662,393.9178193740073,15.110798039305022,112.5644337731863,3.4347579199306306,0
6.022879814450205,208.10231227154108,13984.991036121814,5.130995729038142,,340.11573408730885,13.260372450630701,73.72603365828563,4.638340438491405,0
8.015789557315196,172.60228970138957,23605.877640329876,7.122048006319149,,334.7672964173648,20.10808918232568,91.0521769886295,4.209432998357571,0
,198.54406228338323,20980.570094027295,9.014018579124059,398.5956925891534,454.2442113386388,15.731750275269889,56.11603541588834,2.8850764480602162,1
8.030409670535924,259.5976370466301,52983.46469428535,7.079872102863286,,421.8026611692213,15.97153747598608,55.93790120031236,2.9447877261807456,0
7.663358146248472,184.9348080329151,19881.592304167592,5.869177663916389,301.70433288603965,392.62700387051297,9.363761263193549,29.971585394843437,3.1196949186618723,1
,209.0477284976868,22802.135121950945,3.7258302850665346,311.0188041557003,479.9165370047821,8.915966324701014,48.9711704862877,4.236427010068269,1
5.523309726442975,144.89415421628837,27083.76524380908,8.625227424395241,273.90501728207585,410.000475299227,13.973917046857483,69.92795224494752,4.268376312405343,0
6.557654543383047,246.41149142751505,18818.685033230424,5.957227993963041,,352.4151243741535,16.46313875337907,73.10909662640152,3.2617771543879504,1
8.041276255301486,180.69990190771395,26045.141335128093,5.307049673112281,290.3282843241964,404.66695602236115,18.28985622779993,,4.01087821451614,1
,230.96255708192388,437.91980987459465,4.409786142195125,320.17630455526415,492.5068916544059,11.16498727793012,61.21228747721369,3.6318462530328715,1
6.2,192.347368269532,20829.95502610491,4.846220718395695,,343.5001292241858,16.00901674860018,53.20108410716857,3.7962616394390416,1
7.207158534121152,216.52096110918453,15993.774417786875,5.601281531682913,251.67446222103695,443.1095668570335,13.87533986525389,61.82101743172376,5.135203643258123,0
7.89756874886835,218.47630885524194,27917.428454067933,6.742618996813241,281.4811114832208,421.7215998529741,15.409926424853268,96.79074157018562,4.072358029228292,1
11.077810921616432,181.5147128300316,28073.9955566001,5.210188106478162,312.81649052981754,364.7265607773481,14.581450028662452,37.07214052503075,2.511685125222048,0
,232.32372173656495,19287.78572740113,7.413418699325267,,402.4971432872091,23.489290617868228,41.92781910745676,5.824424660763695,0
5.582944802329354,171.42939797462702,15072.930925003264,6.730612570929399,313.35292089084237,299.2080128906847,10.490190750571276,,3.6010594910577125,0
6.569851460211896,221.99403583890617,44179.82556720976,10.630747816911553,322.600557640604,435.0589276879125,18.890087633380098,77.23464952690621,2.7182602247621803,0
7.075136504300983,183.56224582192112,34334.714249534154,4.426979876099594,304.56385008040195,315.92957494149334,17.08836850481485,51.58398842297297,4.237660032780047,0
6.612780076687956,207.9004565099948,27482.597937459577,7.3751374998935635,,512.8529271516014,20.489341133442267,96.28702822866852,4.826423979559501,0
6.758476380866039,181.2004302225448,32590.339559193504,7.394927882684712,,418.76862821883753,12.834595784176711,67.88312349272411,3.9270171789106803,1
6.840426068714647,198.044209567847,20477.678742648357,5.491719301801425,324.9748230678854,379.99745654920264,17.301733783170327,50.40831652967304,3.8816315853662866,0
8.166148229831233,161.04257721434087,24623.72936869544,7.270498787966988,320.9498497107013,519.9731937069614,16.97386895665225,44.197363914517744,3.737668280881343,1
7.086758311405337,204.54462479626133,31294.181158077772,8.335959098922611,,342.82661338663877,12.625495677197964,60.27583950880385,3.962602279045577,1
7.297388813934782,197.85377977017038,20682.551970311197,7.272456542441375,,365.78722120850466,14.600849021425173,76.49895087689892,3.89103185017245,1
4.157451085820005,178.62894807101566,21247.499911764105,9.307451358015344,362.0234657935221,278.39686970784305,15.111770501283862,73.9250261035457,4.384859378307492,0
5.071002097336693,194.58957990575925,38853.577735019426,3.679253563409365,307.5709954098284,532.0081093900884,18.670096700171328,62.35788133366076,5.921776270330878,0
6.6162630495641555,200.80874726592424,27112.486607813393,5.7892712077717015,268.5620123177209,577.5275482847303,15.904190885222528,71.33950601654308,4.294805814420342,0
6.585990856957371,176.12185294757782,300.0,9.450588554624893,,290.9736065620816,17.74234610712209,,6.655114447001678,0
5.8242403777659995,192.1638428584939,47198.91589875895,8.561001606556884,349.75746090629906,360.28558679817337,20.0987681233673,82.52628268054323,5.19493599211639,0
6.5636741864547705,163.3173411445571,25939.092391236707,7.974008503800735,294.27697866139897,431.84093738585057,15.42381990837869,81.67488693686902,4.163805021218671,0
7.015928225286991,273.57461698181714,27462.005554480762,9.068480342300745,345.29698933878626,384.5319137297008,13.614652564219348,79.47867679156751,4.367806665973203,0
8.589885567396598,231.24500392084929,34523.60072763057,4.091838551651203,378.01498195730034,423.6697475036538,12.846658475128152,,3.848480505538865,0
6.711497703070504,205.38479607527805,28621.326859460074,8.377064847102057,405.3879081449108,416.69808630980714,16.67689142658868,89.01390965749438,4.332141262493459,0
7.658296090066681,234.96251531398326,31295.631868309694,8.801704856622688,344.1752654329301,459.130190302407,12.026410568688942,51.263037907272526,4.597324155097801,0
7.998847296585987,131.28259351710372,19520.038031489443,6.079253737442336,377.67036438628423,348.55398808852107,9.46406733830629,,3.6137164686583843,1
5.870959427275551,112.25233662526121,20174.627060033214,11.274194646268139,283.72247420617043,441.76689973973487,13.87568262501769,67.67621362018028,3.776472546897951,0
,183.2633240684281,23205.909502594262,7.430231363218051,,336.0169042289368,9.58801407256189,73.51822849224239,3.469696986680919,1
7.986981874837116,151.04523967549062,12516.944422319328,3.6554249128365055,319.9304763207884,392.9218803846489,11.713509334041879,63.4571769530301,2.9470243752111704,0
6.435150298359564,188.61567824564997,19477.640019762544,7.722409756735331,347.9823918605543,285.87049273719026,16.490230397887462,38.72739317855503,4.97228783171861,1
7.613887565463478,203.16610347557219,26862.211423995366,5.982621152616749,400.5034289270596,393.51250613071323,16.879186914466025,75.52212063311107,5.243086879052212,0
8.545052306041658,226.6816369954061,37800.339196608606,8.960692532808638,344.1454209231613,379.92280330103563,12.46745480297381,61.16289776234072,4.947459949620399,0
,158.95111491734548,18045.87569536038,7.985751572758251,,502.4412120244839,10.596434806667006,66.77361745957919,2.9154744197096214,0
,209.54784957466637,17283.772049212123,6.1752831258036185,281.49364279280735,421.41178615657617,11.212286019783985,97.34453025892117,4.265342415386293,0
,196.87342090470847,35799.68297360941,9.493874030855377,,436.0982612347884,13.101190736764956,47.22164198123748,4.993011765186926,0
7.008521137313363,207.8330562967985,14023.497723878476,8.60433306344731,,424.3858760974277,14.698495113562892,41.204474933415675,3.462241820289303,1
,179.29950282020658,19856.17055115963,5.8118864194622795,352.35056776476733,254.16800537200473,13.41894713386129,69.45757737473456,4.9051693090518285,0
7.74556441572728,241.90514610146374,15893.318291076705,6.879768772713861,319.56952051369177,264.8467421781292,12.686875059780034,51.34458735991669,4.638546746334242,1
6.2,192.994565466662,11714.929657466899,7.936728529407247,,400.450847222831,18.63275108279698,57.90819585739378,3.3046660546656272,1
8.9206669640579,254.770595153274,20299.680818573182,6.544464044819257,292.93985988635006,448.7076470444435,15.980084259437248,50.3370127745975,3.530125343067655,0
6.2,170.39621329385486,23198.63966405671,6.5916489419213375,,407.2228924282149,18.60221544831301,66.84225790263933,4.2766134347335125,1
5.661058318134691,220.83901948453772,20655.129407010703,7.178025544657885,285.1603763458353,356.3840348253772,14.534318489574014,81.09881380054541,4.954799237781467,0
5.706025220475956,194.43690698955862,23582.68068059045,5.436038237220925,318.9254583758508,406.7826999552512,16.396087778151966,57.000264425396736,4.132832672603185,0
7.244719656105688,185.61727449166347,9250.43808893063,3.5922307650483907,307.1842236455006,399.7714888492129,16.677143835896032,,4.45037557656509,0
7.74307906747153,217.2031747013823,19579.74268750334,7.49783308248462,,489.1434625096957,14.373587199304387,71.23302355002983,4.909442849486118,1
7.689031411504362,186.5571925346625,19076.26893085455,3.9775380801136064,319.443778861517,484.62001453475705,17.69174828999987,46.71576313629808,3.3384318978956187,0
5.334197651398392,108.8213404075239,26388.49618182736,5.550998849031341,,381.4841061663941,8.422613981176804,91.71448509655123,1.4,0
6.757951129514715,95.63163874756529,26320.76039366088,4.320899872861256,,422.1661202889838,11.15471820027502,70.75198657106408,3.4592707629542567,0
6.715855614951757,238.26268907334523,16977.997182693318,4.515457772537141,333.87132393994875,448.51690232434663,8.878600157123682,97.75865028199206,3.530620783529618,1
6.867597270697397,236.87550326424198,15533.213702138968,7.793641175108481,406.9923824394376,460.511267151607,12.776362934799025,51.290926499572066,3.316195098766712,1
6.7214023289653095,258.4935171318207,35200.93399950608,6.768753099205084,,559.7299257358677,17.04210353034035,71.86956684764286,4.5760905361558315,0
6.2,195.82332063151637,23035.394423397385,6.711727280360365,,423.9256713875974,10.685512693012274,57.44715951296725,3.471000746558815,1
2.6909677803534064,153.8723150142694,41674.22611085065,5.040875181874065,354.3184127780768,520.6345801798867,15.8399431968713,83.75985988143006,3.945382552039426,0
6.482771420408357,182.59569157678206,38568.59274331183,6.083758439635074,369.8928724067826,332.4652873263969,18.51926533744082,47.975773348266586,4.67266225565018,0
6.661134893666573,196.7758665553872,24963.137264270492,7.714799151552096,352.60716938957705,374.6759549763026,13.359589413357583,51.69549897642362,3.7374110374756437,1
,163.26844242101993,11586.402024463721,7.037702120815729,345.4629192111585,253.62538710548196,10.38473821692515,77.65113098954194,3.959216369976441,1
6.601096117587915,250.6381083858402,32889.19764870238,8.419825016446337,363.24562242851414,438.42556843278663,9.695938300185645,58.921616289559566,5.060227200897999,0
7.819872057488483,270.0796447402789,10486.207311570675,8.644845379158944,,478.51993555259367,9.630944819162846,78.44228069653738,3.7240018267402513,1
6.595443408636264,212.13543505402285,22787.02138771153,6.7214926239520265,,219.7248831324883,13.436958994519426,72.4249315791728,3.839057439894135,0
6.59471428031106,196.04258273362936,26181.569689347103,4.193446128245622,,441.4135385013399,6.538421593195897,55.50899497164813,3.477010036259089,1
,153.79558640819118,18280.84383540964,5.924501059475379,342.7894201269746,475.020196056333,14.062670222479696,39.19380049681865,3.755393424637669,0
,247.2776751835341,9874.06733057983,6.965650936221147,275.30153295307707,470.4167977841459,13.585046209152813,91.95331456695024,5.020452207576482,1
4.589983232833138,198.91049407693365,24369.845108829817,5.8931504578334994,383.9085079052079,329.5744215012005,15.682973257960107,41.04042101468711,2.261171981593542,0
5.333217114711236,186.88649129229086,29762.99831284253,5.45369374609267,305.07351293872097,488.6680938258536,15.22557081087401,55.374288002159595,2.804477381430929,0
6.657119662590544,212.2306275173923,23332.40783675739,7.230208609073109,355.9010180862023,426.9518033887402,6.433586961340631,51.72096454959119,3.6197147634558795,1
2.0,177.1300906962558,32008.40908333384,10.959878902318584,,473.9558396084545,16.741772237060488,49.874840540137114,2.981059862845957,0
5.986258334269133,201.23219319570782,30119.314468400575,6.348662861982527,425.9732456174873,416.03068241956015,14.698711135893861,63.58555043296735,4.593143318533037,0
6.658173902858675,148.9428406071778,30818.36439127809,7.115566753062996,,456.9878192580813,12.171302089621788,76.9338093210976,3.3469341048593106,1
6.148277247160599,232.16516852640507,23048.8330219275,5.046983313975038,336.6560233111032,515.8262526432949,19.90317694834139,78.48583283561535,3.847549111505521,0
5.931043364964913,192.96487674663635,31675.191278501487,9.084573666965591,,409.7150180285248,21.019232473602575,82.39794162588316,3.665900662647877,0
9.004586945019145,234.524548314859,36178.28879829327,8.502094008495249,332.0933904790723,449.1556685588541,11.187361363102283,100.62186315308769,3.568566143616385,0
8.256897437366417,189.78261974901073,30834.64362375194,8.39305994035615,316.1931925072754,527.1813105767487,15.113751222466455,83.09057713450659,4.289832258927361,1
8.53517329244023,191.91902958100712,32561.523648641643,9.268477381861498,380.879392507707,415.4350026833715,15.257889235922374,69.11085956395023,3.457866155270644,0
,156.5147566091946,23895.87597594771,6.444800659582205,316.1892915320968,335.2679898342378,17.892979963574867,,4.904941819772409,0
7.3022513097020205,221.39600441229692,24665.10813442464,6.642179844643918,380.93901632983807,480.82428443180436,11.005922507108227,42.25709299120462,4.300183269670852,1
6.195835198274262,167.5848655126403,16278.437421192935,9.821608080380907,291.40140850182905,542.1381109372373,17.148647935982545,69.07205433126197,4.199344607512318,0
6.7525421951116655,180.39670392174537,24461.666607254847,8.119710402652403,,530.3337078356589,9.953997312301533,70.37566822241311,4.668118094990103,1
7.038304145549973,196.43445242211547,35263.352151375184,3.6136295222762254,322.95683914609106,483.97101151937295,12.90324382307976,22.486832401796924,5.003111443382067,1
8.849760369403041,200.38827564337984,16053.10942081298,7.838617141506475,354.3173537832028,236.79206720538647,13.672547314825103,75.00861415237834,4.962627974776064,0
6.862460066311883,140.26941066683574,17728.432575874274,6.200917063984037,349.05070125325216,374.82471565869804,15.992027098363751,76.35191942318669,2.255621740505184,0
,188.80648702544426,26642.214387411834,8.53911148295752,,378.96428059716874,9.557895898861034,85.36042546307414,4.572823463286419,0
3.6391275127793525,222.56307419337818,29138.135658778516,7.764940941683874,344.84678697619523,429.825366059712,15.033003425431701,,3.7087760442773834,0
8.124212975830282,183.9526786641636,3159.230359743604,4.3699424328439775,361.178433821783,562.6117986228062,10.697043967420903,73.95107915668657,3.9750768131550673,1
8.205666030130491,189.00632528638172,16249.650267435554,7.544751669382855,296.6284333521041,338.89223600857855,13.638407976677874,46.02671559977652,3.5626347403968914,1
6.561908910925416,201.74315907272572,25439.44294353621,7.4527918090575405,349.89626480888313,607.3699287585915,10.104793390015866,70.22830940294898,2.5135459064245333,1
,192.25590176920375,10761.942979531716,7.694270728614363,,395.3079005674412,9.988937034242948,78.43304829295029,3.8807480425253953,0
8.333822872627957,162.49603997144783,19412.046470546265,8.029335586023027,264.2482994301535,364.2343738713456,16.877926374113112,95.47497253244555,5.269902272048154,0
11.22542351013187,195.20421253135885,26511.21192040124,9.483626216518335,,494.49254075479246,11.194147181653214,69.96022142578832,3.7886276339678537,0
7.017059657760004,229.10500729319398,15653.040854072777,7.773944603590592,361.8186828066381,500.88378475938936,15.670616111688009,58.98103557208164,4.5381120114354365,0
5.4458245212714225,161.8163113349127,28322.089454066245,7.156179567549654,394.2931160273277,478.7157104107177,16.217184566475467,61.7936251040894,3.254746381252968,0
7.119447656743042,184.0795458359166,17138.9909451063,8.933788735617396,,364.0279982820748,12.796967614069228,72.94733568557432,3.140396578073765,1
4.648566104259994,150.94432944253597,21279.431236292625,10.663530343271834,337.95308000537057,466.76387272131706,15.365523611826958,67.67964063259348,4.150693632788454,0
7.948714302980638,227.37146617113234,17327.50741914206,8.565811791585581,351.60503029411564,342.68853429282683,12.888164979738807,50.861476606233914,2.7674402687535093,0
,193.36141499503378,28178.448160249245,7.4458056803567825,,361.7825341903992,12.095379906664116,78.24200795356616,3.885565149416383,1
3.5472295004698906,168.4284320543671,24705.451608264528,7.803398268634892,317.7381218043893,418.534490740376,14.363711124217323,58.95007794816627,4.071285630991323,0
7.945655692669288,199.43553824471053,27926.663131001456,7.524549139849248,278.50190243633745,359.94694112799095,19.233750838734025,49.8947927914886,4.447597257998511,0
8.453652051899534,156.80155292993962,16138.975314435687,7.149259096131857,395.3630218938508,511.2620584285935,13.613870600484468,,5.060418292602335,0
7.728930961142442,162.39799701495264,21895.18239176655,10.540969913780081,352.43651300456503,379.4840634217045,15.175005374309645,75.58572290500415,3.424790220345855,0
,148.36160686787642,19224.52157782865,5.9364956685800365,295.872944142561,408.3871375628872,13.066587315016372,74.90812257598131,2.9823877997300485,1
6.482642823316741,161.30296308436155,28642.944584417524,8.944751208623465,,355.07997884073944,13.151239184394072,39.07466153917134,3.67038054996971,0
7.973387241738948,241.05640651359363,16960.14325849071,6.921146030533094,381.7969951937654,510.0388727628706,18.671494848383233,58.24978713623262,3.572496659538753,0
7.22478290514377,172.2804069008026,8451.310015972933,4.780937711180816,374.90160227381153,372.3769404725448,15.372407713060884,100.89324814982848,3.9040913155111965,0
5.4215647004648755,211.73880653523366,9602.548465947333,6.82245796513332,295.395761414911,518.474497101776,12.426090970377258,,3.3006796934414075,0
7.109906762092004,168.8856832834502,20422.20702236318,6.256094182668815,204.05907302258674,512.5383216908059,17.841939622649836,62.81047739054834,2.719670859450555,1
10.41578341251255,221.3886602356099,20228.516791458787,8.032572163099902,,390.16797116362386,15.124938404861139,77.31458785237734,2.286364377191838,0
,162.64190216935972,11675.026375101184,7.264254351800542,,428.59715890749,14.256388414814813,58.07484397559222,3.233694577546131,0
8.373929370854828,197.6905988233618,20896.641995825663,5.50519755543621,359.56435874759273,387.9243146933095,19.97403738813791,74.44125992947481,4.078382286708492,0
2.304632862878143,198.13880809468841,40016.95708614045,9.44419250331375,,470.2943372167637,14.94359372722888,69.25042940372542,3.994114366411362,0
9.325294677283765,272.98479556843483,11103.315316957525,8.842411727071644,379.904410802164,410.4867180446248,10.260378890667116,55.795962643010746,4.589301509352465,0
9.690651114843705,217.14099197454743,21515.25391096184,9.625967740712314,406.0322561195112,392.4675623671606,16.845216327573343,61.00682085673764,4.835864897583344,0
7.1538324595252245,176.8934579285669,17577.277350278437,7.494404169227624,384.9851764084004,429.93127638979576,13.679451537259764,56.48309058823148,3.7927881317185004,1
7.97095082483445,218.9381109041019,15842.423288343574,7.063541752116509,406.2313215116585,298.35696630710913,14.562887954551176,,4.254893492399148,1
6.956684195540613,266.7459400789634,44456.893265578154,8.23162556253742,,420.0714618197497,21.351306016778512,61.39444119769696,3.737880802204695,0
7.961664966001742,142.7849726230667,28077.235788269245,6.207589466944975,394.5014075645177,478.6886471872619,19.289258113411876,,2.7721215860659054,0
8.019346020384065,168.68234079948888,15670.230257966436,7.325494096457341,332.1080590330722,437.35479392510246,11.288100056838921,,3.589789270172029,1
,188.60607030517264,20706.628768981805,6.842428919072243,280.42188574697957,503.09385051056915,11.239732194251612,46.7346430282942,4.4627364139524195,0
5.678711217682625,182.67779732702982,22709.614972067237,4.811565778839926,,395.7143145008493,14.159451494862136,66.06913693113313,4.111662272094407,0
6.9129692331815145,185.45230462494712,21398.164077857433,7.321379697645734,336.40625151794325,389.0893104440387,13.747443614790704,58.93052473255036,4.332911941772517,1
6.995953736420216,153.4907584619823,14078.045239239931,6.423272311045583,384.66851384853334,335.9206244787258,12.303070023396993,57.78491309979863,4.150778926550647,1
7.628290457480058,242.5901541617954,26172.434184439015,6.73676758085108,311.01862199559724,393.41581179326295,13.186002518054234,50.5708318393768,4.497001653514128,1
,149.59617711011924,28278.94382973614,7.694780214126928,373.70638912138946,585.0441240971211,14.992608879223257,54.914432828210956,3.9003235682005997,0
,189.8129985634198,24072.581472219765,9.130602351698869,232.57851834334542,448.46390390706534,14.981942155510078,36.75269833766805,5.162734997957134,1
7.57382090925093,230.80782646892698,27195.915086788882,5.778943256934195,316.8076436125605,378.8886737635038,11.649321863283895,43.4844262947384,5.449117316434912,1
7.086707329094166,195.40691819990144,11597.52950804901,6.588238020095616,329.72578114755925,344.90373140418103,11.945668235575662,16.323382517765552,4.225586225727844,1
5.363602107242145,164.1779319088989,40309.833340960686,5.911169339751499,352.9520030078347,297.03871735811344,15.035078995037576,64.32420805284113,5.157361287211538,0
,152.0285709052968,19156.890728966195,5.808314671277594,378.1818216112859,359.1041995918887,16.433366500125935,41.882771124081145,4.502965771952689,0
9.041191972103368,188.83302645068596,17002.702312561312,6.18058106903336,,487.5428354899222,13.895646473214734,83.28280732173411,4.224464431241871,0
8.751849612330385,171.49372728351966,11101.31703858784,6.8096085531519925,361.12268302129644,391.6958327220494,11.895316592967129,105.28424639415027,4.259301561819273,0
5.557886545979994,203.15210291702797,25179.412308843137,8.045677217866457,,348.7797227500802,18.43130117778126,87.1712043114181,4.842250229568165,0
,150.29225723987452,7603.664172494893,7.626304308360044,430.9207395260263,357.6667502500333,11.689397459082542,57.53575171755366,3.4510973765593,1
5.5062049473480235,223.14887574360276,10845.969986729828,5.450165941448466,363.0543985308739,478.6780486351465,11.167518712054669,88.94519675675768,3.5338800075353567,0
5.673366455330424,200.20157931211088,19794.065064192953,9.164773311789101,314.7764523666774,419.63394350916445,12.29259210635675,80.2693069656116,3.371813516235254,0
,202.6456173741965,15567.507309451652,8.61217144423372,,375.5218833318231,11.145766433216053,,3.9209852513462273,0
5.000028916460246,243.81142600409657,34404.173347224,5.696126672036669,409.52897513162054,401.2822197399906,17.24274352408262,,3.11875455008617,0
6.4610775667266545,181.99652810356562,19470.699710577654,9.054095209232905,,604.4353565442321,11.633413034119757,67.22723040034563,3.790193326239019,1
7.57775401416831,172.52063074327694,19370.234320015345,7.636562691902117,332.8902088525781,524.7455443958161,15.47264958295191,53.77014225727939,4.081393882159267,0
8.31900894020516,178.37857662738787,27970.83811605335,6.8728006213781105,,544.8649266373237,18.192262668966272,81.36895908967415,4.202408559252122,0
6.73233364444311,190.06587586268483,8961.125983958653,7.685766470277313,295.24898443282063,284.630001193119,12.351823043103632,80.34818532532749,4.061518495370565,0
8.191882261142394,193.40725496136528,39791.604294916644,7.0792821429116755,359.936659955241,413.99093595077517,13.602382168663482,23.10278954934234,4.772615480332725,1
8.819121024043362,169.07004446580166,25449.316067302032,7.981224274080622,,374.10104078860866,10.714454090377565,61.53623511595375,3.812794968533709,0
7.037376535016826,129.84049517521237,28363.461446661993,7.415958526547245,253.22187345878882,470.1422878233748,12.044452416564393,65.43236430765026,3.16940377905983,1
6.3218106779693946,177.94543587107964,12769.977094322887,6.58686683740992,359.9901598391757,511.8323957789377,13.546346655854206,78.54727022606858,5.525058856086569,0
,208.23826442083868,20156.339250666337,3.9191937205250142,268.8667310436937,452.5752380039392,14.461259496337977,57.56414083512179,4.91956196929126,0
5.043232160849473,200.8828982757399,45206.42445543413,7.952948414198444,389.8559754401336,355.7044205531157,15.831837077195226,58.65960765959056,4.0374311378988175,0
8.832636960478391,235.86534205726971,33055.6565837884,6.5296246601489605,342.43421487706524,372.7901222898234,9.211629283492968,82.83181200426196,4.199073748927497,0
5.443611150740146,260.7355072964086,22980.080463102586,8.34915564323949,314.614352021779,476.34212598353463,16.775558021492863,76.90507185709242,5.28989275309815,0
7.564566453658613,221.3820810809836,54589.94814294037,7.881046598395638,,484.3819123953217,11.970164415986694,65.51055740812981,3.6231288037656912,0
8.331054947606784,241.88492913523064,15618.875840453009,6.5706905463735055,,437.58895169294226,17.444073454377865,60.224124663928755,4.690979712817709,1
6.764499472460725,221.62687421545667,15505.840441453482,8.73632134190219,388.6520029921078,436.6871062866773,12.834045224588756,63.52014213751059,3.299241533794136,0
4.899712180087842,252.65568552001093,35269.555629715935,7.443649825701782,337.1316903943281,430.24990089009884,19.207983358994966,72.50609128806539,4.312862660209747,0
6.780181892285265,257.29308456818273,22471.584941019388,7.378555698857378,339.54712176919656,447.9430018659762,20.869571862463083,44.937041455096676,3.639549361053397,1
5.742704026735691,227.6933341186267,9639.592659952412,6.901785114914235,321.9906320904466,484.0496467938824,7.458811040913805,37.93111056181741,4.471819843697359,0
7.359667744814676,219.63990681736885,24593.108352105784,9.78001802533888,344.68683971056055,477.1173891447116,11.452967372956794,55.74752449006994,3.89763186846146,1
9.527457254177396,189.6478615432606,21882.733802344497,5.99303856802886,404.09516642327515,428.1057030577801,16.228757095084333,56.46636601302188,4.535229732845274,0
,195.04000345628737,11395.997373284676,6.610174230814693,312.9855633594728,422.23680707995123,16.215550205236195,47.740123256127745,4.823610743350377,0
4.982614351403001,185.28515179857638,26644.12119336331,5.1650104707736055,,419.1462966271636,12.23425258102235,69.70387276375516,3.497309252888974,0
8.8,216.83917799844733,9921.28231486997,8.268235102172719,297.34963566347085,363.14928394865905,13.952608288793613,77.23666039565131,3.225003084855824,1
6.38868154384244,172.70054957087746,29087.38108324223,6.200204569954876,248.23729032811224,362.1233255339947,16.110221970560186,47.87425861941274,2.889578618315545,1
,190.11260569824097,18328.031112253415,6.377343780872412,342.38879185132254,470.15166700409134,12.329327720130463,63.14334059839994,3.568756595085168,1
8.076344894526809,118.91491077763393,18865.23408774498,6.303240121191655,349.1347845316341,368.6001939793192,10.216265696013373,67.02564062301172,4.596957601318106,1
7.480123745962515,253.08965753801556,24731.71740899819,7.219100627378573,329.2438774450812,491.9658565273723,13.535484876793923,88.22423752339029,2.922817769729476,0
6.554697444116988,189.14638623291012,19666.49261603699,5.14379985623855,271.86622221002943,422.0515089483213,18.140702603247796,50.077994056840886,3.2937256358147113,1
6.622383339970365,211.38859638837337,21277.184407755973,3.5756724795584276,346.3980644901631,492.42329688156116,19.373663807529496,77.70712997502099,3.6231177456685866,0
13.0,244.36118225600515,34574.54173869991,7.843172379080579,344.8253844533731,477.6662713272284,21.970232403898592,60.70223494856559,4.614565073271055,0
,206.27965409181482,27511.780975155263,3.7805788241981375,297.0044818727675,494.3087379215839,15.089856152035088,76.61992958107314,4.798138754013359,1
,243.9189077988739,18812.559756473493,8.46953769868426,,387.70964687464874,18.826540534095596,57.34653428695566,3.3363878216010856,0
6.728138888474859,155.54682598022004,14213.724892590144,9.582473844265532,323.35113979297296,459.23907559870656,14.024202313621867,67.8556936993913,3.3776323021776364,1
6.176812790573908,275.2736897977644,27305.09160416958,6.860526389782647,360.8312708165996,485.8213495555078,21.700550837161646,56.53349795133139,2.4762402104866714,0
9.598053043795499,232.1659255302804,31995.271932577718,9.173198855818374,351.0495058961884,300.8528026885259,12.680338263663579,103.89341452514373,4.242629030683916,0
3.4020312821435943,203.2827620028105,10109.39851548626,7.081674857121714,,563.6968305619479,9.569705767391707,70.67067149996048,3.63797861493779,0
7.343077202287828,243.28511004337716,7551.2099665088335,9.646801031343035,339.46869851991113,609.2890061260172,17.30651496037972,58.34729139384588,3.055652348352268,1
6.465613930826266,157.95191225094968,21760.687050300312,6.399175793661127,370.52703318668847,502.74089419542327,15.333676204088832,96.26698684280373,3.9148640815776976,1
7.079208297124086,186.90457048848367,17090.063754093353,3.3834867410988276,285.2516396363539,491.3151655801033,14.915824720344647,,2.6519740177831763,0
10.689414139894039,243.9158380416383,24711.67918950042,6.993739444311727,336.41463223698827,473.7716946747291,17.917005226369852,33.188570434381546,4.183283634033101,0
7.02044313672402,134.97372004855566,5194.3933967880985,9.818581845588968,389.26113657907416,400.06658599171254,12.96098839571427,76.68238733918467,4.191396792066156,1
7.473867035120705,214.83906079614468,17392.27483405122,7.96524992338586,281.01780877083263,417.2982469295037,10.267770489314781,37.5506671575264,3.8722571457383306,1
6.679221359716467,213.90859565890557,30186.457484569026,6.305789298910207,381.6387884494497,504.1239155451307,8.608374628590806,49.18785634842858,3.79166819550017,0
3.6067280151686507,261.18752937344914,37701.758776254566,7.639663847469876,,347.56405065479305,11.857401027357364,68.74015763183392,5.544585313252388,0
6.147755867619865,144.32076669113843,22149.141912084757,8.654377244755034,324.6006912579253,340.4940734191667,12.246117174454941,60.931612403432666,4.1955171229840715,0
6.4240176018825315,249.35686177634074,27808.120029011727,6.984726026515136,319.599443172726,394.0958015496061,11.669337941169484,56.35721763523952,3.8481197071347863,1
,177.9934125504011,21193.525094826102,11.26969633484096,376.5701089474098,479.2252565315571,16.347972468354573,71.78859897977819,4.6181719226624764,0
7.614532233009466,181.69338876889998,15910.337712970193,6.30247962869921,326.0942024737779,356.23235841144464,15.896668473123553,71.56191658146173,4.1053546784730575,0
6.64593949865496,156.19605566902283,23553.65732456117,8.703966940830702,236.3805545912232,407.9863817930775,16.59398729548169,97.76631781277209,4.79192413711187,1
5.306173391926217,160.60966796733817,27334.848875681815,8.323860833641243,,417.5806111925976,12.386937292734792,79.82777864875034,3.6120994576934407,0
,209.67588523123405,21377.38304986813,6.014272668977069,353.2747242832549,344.4409655183359,15.729339191917774,37.350419766667386,3.7055284843049323,0
5.836569484815355,159.8042800036934,21596.693503155675,6.449384377590677,,229.06675232371384,11.093181853328327,50.49006836835186,5.0388149134533196,0
7.586275979702593,220.75535457718092,23308.05919405917,8.728595863017397,297.3419525792704,343.2577868149606,13.60751315584524,67.7866679593524,4.755620607600055,0
6.899884359809057,174.58841705469513,26796.49246007693,7.3487648624147015,,447.27963059918875,15.078048398948852,47.75836859305618,3.8116944558698824,1
,156.4911877875795,29440.46658985822,7.654153328229091,374.2439607359052,465.48039223681985,10.673237615582492,58.364664816953,2.8546653954084684,0
6.2,179.03507908475947,23842.459556419803,4.535171581147115,,466.1445290960015,12.558666803804746,62.96183999605789,3.4442355894842107,1
8.899603724318425,207.47766660878247,18844.55974479702,8.15647787515612,270.51024705001817,475.45344950332554,14.574167602718152,64.1632255240579,3.058684738838602,0
6.845756092384903,187.27507768246946,36372.341421483856,7.573929013650457,385.03821359828356,375.58729203657435,18.223033264036793,79.84940396108125,3.013569796887731,1
,197.52551289314908,16864.498155365403,7.0190221642269774,324.9358036735821,358.27878270103525,12.298287593999252,71.37527164710582,3.1058854913360054,0
,219.30522549440718,15382.322606402295,7.69020914363334,378.97645737530917,456.5046867919492,12.644058269466646,71.45866302172438,4.5778631981297195,1
4.369874955890783,232.0116657581976,28301.379768273982,6.473436022743686,276.0280927911249,409.09059432485515,17.51631257024001,56.68715176099452,5.021084782632054,0
,186.19786434740772,300.0,6.184794043864111,328.7911486498119,499.49195270172504,15.008345252465073,72.80704610860522,2.6483321334747503,0
6.862324762056332,162.0450956875444,22286.921739058263,6.737820860010206,,457.01498399847395,15.963802086120356,73.54880551295139,3.473309284988784,1
6.9546089250891585,198.9035083565508,16433.15670151145,6.38655897825709,330.1922027338591,529.9327014768973,13.73811323713153,72.6950748434922,3.5367330576136427,1
,211.88437138282396,18465.05735021399,10.565236706448257,284.8235432239109,388.58466661049187,14.306400368761276,78.85653393913007,4.788514722801609,0
4.343604913927502,148.34213743352285,13262.559755630042,8.560755751572872,,512.4567674087139,21.288435291481118,70.61935997128526,4.458603764163601,0
7.135670796947259,167.09898702845047,26197.608889404095,5.589819100124712,396.8631763614391,590.6018124887761,18.705563808525977,62.36819453651573,4.433721613295179,1
6.677864707048735,172.73875112281925,19068.975867646528,10.337347683572132,344.0687815587149,430.54239897789626,15.283831912477849,50.51144130531385,5.085196066605253,1
6.471422659969653,189.56264999109962,35630.95311865949,6.436086553930626,,466.5439794968141,16.44150861956523,81.89651780423831,4.244791123724334,0
7.647565047424152,171.36198457067874,31531.914156108316,7.16653948059357,372.2469007135226,351.0133142731622,13.23386249551788,68.30408079109841,3.913365743990027,1
7.477885847753736,219.661639855688,20011.138755842483,8.537919167991486,,498.4397672912929,13.811460707288248,32.12540820071921,3.7179549893200114,0
8.183904249857278,143.59111767201807,15784.288312186165,4.007418100641768,320.4966334969114,517.4279000975635,12.581475711576164,56.15973890716247,3.660951122507976,1
6.815646117619277,144.42725486230344,29349.885680018888,6.745499161833269,354.0763507214599,386.2481827274178,13.055419746919677,55.02040758753131,3.746325891137482,1
7.499342726663949,185.4150581012729,23651.976713807795,6.214132515471875,393.107029579748,473.56169334284687,10.99634791368721,83.49584236348052,3.4539001149211894,1
6.977475648087054,190.62102274379873,19272.772516391135,7.4440265256797336,337.2366524305336,448.86219729864405,9.136560901138012,,3.5186992123155845,1
4.738571408810891,148.5422165829684,18873.196904961307,7.7046784995593995,,457.77545145428877,13.05692628519871,59.42019881338605,5.130324403297258,0
,176.43796307689513,23738.086390093897,6.997930202774885,271.7239339002722,491.81119505383407,10.965895879240625,84.84809163314202,4.216447910465195,0
6.721169977321145,183.20565840691197,18543.96192958332,6.924637268877199,267.2739834937347,468.1270803271581,14.869406400908238,54.633127144907036,2.892422510765817,0
7.856935546295703,183.4604975429714,20374.84249754142,8.802907568764002,374.7063138811029,414.9697836452343,16.176647398318224,52.298984174108284,3.0903758141185547,0
8.916885663786138,201.39690080021768,25122.54889902005,7.59634776992778,299.90404242803567,493.5303455187551,8.399684026246739,67.32818713362835,2.721955893295963,0
7.413150888427724,174.63405470246482,23297.09636501947,7.18545151588207,418.39414850575145,516.0379720335887,13.995332631316616,86.73889083489614,3.5221820000473625,1
8.053401526064048,245.0208142702722,20190.615872190454,7.35363553450702,389.1659327690439,381.4210897311842,10.326057655575498,69.20211267064273,5.140284069600483,0
8.277361262466343,212.46193264723453,21328.850712704345,10.020704616097746,399.52546037978294,426.05463053463666,11.55279631124331,65.72311194665765,4.341973250702814,1
7.03994753048517,169.8459651709005,20122.434203415647,7.392824883634888,370.4156630498218,283.28962133815116,13.293640237565977,60.30321281135434,5.330616798987267,0
5.482229968241606,199.50942813179316,14603.502099742567,6.307171362154186,295.6464379800498,473.354722240522,11.256367494372565,101.20946995320489,5.043335036429015,0
7.516234870973031,200.4801039821244,21991.68276176267,4.103781439994527,265.1032577544031,525.0279001621531,11.545091868828377,59.69235789362676,3.6926891148311944,1
4.865276707895414,236.364336510977,13239.054465054955,4.854378949024773,395.70519930442555,405.4105456188677,15.251401201090784,74.42764096540974,3.9983367578583318,0
6.2,176.64741808865205,18051.902488339263,6.382099085773977,,436.9816415530433,12.842363314012674,35.645355003320105,4.633553068196072,1
5.92933353217462,221.64544315500686,24776.050527107665,6.948764586552446,399.41426747191935,408.40818461652964,15.737532150174099,53.970414444821124,2.9075780860505893,0
7.6788776114630775,197.77701225324353,27112.704842965315,6.242118093815823,361.52205107349533,395.1811851108302,14.671924212234508,44.740472067556254,3.2240903843518165,0
7.539585042591952,245.47253839116442,10632.511884052477,7.674807483732379,330.6431401318478,444.9594399772049,17.02561012484456,76.47591652244245,3.2794577785175436,0
,238.87032879183653,14588.880447115062,6.221757289676873,,362.8332028465551,13.251447971352077,92.73790805510718,3.674419846003611,1
8.037661895182486,202.88061912109654,17154.502160262287,5.67510695318602,,407.18962353537063,13.121390433596225,61.913441448810644,3.511431051887309,1
2.910186227122268,187.7709017685716,31419.44344611805,8.087977259864713,325.4202099124949,353.11228500904485,13.052807028512282,53.56284562942028,4.081160938149133,0
,213.0673344284541,7717.985154362443,9.283643305067262,392.8234515256596,473.79738813665386,18.141056520244504,29.073692979690584,4.580618752669249,1
5.407213646291745,190.46319410751624,31458.4525783351,5.370675195560454,391.4039956288207,445.5304401176303,14.939332988388111,106.5250520014969,5.299326321885162,0
9.188564348051695,251.6821037866872,33459.54681364692,7.505071064658343,340.244295095387,391.35597627529813,11.588402453076284,76.86061623290038,5.295990280086897,0
7.0505085908278655,198.9816655720237,27048.94630503568,4.110092640116967,308.9602323906074,429.19596264628956,16.096168975523806,79.13151790760683,3.7049142572743463,0
4.207683065104327,183.05435739032765,30252.279952745463,4.790229753451088,387.86649743833766,408.365399333271,15.365678544202149,73.77741929886757,2.218925319296943,0
11.376060245036488,181.27866366816784,44957.74552349406,6.1897499917960666,250.06600026225289,518.6267297822689,10.905127540441857,,3.1280580005600944,0
6.845010708601947,156.49112924696254,21335.544791665714,8.913158483155966,,390.5662049202509,14.557292186783357,28.30000245563209,5.130310765484784,0
7.86685706040484,214.71079531427034,25393.63832772838,5.88964447306535,364.41840947984934,477.5116332068962,15.020900456943068,76.32202166604965,3.764007512757117,1
7.630234522695475,169.42163143316037,14265.930741549211,5.830561249870432,299.5062340401903,369.2192513470899,14.967623443565396,48.803755415512526,4.316884405818886,0
6.653116810370599,232.52907749697687,10853.852194771642,7.177017905393231,374.11471917991855,491.9904627506959,19.212665177157845,61.27221872546204,3.667817726387446,1
7.659097036485756,153.86243672334825,9626.431109396115,7.178592105616764,332.7076253414917,510.0142924802915,16.083541661270424,87.28717372066603,3.8177007195600274,0
6.201568614295647,200.58624367121993,40878.90233720701,5.879492273047622,311.20801495130655,513.828108441639,16.213414772999027,95.30997448361356,3.7584392329028886,0
5.5176100045393515,234.24236165456622,41003.47895763724,10.258230076275916,373.67744626207605,545.0581648040068,12.57584921369713,48.253149149736345,3.4817766728508235,0
6.2,125.59107157388237,17976.470613350102,6.700725870477711,288.8526646519132,449.82955600638525,11.826927927392903,48.49578094455332,3.7718144178303645,1
7.251641693559502,262.8009363907629,24036.31529036723,7.2994642722205665,369.7846041337446,526.2260934943899,15.37278986507191,75.50215951516816,4.70332218356592,1
10.931182471625288,182.4081170121822,15416.30245162481,6.485188330417502,251.73086674788283,557.4337401474903,17.7727563027645,38.219543944073884,3.0967926525851377,0
8.806091152273726,201.0420380731344,17290.452279553712,7.815155068198863,345.62816409467155,335.53816899813205,16.930694875937398,72.38137473669198,5.881253901869176,0
8.461680682106486,215.20067951948772,21122.085143453867,9.071232944332504,335.61513978723866,377.4583581455332,12.563971434280838,77.84909360254547,5.580710756633111,0
,220.28964594620172,25375.77701969938,9.748588641188224,,305.3473826710166,11.988103632173418,25.04338024299028,3.9489505256618025,1
,205.41078156874354,35830.440285386845,5.91562023308307,,511.94044527776146,11.1005603424497,72.0349768874631,3.4214136654215768,0
4.9936969583128,229.2139528039395,11970.629114437053,8.859256378555916,330.5057966441736,304.3105927950219,12.831469241470145,68.47437989375459,2.6292090754536757,0
9.32730736430652,213.47742645512764,5517.114513555687,7.9884956948906085,377.4643989704496,282.38873888915964,9.949232183292734,37.64809316395432,4.263665593211654,0
6.977364870716614,254.3329895070628,7077.436442139329,8.659767842946923,356.99025093646225,337.530671383671,11.472717612017815,51.64561968226996,4.562164592800285,1
5.2980479497776765,213.58457615991625,44791.38752734053,6.97483074914538,352.5415412409982,285.744389549626,15.828022792259631,63.04982560775304,3.994652092938801,0
7.438244916486227,261.0365086041536,27167.546225740716,6.824475578214155,345.8830538273925,448.1903688098949,19.242459730765376,65.6145022669864,4.653920964378356,0
,226.0454938438189,28516.926406226325,8.59842914022811,314.25230869895245,338.56895425281374,20.07541120274082,60.070268533973014,4.846415861601333,0
,136.99082086222415,22251.492950600066,8.628414159568933,321.30533303100617,289.6251407100941,11.287305038133207,36.4976990574286,3.1254782132260335,0
8.076526429104762,282.30527811895996,18857.063473424456,9.593838490901781,344.0761357851448,422.81663573550213,19.32207361657847,57.6586653062974,3.597494138596685,1
7.504753285040918,177.5040788310995,28624.956775321225,7.433705137611773,326.62291723376455,427.58265189852136,17.853814911330907,79.55746837318632,5.208185288185108,0
,245.6033981001371,9815.044108260634,6.951074888337084,379.81414717992607,275.12152572312317,15.395753072563148,84.3911146833138,3.8198122418749088,0
3.1205816145351815,197.28150427862954,16211.254614827816,3.2334313436091575,337.6688378471114,368.53294518358166,6.714208788649774,55.83211355605494,4.636723381101988,0
7.927158055599444,231.30986947512486,25198.99990296475,4.574208349967371,349.36501756396046,420.1691888405817,13.936609979717064,66.30128834015893,3.8977542943894425,0
10.9281534649965,173.74904383251538,2626.536517447701,6.497082463810239,,397.3686795036331,13.547109278823463,,4.904116645387969,0
,216.98699546764743,21326.082668764822,5.38032688863098,372.84973326329964,399.57775525413876,19.33786263591146,61.120293017227425,2.1120494859336096,0
,188.07003105652407,20740.43848182313,8.406326293384529,309.7394132218822,521.4863878818778,12.051659218573302,77.98245323243647,4.747583426832014,0
,248.34920237130734,21324.442796471565,5.0501668807052535,290.63414169291605,599.6408192197448,17.070725215172928,78.39788597366268,3.412868423988873,0
6.2,210.83218270801962,22718.212896141755,6.327939161206545,401.95210077726045,400.8854823326704,10.872370018753582,74.35672523310642,4.458112539698643,1
8.586641887889435,227.19251289882152,18964.72282570068,6.389998140841188,362.6815310287093,319.3919721675559,14.725190827545529,87.98606529252574,4.182444654460062,0
9.032043237686324,125.201870928536,14739.026704192276,9.023494071771125,374.2517627621195,407.24568563200376,10.039668488499133,87.62757914439155,5.177997514962775,0
,193.58465883495424,19864.11276483629,6.158982776548962,352.616141972363,441.8988827562974,6.627971390654494,,3.904495143674917,1
,209.90714879341795,28908.524703714815,7.834811146515822,329.9435570495864,421.8950935825967,11.046947003421922,58.45085221030637,4.32367418028732,1
6.247282134231173,203.75693042186637,6890.697422426263,7.429215681485893,322.2243940664707,475.54384235253104,13.167351420046865,66.54493519659009,3.4373225205277125,0
6.964937659876692,228.0220723313173,25575.096948090413,8.547195807006702,,604.9222674158541,20.46071011019496,118.38419630114004,3.303989257220121,0
7.47116813285262,184.36175033497776,21348.82212543569,8.46333978234404,380.68628834866536,287.7798347479101,14.493203079546312,96.15917367465482,3.8038182673730496,0
7.952365008529781,198.00509575563936,11134.82530759756,7.06716462166612,330.97719283586997,385.22796290366864,18.270534708192532,58.179993092049706,3.7501901439087795,0
6.647154760178593,235.26236054925323,24794.067421920823,4.439854670080655,419.6032745986132,550.7243687308097,18.078690007038123,71.67749912938602,3.2273617728800716,0
,121.43113178664777,21397.973146809294,6.753849399099906,325.6310120419725,384.0187187305205,13.531076520736175,35.34401073695085,4.210331044390187,0
9.521681426533338,215.78963150390143,19820.272459209908,7.088470081639199,276.08805038155515,489.99107525041336,10.608021333440051,69.96883128462333,4.254444937545979,0
9.198089334641484,185.4151892248121,3709.4985753292203,7.571894588381389,262.5289585228494,477.1767763456908,11.06863584830063,98.28754991613282,4.5135402015268715,0
7.104409701008109,166.38473370218586,13747.351700597785,5.95466287055112,263.9260997697959,526.1398924305553,7.275861380932624,68.66919082462492,4.378320053841977,1
6.886683914334729,207.47230497867974,5156.7120886686225,8.922623767085609,,580.7978513280899,10.341158946891678,101.8516302745007,3.1379473061240595,1
7.807080089528568,236.78314766500478,30686.291366924983,7.141518680937688,324.1944539259308,453.1122747337223,20.180834648834285,117.33843689033404,3.4233649833327457,0
8.157378194821183,230.58783205582955,25172.282117379647,5.665614190456841,362.0596249999475,285.13695333807175,10.609869119534942,62.068683714462175,3.796772444149641,1
10.166307233043565,191.9547812831719,12486.015118963263,6.396000014788145,332.61562734049386,369.6071001578591,15.631080941713744,67.41400924332889,3.3175979843010266,0
,225.2118777077352,24801.067420991796,10.167097393267593,,602.833071620764,9.031626041571485,,4.019192771289133,0
,224.9594338588683,16521.449787389418,8.169717070855468,335.65856327058503,311.9328170016941,18.018861847231996,79.91136689706931,3.91171132396052,0
7.930779342717546,193.52548520077482,20507.098083294142,8.776561357791758,334.3597870416523,466.3419707905983,8.846020563127494,103.55090143020259,3.928036871489073,0
13.0,173.59764983958797,35146.77867162415,5.474292587852806,,223.02765469529044,12.208565147470136,52.592841386442224,3.5188548206687966,0
,175.50080037607535,15740.397162670586,6.031649086349595,392.6951622604695,317.02084370332767,13.202317118069496,68.78888631233768,4.37217866915784,1
4.634284339113293,223.9653751777617,29250.372907632052,6.043352756707633,,497.86453233711296,15.384530304007392,115.17482443797296,4.400533944275135,0
7.506596521169391,195.0133698288525,7190.215816898013,7.411342105390023,,429.10564236264423,7.156169780886881,44.05840328616972,4.475715490329172,1
5.590244020787051,161.98060497086365,34935.37948974997,6.845077106884816,326.27967088358173,395.78350050862707,23.921466779658143,64.04636354759465,3.3188922518789434,0
7.695715873581041,140.9680127117498,27338.662198904945,6.346598830213908,366.1646403366863,360.40003323212306,17.956003774237367,49.37335225056679,4.016151377824718,0
7.254853826327597,223.76725477397088,18390.413266034684,6.544770043844543,332.9376627921479,264.87936279748453,16.56826145563528,90.40792384380849,4.564732409915186,1
,178.41098990750703,27963.364051237415,5.86542440505339,,482.2271956071123,13.411635928841715,64.07750729253333,3.859586835828919,0
7.433125439429076,207.2697571610818,28113.905831521908,6.835853926695772,322.76111963637794,403.32169253166825,7.660269136117043,51.66184299915808,3.81807302131662,1
,237.18635724257416,10657.231675311114,8.878880622457322,391.4808151310647,303.23329389929677,12.729522614303743,65.8942837801108,4.751136201734137,1
10.605264069932534,153.33638471152034,7279.17949785131,4.729239824551389,333.899603641496,428.6392824724309,15.199100036035803,55.57479390202238,4.0915605445646035,0
7.767191454560761,194.91498018112742,35851.97167763087,7.667437505143663,415.3435601607978,473.16483964513833,12.159951048135826,65.48341891323706,3.3228157297498906,1
5.630088101730886,190.7841625893992,21183.512558267736,9.300546457909805,,409.98556583786984,18.318982258107948,76.7111978959522,5.12747934592487,0
8.61934518551838,208.89354060815992,22063.36514743822,6.830564384266404,334.70085740900936,435.57220881164363,20.076521517915488,41.07882083269641,3.0026749966663617,0
9.108679708895792,237.16836394803232,35824.81579334376,6.284375873949484,327.7834638620263,429.2806466913853,14.233261761343696,71.9362086546476,2.0873730995690747,0
6.349328136861375,152.6610352976068,13634.828838243367,8.58028574780193,,369.0909794628434,15.493516043713749,63.23740566921944,2.778402639700835,1
8.238830881219231,215.14635251241975,19390.82138488418,5.564929434547228,,430.5841767546264,14.334840732189637,80.92026575687349,3.6149372674287177,0
5.0741069503437926,230.3371321972928,26716.165336033162,7.0841473826968056,339.83373532021614,485.60552805097456,12.19483023043783,95.00474467116445,3.1413898627037913,0
9.574741729982977,190.26819459582185,26344.69475930515,5.477046321390551,334.1368723840637,509.79920880470706,17.428055382140663,81.20642470705754,1.5593898643507638,0
7.751471435609607,191.87799393381624,20109.07597888025,4.165240467361638,347.26525474957884,490.09093055801895,14.119475497212052,55.7024516704004,3.56955291899602,1
8.004022601525559,210.16698423960395,10966.07307506674,6.879864861624224,348.29125550723666,371.6520790761382,16.54193147165621,65.49923055259586,4.527297484825196,1
,207.74448186257405,19791.2724408721,5.123835800038166,,477.6059741668385,12.051785453263724,87.48153839054933,3.043965338768695,1
7.023126597547377,215.55940078237833,18563.76524768926,7.101560588939914,,463.80968732879285,11.752234483962605,,2.79459229162946,1
7.438223133982965,214.86612931860003,9073.54268368239,8.881746806521516,,368.8555295704282,14.297093856654227,59.460428328098004,2.631669157879375,1
9.235717369499287,164.09311114524508,35197.91402266691,10.049723542553805,351.29434898995487,388.6835308068135,18.69090197466673,93.94592103877147,5.604398068137308,0
8.039210587601717,228.97976777449264,22929.431218091733,7.26777626863027,441.6878323380762,481.11920269392124,8.31460279004586,59.08251602941847,4.595753700033007,0
6.2,234.78716603605884,39280.78878265637,8.730361014521447,335.86384831462715,537.4541787467606,16.084685450630634,55.48278230933665,4.22836378472457,1
7.367625917309533,202.52212720241081,16032.639816869138,7.750360987168481,373.49901030764426,279.8169106431757,15.49270037863796,50.27291580230266,2.8090569285673923,1
,147.24229041451596,16038.7620988578,6.514680490077407,303.74156277328825,558.716948060239,14.033261219056023,100.94896629239854,4.10686971191104,1
7.288260605697014,192.62486627259702,32063.97601258489,4.078853360789187,391.79267516988796,520.2641018133802,13.711178951466827,76.28007240739927,4.687083501635107,0
7.329605219084306,202.7959533513447,8003.781225693518,9.689857876789748,304.64264501753695,442.28877481341544,10.852938923801277,31.157295695269106,3.8773523491517454,0
6.750401994745182,158.74265217681372,8866.815387032553,5.462418540935826,352.67334994338233,406.7500968326737,15.628174349241066,67.53940710773581,4.477694792347273,0
,184.55145770831626,2508.2287260669946,9.304778040040077,322.85271385524516,457.74702269690675,10.76718821441614,76.15212205744501,3.7607556629319006,0
6.959156220595458,150.031747149324,31666.857263766666,7.968156054234357,352.51312280063894,374.4423188587552,10.47950632306534,77.70839973273885,4.812172802761475,0
7.113547758598967,216.379914202054,26283.25115547558,5.577899799309173,324.0794357935203,411.84224238830905,13.774721256576619,63.868106025303895,3.5367437206338845,1
5.287802546829982,201.8599298602775,30599.83590899299,7.612957411673946,301.1249301916617,307.01782232373046,19.032317482488317,42.42587265136404,4.280705701067223,0
4.907675874827575,142.25373387761135,32719.861952043182,10.489999476830821,322.55607920237173,285.48494506887647,14.520420526263846,62.789146332508466,4.088953429364799,0
5.4711311180606454,207.96319394604717,17765.062560791164,9.546331077764759,397.62141713946414,614.6503760842354,14.890328432649742,65.18691938525127,4.153088880908004,0
7.322051260843959,194.54085563085943,18846.29725342067,6.309913371307571,,431.2964776473896,16.610897944447508,62.11990834322124,5.365632098428108,0
6.848783910773107,213.39002990261991,23050.047394708046,5.995070402068203,280.44160876300396,442.6580728969912,18.497866366961354,81.97010056220027,4.262231303457759,0
7.658703409286436,183.51858292944644,32199.784183439282,7.278328698959394,379.14884383133847,423.7167903166414,12.994761540978637,78.16811725877255,3.2491111806288813,1
7.309153207248624,170.0313277155545,37915.14337800273,6.858488308227658,,359.315859225944,13.634925085986863,65.7705681249082,3.244832176842821,0
7.096166376473397,171.03921178953817,27385.05807603012,9.015585069315513,364.5750745256075,401.38938153112804,14.288797476997617,72.10157929854783,3.1008304884744233,1
7.851544953737611,178.6941998755575,40291.36721240949,8.28855083554645,356.7010371104705,433.5680464726427,13.712898887164773,71.20842372229548,4.405762283211103,0
6.329051063211167,197.01934567751644,11091.739138813895,4.446258269585092,,410.31162717380124,19.001309888989702,94.02182463089926,3.8840890464400144,1
7.048190077005728,201.26783351247568,20997.36306646264,7.84470690356978,410.5220314793627,365.42201960228607,12.396537193485052,58.40834596780469,3.2597974207391083,1
7.198639948538194,190.12531602011342,6330.392623305037,6.837036281829558,,464.9426944925028,12.04297853189528,45.94750951911914,3.7467676736989004,1
7.23275241633833,182.4727868380145,25811.935569256497,7.178630854924346,359.08690372171475,441.419867102946,11.820937988735793,,4.01091415140259,1
5.70809024075793,184.83883248261967,31741.180653492946,7.5133299625318415,,457.9469479568904,13.727767154890598,61.078542892576245,4.53568455887191,0
7.2665819444452495,278.9041454431781,8053.683030286766,9.013991828337032,307.1656535527303,483.1676208112027,14.229180998555002,75.09794344730123,4.148229802206757,1
7.898345712341358,171.04314251570895,13877.59073473534,8.664912882402714,302.9258017666792,412.42166788629993,6.946938719618838,68.61610498365815,4.357308267674122,1
,178.04272091883027,27344.68738563326,5.935406469714073,321.9104358948212,412.5538544252566,18.885281133651947,87.81498039964946,3.996996623544964,0
6.368055121815414,304.7678001653121,19477.589471780826,7.027393091050323,,545.982167029966,12.708321060910425,84.26029308300208,3.85707342443663,1
7.276504328438692,210.2513376509522,22615.045927987085,6.411336199285605,275.40628225801663,349.9235711201431,15.653875868624931,69.44329204044985,3.06744146599876,1
6.391349428609799,150.99863609176842,36886.1356281512,4.462683369127575,,274.81055474347113,14.861527046408881,89.09482800461458,4.0757124803506635,0
6.076488728915133,224.12440901085196,21769.496657079195,6.947194597990277,275.49278889172695,471.08752712624437,14.081155908324297,64.19652199565004,3.213716299807022,0
7.81653385093166,166.45972054528227,20486.0554604182,10.034711995543372,,375.348512334159,16.4681375115387,118.53013481107863,4.202514299470201,0
8.078749383005134,226.3081236067877,17673.457636232768,4.4149714378753995,355.0699466829311,339.15004265068933,11.573930697799563,84.7635600142758,4.052722767698178,1
3.4106306154873622,189.4593410087046,22974.289854168794,7.081982366017094,413.003990706414,497.72723178106753,21.50938969922555,56.31658187899172,3.087690855353622,0
5.3979845455264535,181.9307165517985,14902.21349051401,7.031301730252713,,414.50271459226,15.359991004916662,86.82378691874044,3.906840786951447,0
8.764038317514483,249.3415274744275,22537.41103846968,7.574622045387626,321.1829173235909,324.10402414334715,14.156934713624604,53.14278839709725,3.551075641183112,0
3.5988983347819903,215.03460450248917,13584.623584052568,5.59889456731759,300.7347666019887,582.543646415972,21.900494812966038,82.79601707012174,4.955470281363558,0
9.023390974172997,228.41135249207892,33937.574279545996,4.868325266536074,343.6900898044235,296.0565498366901,19.754305747879343,81.45406868762258,5.437451720723957,0
,210.70885745620623,29365.03021481367,4.94181570226449,332.547625637016,419.1963858992431,19.246887522743066,52.09810438154884,3.1473243234535615,0
6.1980348581348785,181.77777516720707,37780.84277670434,9.222875338163735,382.9061560439193,273.54643659234705,13.347596360238771,67.25362901050431,4.116072644127674,0
,216.51356042649505,30133.58573713017,5.567356160508266,295.35518100290926,448.06918529525996,13.641443426460157,65.57558248488058,4.176532367474592,1
7.454444258109989,236.18318641931876,8721.8133723152,6.330691737187987,417.4653428190845,374.39841702299793,13.000602755671109,101.62511847746995,3.856194537376643,0
7.279345610161639,200.8328816317275,24562.677075345957,10.445319505808499,386.57576538700073,492.397405078613,19.217072843588728,75.07825795817732,3.631986500134649,1
9.026265461216951,255.67404168300004,42266.12099575969,5.959876062293199,325.3741217073542,424.7951799864179,8.680459413216179,55.49401299173237,4.514772650061039,0
6.728527478579409,224.3810289853428,24013.07327844946,7.660991364762463,,535.3291085437518,14.061639637438354,69.63267421894506,3.5628629665305525,1
6.0131005427173125,203.37422588748603,9261.483568962318,8.800822449068301,301.3784968646289,391.4791154737629,18.47720910748987,76.41209497842911,4.2018054104615885,0
8.548773488999744,204.6739068704862,12816.073286709545,8.724837895427203,342.31141730249044,296.55281602340983,15.369490026300616,75.2703228441016,3.790730872726185,0
,200.91510154303487,18302.195304800643,5.016109355870984,280.95409846501633,445.39129708457074,8.796892430389658,68.77273318142218,4.199687943927759,0
6.883088523179365,155.2342439539248,10894.193686107354,5.992903132631632,410.2479672108784,405.7933555788969,6.606242798267423,57.283385842061705,5.358865300486615,1
6.4985385976856165,193.4366247578969,31395.57528281782,7.5977350824781364,,279.20380158470164,9.011335336983805,59.02183857160636,2.9095167406027382,1
5.99255564266696,203.67703536772441,36623.346573713716,10.167847582665601,,340.9252736922746,19.30646660727571,39.72455733429728,3.9375464307529517,0
5.38126071778255,182.7107995103312,26342.948223671447,5.916813159346911,,366.63969840549964,13.919271660173182,83.7523505901889,5.470764411548786,0
7.551029678470127,207.50957391538446,21883.622120045067,6.340091485104498,388.5442001315931,551.8749779443792,14.35071845753788,69.69980004813682,3.445401441758485,0
7.02792348469568,197.10101643268317,13878.543990050419,7.782927585813587,373.3305782836659,483.3616206052543,12.372090570874798,56.30349787800228,4.070888341762877,1
8.475704042387372,221.8544632171495,31662.797030909656,8.099059999210436,338.85289600868504,398.102998846347,10.768904866184261,65.84956288208683,4.429920440149047,1
9.100141199874544,218.21639733706257,16670.039370870974,8.194801326798324,375.983545142326,464.24627417367685,9.804607460496255,88.48614557048666,4.338863700573563,0
6.550185428977388,201.89934316154128,11128.616068723351,5.782757733561016,329.02187179695846,261.4116417073083,16.822694542122477,73.48623940948845,4.553188451218094,0
4.484626596166434,151.41869587616426,34959.9595750836,6.27936394364364,351.2885514616951,380.5555862192415,16.856195090218915,70.60887078346714,4.492705636376688,0
6.239610139952407,255.31477810261052,33655.365398479,7.4604918956871105,402.1814595321632,458.6004266238757,13.399811296821857,55.39086510722162,3.528177593205133,1
4.842857037655051,191.7317861470094,31787.072979962075,9.114451873952685,323.5899786493456,439.5624055567538,14.932043564304028,75.90770576136276,3.8667939008888843,0
7.649738900604027,193.73883567343017,37048.27858237733,6.743195150252885,302.0721735000514,382.62002341098844,13.636167231401375,52.51446999157177,5.2830328442318555,0
6.307880798215245,185.13106407779014,23088.595726546424,7.084762997867565,353.2733889731374,423.1047029238152,12.245729535382878,68.32054367950582,3.6404641112644622,1
10.403821185449111,180.33125651544384,27969.772206320682,5.499033069319733,,453.5191671807311,24.292636734763132,96.29942710902127,2.3444488900584575,0
,247.19950977921724,26724.091683755945,10.063898394389744,338.37253631781454,425.44398185838617,16.48160744521077,67.82757271675348,3.489046690026037,1
7.648077498697356,242.00085814070204,300.0,7.3637354564839015,,495.7691197194166,10.888212924121166,63.042873304106514,3.1901541694595767,0
8.393741166372234,211.02054297770536,300.0,8.822852551699652,325.4678717599326,451.9511304789215,9.935138803188021,64.9747349368088,3.7501445033616525,1
6.16489655376262,192.86324491922915,12376.462139526204,7.167237588746809,339.08040479675657,467.5082300107181,12.574970527311514,63.263941610511566,4.684034450580285,0
8.35574953701554,216.76898170695247,28616.277405543733,7.254721963084592,349.30740013813346,564.6552268889907,17.578898582451885,91.72749665673334,3.371908533503831,0
6.4449525923851825,198.82792070021236,20687.688260257808,4.749511952453744,,493.06251170357734,11.549460221679032,73.75428576271575,3.322266546092033,0
6.1812580870080085,190.14166598717006,18891.001314182795,3.721796245885744,400.5894454525584,566.8694424675825,11.29127579206517,65.43305945310813,3.722883753378989,0
5.078927699178999,207.52368481755826,13719.345733549479,9.098010234700816,,371.90931920940943,19.06031526250267,76.61770560911681,3.452203172935787,0
9.576052804068077,181.88591012549486,33202.10089043813,7.2433319785346235,,297.53295907407966,17.218171037293118,80.26692615237779,4.661525658990685,0
2.0755049567582393,204.69949428571294,28533.830055435923,7.446156434318857,,414.8653121105587,16.794482919829974,67.46455842000798,4.888744066651054,0
8.415932480530612,203.1188684529518,28961.316617627162,5.1464950715233515,375.5664247871832,407.9718139764675,15.736386971631486,85.36407746225387,4.195068030877735,0
6.01888461818468,216.2365950993857,18180.778636541956,5.6931585990860745,365.8533472788781,544.12066351306,12.677463112645983,47.64646484183457,5.01643241537296,0
6.1203526102419366,176.03039409905247,25874.73370954819,8.798437161793276,363.5586334461473,334.8924098413274,14.215651136750843,74.00312837174462,2.941530674831025,0
6.817115412024673,219.7634860096382,18134.98309156736,9.86942715792947,271.78072405851896,419.82657999483666,12.498251791687172,65.2265207111897,4.334670165746688,1
,166.5823518819284,11491.233201133431,6.138387058239368,230.60997766281048,458.9384927762652,14.823238146580074,83.26463856748937,4.184504551470134,0
7.131539876549675,177.56255716166126,27215.159479436777,8.180943595613629,386.5959518988938,434.28828232193615,13.730049613098041,53.79070287454308,3.6211648299638526,1
6.8599962824035075,178.99836555410502,25971.571878198592,7.420239393636936,351.96869827293386,412.34040450311335,14.089289886155697,57.91134266626599,5.771884890390975,1
6.470015527549775,161.129496688906,10961.936633300857,6.929564274677194,,455.1723310190727,13.525735249876211,37.77617202281421,3.455720564847172,1
5.543150924819903,229.8152891233883,22966.634181961163,10.046095251881745,362.54455935009844,513.3910885776877,18.061757236043864,80.19487580515406,5.265760462968913,0
5.607868607346021,164.51817353335568,300.0,6.403941399284052,413.59063133656883,550.288234074791,16.59050077955293,30.953949328003972,4.950327433039364,0
6.6522509460528925,173.4056524993205,9302.896678221727,9.080325966487628,392.3201902660414,428.8508223624516,11.852547870604266,67.32260804476051,5.340849968155753,0
7.686310033043253,237.70291367501054,21138.037479605893,7.722648840926437,373.63593171400106,360.2796631095592,17.86339779715605,48.61856510456343,3.618461185085367,0
6.980691534437607,177.6278291090149,17443.945720924883,7.093314870663586,297.0895588007286,550.1903548027439,6.1073070722614515,,4.645384857682678,1
6.060474013643549,190.21010565895662,46763.62238961185,9.287787133392264,302.46886075704714,339.1272175037724,9.225228825226925,91.6152733145962,4.8996113507560315,0
8.8,163.10424586984598,1745.4414635919748,7.578412507508384,235.00284619137693,570.8787705237028,13.341547026223386,47.705737163243384,4.103551160542269,1
8.152291063101464,223.80409473078632,22390.949881209275,6.9676445027385965,360.0274578188357,534.8061374854334,12.662812318661757,63.44786024635542,3.8205075287431938,1
6.535884771189564,224.25762243388604,6316.701191412234,9.299518633311612,379.6971659748923,546.5434223474526,15.605918283447282,51.6399077250048,4.705994711332439,1
3.909668031981818,220.7113202456614,7092.940802463789,9.093834360959589,383.0733711123286,481.5795811626253,13.978523528729855,,3.7572402828685965,0
,214.08473134758074,12385.984370871303,9.019102047423123,361.76282151085854,255.51080475686453,11.102830680207223,89.70490626368455,4.6258799682930265,0
,198.82108175254078,26259.360568581695,0.9772691402409306,327.4216320693892,342.239036849096,12.100137944352472,48.566845921855105,5.234245298684767,0
7.042075899357472,179.14800765774032,41009.517607138725,7.815479068666689,310.4389130769201,450.99656823199916,21.84305197313848,76.21905588592155,3.4450425224977073,0
7.616253354204414,169.58750981068792,27413.344899513002,7.455145165050553,,371.6077225170846,15.19661389485127,32.26524442249149,2.7099504403230803,1
7.757065839037262,238.83789183045894,26120.6387213867,7.064916058544933,327.03421124456077,400.7253858302987,9.952640487525125,69.63657835534077,2.5426009564776795,0
6.403299706371229,221.5620605398048,30870.347596889485,8.083451821676832,293.31799308868705,475.71490101073476,12.232820804024566,117.04199127295712,5.690430546260467,0
5.646954377270788,173.59029092510605,20992.764368573466,7.531679858557154,,412.46607776968614,16.886406199613734,89.76035622720423,4.5349081360414925,0
10.08738195476328,197.71046517454113,19349.094905075923,8.190935719376947,279.88181770308415,327.7031351705933,13.454990340330918,88.65880944349772,4.0289823752223635,0
6.542435471602947,186.52621344079307,24980.751344643686,6.696620343747112,,497.76122402159604,15.644452057687912,,3.982293841622127,0
6.05759722889846,159.2818677822808,17946.25078905201,9.48712539567886,253.64055768396184,467.8041442324211,20.10342371439847,,2.338236904604969,0
8.982670496075146,202.24473029084086,31080.558717818578,8.350731823001066,346.0773712577399,406.0811278072512,17.391197501821978,67.78849230996788,4.2974215219496585,0
5.527515318151968,182.73029134653046,8940.416960016952,7.977192013013448,333.7013144160548,483.6703076756576,13.459611774799424,65.8273892685449,3.6690195275414252,0
6.55130360368021,165.06154367887194,27779.074025021862,7.900054269256845,,433.8798026982851,13.798449081880612,94.6604232051929,4.02636599800328,1
5.770018046829406,147.73653896873606,32654.87680938492,8.94850446583983,295.18277278635577,533.7739843471519,14.631981822097234,75.13844651194387,4.164603621698696,0
6.919468699632106,144.95086484323343,24573.473616876145,8.734266703358074,,438.41759715304676,16.957121034250306,21.853890967118666,4.145748957039713,0
6.2,184.18008039884637,16179.432299154509,6.941820155396865,,533.1733554597189,14.008175972376696,,3.284353040086699,1
,193.60037547302028,22160.1517482918,8.684690401700808,328.1336693802199,274.8088552648828,17.322464181561312,69.54001077258417,1.4,0
7.393261561016107,167.60260334565982,8591.646678228994,7.3950025392664305,414.8376020794049,463.3048970755158,15.172634589511802,73.400814438721,4.536470298666595,0
10.874171269851427,217.8093271699228,14892.007616020239,10.14874433057052,,394.05276682818817,16.36213150020093,66.81937178892879,4.280624072080474,0
7.538871668069504,194.24351877534053,35587.188994765194,8.854409941454206,355.860702410125,356.7886801418449,16.36553854132865,43.168390576545974,4.3947795049175395,0
2.3816974707734797,215.3795267186956,22218.30951868303,6.131537276672525,314.57115828682754,519.8068468159341,14.77720706098204,66.92281072171538,3.964093231587979,0
7.519967992519966,190.38223500282442,26844.7854257918,10.80252288933142,301.32436989946484,498.03826449560665,12.981668377612557,43.12037360070354,4.161584865901274,0
6.971971989530238,170.5038298016862,15844.445873504208,3.7987770591360697,,264.0766835213283,17.69908459307584,100.00863311934359,4.26688715352326,0
6.98255504626777,200.1544680904604,23923.980955858216,8.127020490257086,437.4625366008821,484.0120473335704,16.121284115531083,65.073576569149,4.353123621305179,0
7.367299887852725,154.8580085545972,11164.555542860197,6.019929219476449,321.90049343139003,474.2071621495995,7.816570994779621,34.02149028519659,4.524248271377894,0
,214.14752732894573,25148.88141573493,10.09384486400337,348.7635250593037,367.7758222620611,12.209575681095952,,4.360348316890072,0
,165.5677911057179,23148.93151317862,7.5194335831665535,299.5043014752516,358.7074410853762,17.021910987766034,82.98233899441365,3.4666078421816366,1
6.800037023194761,226.60985012295046,27721.088524066945,5.865803165162348,,297.68152185244867,13.417649364067145,84.90085224758096,5.692269503714113,0
7.985266849583357,185.26480594864103,17980.30893157644,6.698938354693058,301.10098285802945,398.9274227032533,16.435858710577502,54.358649370754065,3.4360485101765956,1
8.064783998564494,231.35735268659627,27245.83990825767,5.991988295308365,432.3613744324457,411.8590069048294,14.396040251384989,72.52854287305445,3.5028872680017376,0
7.903157620754488,159.46569709544443,21193.35876510406,6.636872373859275,,490.5973398529678,13.898462806557367,86.62268815246964,3.123514209470435,1
5.870046485330448,174.10137684602182,15615.944110343462,6.600736766894583,,447.96593345164507,19.313807219054404,53.78167551284179,3.8012885856669643,0
5.099395962285567,208.93275975131797,20950.515651045236,5.933173727452334,319.4042994738162,340.55942428340995,26.30814066311638,57.83413122071886,5.559012966139921,0
,234.90935437374026,11469.18403729795,7.546700822300546,236.22719230447424,445.5010454555435,19.32171303411541,45.300380980435364,2.675822881034825,1
12.645184759982543,251.23143308356094,29303.344386825498,7.738134178182637,287.89944725665475,405.6731301121638,6.494126577614196,64.56622739046571,3.9885877928345006,0
5.539870856815657,197.7609467851007,22191.342844858063,5.545835901783972,350.2368251072286,350.6660419359128,16.165422258714916,61.937789038357096,4.911892179681955,0
7.02992147151857,256.86183125288426,23857.448362679366,4.499935354390484,,297.7678147031919,11.27823065878472,64.55245784990552,4.0027097530914855,1
7.090271533674145,186.87003631074333,21470.598867768953,7.611311194396324,333.3684548216613,476.684109470061,15.343551420933494,,4.235179140998154,0
4.058245523336803,232.5494547757418,42282.942281942785,7.960434470768863,,462.26888967794093,14.468285739645715,68.3373187404148,3.9263599390687696,0
7.121289988597702,165.40224520003886,15165.603370771816,8.273742483898749,372.7042294336543,471.1869374850973,17.000288408767513,46.55977116603874,4.958310989772803,0
7.689831198633849,210.22459667580108,8011.703388429085,7.990855522918722,313.0442476963602,367.3578497738655,9.66221498652964,46.16180341511067,3.7071845757817163,1
7.4318771468906375,119.35829895582295,6690.488863694327,9.604892505664445,346.54361842473577,440.0232528578225,13.068569780023944,,3.554615645921543,1
6.866581020666128,159.49965571661224,18646.501783331056,8.695367261351397,341.8865860323498,315.0705769169664,12.015951399834645,58.38570861629205,4.243463547251848,1
5.1268714536902635,211.75366665685718,34463.97544684533,11.354128550336611,318.54399884480443,346.48410880236804,15.624260592028184,85.82357134917659,4.56065917378494,0
,153.2207617626028,13230.53369670316,12.019022570996054,297.3143434869621,428.92556173966545,13.834981085264243,87.9230206010733,2.8160916381123844,0
8.885622864965136,210.44664219496417,30420.420314828436,4.342197911521352,316.1085344096694,447.398124850032,15.202349323508635,52.24517608818621,4.267469193185048,0
7.796818179918341,226.22247217472676,30927.449302177745,3.648520962647364,,294.5915140080995,17.047983326565742,57.1737246948789,3.2741975767823024,0
7.9799780966921565,179.90656565956866,19351.531026958066,7.108321749402191,379.8553415392198,340.7503870843468,16.715149425801084,62.22439767569949,5.200479711065086,0
3.534710807055461,164.52144775831889,12633.96989780999,7.9166872392109084,,396.6762588444745,15.760213076668899,68.95789393779818,5.610551535287003,0
,180.7992603383791,18021.297042721042,7.000101685770959,,503.6483136191516,5.95051020254252,74.01256201785864,4.043757634267843,1
10.390100822675125,164.6247746988403,5480.884563867534,8.231657104771262,274.27966409917076,360.5012975684094,13.057933302865147,73.9177811870323,5.7128763699923155,0
4.635425509210438,193.07007394127632,18356.42166520931,6.693017520870567,379.1948605324069,437.5584828498423,24.96700009128774,77.46450671247186,4.423886496673319,0
9.804265547158344,199.7587815588179,29199.077155547075,6.023557793805685,,446.0277253632337,16.358296589158872,77.06321601724183,3.72766749889874,0
8.840933345364824,186.332266950115,13962.532507554004,6.26223244143535,,406.02490048154334,17.76862129567648,96.22648750880222,4.3934945939516306,0
,251.48641900214642,21406.112113862255,6.803733976878558,,447.8560190832823,11.20809565102498,68.53337268162319,3.5765563045239044,1
7.996932209390892,172.73161433229853,25121.011518775416,8.452749503615037,273.1926913146697,317.53072219124925,13.322691414986307,70.53826192920619,3.321234143821367,0
5.275528916274076,242.17815159749978,10173.916919846968,6.350949699267988,369.71037839727,373.2123943561944,15.763507929570046,47.097317952250705,6.113673980375947,0
7.1880207051570935,162.14322912533146,21978.062175012343,6.6634294493916055,382.9059937595887,542.0962764834867,15.735628268801891,41.8220793207566,5.135203476191322,0
6.005249319774767,198.79438205107698,13303.082910112058,8.020942613590078,305.6855734604645,547.7850040814068,8.408175740547968,97.63553424969149,4.37884739842821,0
6.955175185860055,235.32416794123148,23459.185232002943,6.8059016918786,302.2283765293796,494.3079962183738,12.591687338788143,78.26608093734028,4.967491816189084,0
7.926886940250002,233.62165030913417,14953.447568345699,8.884402670019716,385.17996369536445,515.1116889482547,14.096396946033842,61.63002341161293,5.733100393447809,1
6.4252427077374366,182.5735151656623,19439.745038728448,5.667180153068603,307.22681123620987,278.66640283198717,12.526998264795942,73.05098010118591,3.7020344938678416,0
3.0266400375124247,214.66179379034725,12891.521705742802,5.324545264784531,407.45309260525426,349.54537246827954,12.998401317887435,77.2229968742308,3.1782356224779136,0
9.031389886870718,210.25679185255305,17940.701960055063,7.601313873748982,,401.06299317000855,11.355563026936192,72.25662550797126,2.238734617927585,0
6.745896402556214,178.63600102429888,15325.509808701065,7.758775770378379,,621.3838676542543,15.253496127053308,76.95084913362294,4.19059824718969,0
5.97887924094575,216.66475293217164,11717.715347744579,5.753363999348208,,400.9028148598793,19.99075514864443,63.0914792008175,3.9430687398126487,0
5.835378257623442,257.67599246052305,34486.08534024947,9.242880734097334,,486.38826740955244,15.556710449069197,87.6493813417642,4.561395888929183,0
6.287736431895407,211.91895188056054,32699.841660499125,10.161400159436958,380.42519279479404,456.7724598829916,12.931719537309483,69.50693803645383,4.411692665318044,1
7.609906754806704,215.03312487142506,20624.234925656092,6.127990343711669,370.47253977842104,454.97477562708167,10.848261906086748,81.70800761064616,5.3391204602710065,1
7.3887100204962595,218.51389878280327,21130.17244961358,9.469935062915281,378.84760051988445,424.2987256181934,13.22274400671261,71.68898600093468,3.4802792992656584,1
7.69010674952728,148.33386961801588,20880.637141849318,3.3562311682388586,341.4391172647342,329.2373473177293,13.456910189805098,64.35559566254446,3.9123044286696214,1
,211.54139174848692,20778.338787716213,8.82025738141448,314.9069237700338,207.9459557903704,10.965553405148295,60.472317793062786,4.131111795378209,0
,162.94860998781246,3278.8582338001797,5.7647348216171,333.4247500924919,529.7728725484867,11.491836338803742,53.96346156482001,4.5228024720557185,0
2.615166438899318,176.9927196510424,18278.832327850487,8.662194837515981,,376.38697887039086,13.780320977766781,40.41747219417758,4.809420890421122,0
7.777822359797685,267.52788460110173,26520.369082636545,5.601183942188468,394.51709564577453,275.33725384633857,15.17371571319789,,2.945124979589068,1
6.649985025813747,188.06769304222516,23532.12190139125,7.0117896952896634,375.2941321652621,461.5872504970367,11.239648127967078,89.76806094022538,3.5351890954024516,1
7.673546626095725,172.04827196871992,32889.76128127351,5.840017357463894,,460.03818425277814,10.14537719903312,65.41113500543928,2.878846061869084,0
6.2,234.31996684585582,22594.125297957955,6.782068497504312,295.4439367896694,488.2456987676944,15.634184692497724,55.95624959035416,3.3704264714885177,1
6.765865941508327,165.2214266064858,24651.888734059135,10.011279965710102,397.59076309163805,516.3498287053085,9.9371353746479,35.118639882601244,5.697078410326943,1
,181.67991015615962,16967.092984054925,6.949458281382419,339.45872321153405,351.9459013622069,16.165599793863002,,4.8585647535198175,0
6.520699533112498,237.49381632674488,38428.56684226947,10.454276565802822,328.4110671478552,355.50147810119796,19.835846044183725,61.63357754919871,3.774406784646119,0
4.718984537138983,197.80705289863187,16061.710477864905,6.510416153473319,397.9556225963649,400.4487759134842,13.08433525543611,45.78897655027895,4.559942025950196,0
7.0689775276896425,145.0234572153372,28982.376530256322,9.476988232014747,312.688119126148,492.5885268716571,15.366468673726375,74.39904313028242,4.98889280110368,0
4.117388500204182,214.29725831121416,34048.06655361461,4.551405681709771,320.59642628495726,256.3067692999592,13.59863759315078,58.3016339040879,4.994730104867823,0
,183.35627248066987,28476.842736958613,6.667315692502458,,436.55907195617357,12.896302520531119,96.13019405510668,4.229779893878416,0
5.473673920642094,247.06111390684507,11142.30724091021,6.272946223185936,279.2940362940278,501.51544341803805,15.763516237728664,87.98308156510792,4.27170445267274,0
7.790171668619446,176.456449422837,6727.69754066966,9.549574849259484,,498.18120091906565,11.640206934320936,46.10073592564357,3.299889756491249,1
8.503484234693957,230.98533453558298,15246.548519245136,7.412693081936998,302.23892757031217,483.4517760548565,12.778430760109591,47.64060952815805,4.878125397220224,0
6.759757189461301,254.820465264832,6992.066445899558,3.8208285919569573,310.17212028231955,512.0904420358397,18.02708028464206,47.17920913730258,3.597878019074525,1
6.211039194169858,168.40396793659934,35315.67440867252,5.049995145536771,304.6363711527711,204.2276373135316,12.270598416285079,66.50901055423503,2.8440002636500834,0
6.650288806822498,190.04329161705547,18967.588782889892,5.519993645980547,309.4952935832167,556.5682701174397,10.130754473968164,49.221445272586884,2.805114300539444,1
6.049053817624725,209.18577151935241,16556.191164846216,8.595799464697226,299.0689411897453,452.8967202487287,9.432480163247025,56.509332890649986,3.311157803295045,0
6.2,168.19332474096768,18116.282821226683,8.391911824176916,344.03466695346685,534.0398227515827,11.189574793370664,49.71984876801797,4.096920189043263,1
8.411906239276677,205.29270374668764,23558.66890833746,6.645368895921431,,331.2895342653993,9.465977924276476,61.657806160339085,3.1648534834413895,1
,189.00012254105286,33468.92688207095,6.253354526084235,335.787536921816,284.4907909572371,15.32605879708526,49.53932111940477,3.882631781181369,0
7.569678744658557,188.33727689457828,20112.295142758034,8.251893420543084,,570.5393169484557,18.834532882334457,68.5379267408713,2.9871250340110054,0
7.7445138218262235,198.01007312009688,19640.118315284537,5.335353513957502,327.3597671024932,351.3370357627432,10.700927488395472,65.58755996896006,4.347054723867118,1
7.5440895699021695,198.74460914253476,25543.654532581935,7.843116985161558,358.8448315605856,401.08340850564633,17.575580759898184,83.57360353757232,3.889040750567208,0
6.197568584103328,201.79167730260173,11031.980868300961,7.708578435054968,,468.8183349493691,20.321976657620134,68.09463464922153,3.842603394935038,0
5.766893831490123,176.6986132344718,18421.458040231268,6.6861484429545115,331.1977357513191,488.6492421513121,12.739195908446492,60.62219847166993,4.194040598576997,0
2.745827763967415,178.13485026889313,15884.589385822643,7.748331184772231,345.13528404596457,513.3360366250342,18.07783285580674,31.552731921513242,4.071649085259071,0
8.740607010654761,192.4984683276631,26343.196680302648,7.281309077858001,334.6569050768644,444.2496023251768,11.240785835207515,58.04797650071545,5.02894624999632,0
7.751788440937121,194.92747360334235,25085.377007300885,7.905922801715334,342.1859175824552,341.01181477682974,17.582405260047633,,4.607053990319145,0
6.559584612894515,181.9618567157563,28595.174014333526,5.012118352601451,309.51820492098716,483.295916706341,20.854655476466533,46.41861597581662,4.0596234158779865,0
6.639269266511114,207.05761422463002,19540.036220619608,8.090913129235348,313.3396517833953,484.58252935713085,16.8443352608924,91.5600684282671,3.8367269980931464,0
8.298674098296004,136.69433846858604,15362.814322701506,8.74203010061359,334.5005812859194,279.5451807921535,20.916340659303092,59.46148037623604,4.079575606576091,0
7.704325106517831,172.3676600818955,23573.054541179474,7.627103244491823,252.1631891445689,540.8297352055909,13.501253158283431,65.43174001915358,2.587589005093914,1
3.9460508611482794,187.1903745179261,25935.926312670923,8.06992104456657,395.73741349628443,225.2442905051288,13.00443800673405,,4.094618113527654,0
,168.2338103466931,14418.905421433174,6.9463274784925755,423.25952194516395,509.78078343678294,14.630191270703174,62.63480652577714,6.260942847252408,0
4.741024560504193,250.00061468721253,34445.014001014584,8.528305454695609,340.8525007608832,374.9639145809278,11.895107066891836,49.26735206474696,2.881101869161488,0
10.265867636724817,197.02055475725092,23112.037327403432,7.22309046220817,361.3504239381916,483.2051660877099,15.221764469594003,77.07309214167097,3.3326662133664264,0
8.563745510521272,202.21572241363222,21101.71645780292,5.306252773721716,378.5557875400906,467.4236917881756,16.043858371533315,59.21418150406887,3.208012955509255,0
2.7148839818428083,180.50170970793636,28590.668416127006,8.415941524715551,278.95867278145965,423.20049804841665,15.191122719213382,55.17186397854273,4.348880931252891,0
7.846762278481221,195.8808735197296,10780.833113071,4.5380489289377195,372.2307069347751,462.64780046192976,15.148972649244554,51.41097025388477,3.6709448614358484,1
7.565230020311249,156.41816102444005,19424.788007139137,7.566791995975645,,419.214948642547,13.04594941279585,76.41155098302468,2.550230064726664,1
6.974083224270739,190.8130195124721,10112.60283429551,6.512927896925772,428.63598311441734,483.8872267868659,12.158399437260067,69.74960941578874,3.431166578111374,1
4.023852909384047,165.57242269919965,23474.537255398696,6.411961315466556,326.00605380205405,602.7699583789228,13.440513684429293,28.63023250983344,4.315222344637372,0
6.648543220620777,187.27342206152227,8448.508690065633,7.391742224883404,371.39874403930673,317.8278895567021,13.382494837527721,91.90621250081492,3.6328889755301117,0
7.032089845032015,112.17874496864785,22208.005540599806,5.999324658507569,326.4137046830905,181.0,9.49595573025208,84.92897524313342,3.563311647055537,1
6.002363597062393,159.288694442208,14116.415955800381,7.929285502321975,424.7430801120805,392.6135192307701,16.308097071941802,69.60575847091442,4.881700017052801,0
4.383673804653913,244.56317870852158,34248.23268671384,7.209738679542763,312.58870101458933,387.0907072869465,14.542495743774424,88.53299346594731,4.434208334779313,0
6.842153657493671,223.72008594563815,6352.004703456756,6.1446755567687275,382.0346757953539,395.69249142784366,10.99132167997236,74.27803508647739,3.36062954818971,1
10.59504825153593,239.7963941516111,24996.901304523533,9.234323720673183,,351.3437325226489,11.068689481908955,80.167309400331,4.9173852674711185,0
8.8,242.0560297721734,21938.17068978616,7.443556524273207,,496.69268087148856,8.616496183709241,56.93178950046281,3.4248594272360897,1
7.4938258365669,218.5412862550113,8225.105877547308,8.11666547481068,343.2809064032536,314.5885799647597,8.459498839094126,88.53063759261443,5.1429361999742795,0
7.550256662535599,181.50062025102648,9217.004333720215,9.358210192601186,306.1856817673499,462.62262854231,15.236022912165163,80.92958040267119,4.381259375082279,1
7.802151013439874,162.274443867861,27545.064633794078,9.332282086555109,,477.78802192284905,13.01579029574193,59.79670917679168,2.3086118469504715,0
5.585171596458794,234.12789751929503,18887.041211237385,8.036061017092777,378.2798332903109,451.77044528888143,10.262059421492383,45.8937634753019,4.702774172918073,0
,198.52428635734515,15892.250451166572,6.641800042404509,313.56206083174663,465.56117668673465,12.175505040147096,82.61831745711856,3.023448598462628,0
6.177177754134178,278.4533506589647,13323.709106478464,4.861068015691206,382.22144594843604,502.900794262779,13.618431621521214,71.73941839105034,4.332000730939437,0
6.361647969955752,184.3882765892462,33699.32997752753,7.446571306757999,,430.5280748063574,14.588652894883136,61.4784982137686,4.058038395641712,0
8.060903723667995,261.3082736222778,5527.7654659491745,8.84944321899147,383.490630734233,398.20307361096724,12.7689795883001,82.27467061316221,4.094318311328662,0
6.816063682226967,191.24155008610967,16815.30544744743,7.6798174146413904,366.9983503325322,465.498731440889,15.437612276076916,65.9669982515364,5.163395307052783,1
3.804904626385431,240.35599884981124,16243.445292824843,1.6775572013667226,,474.7095919990489,22.76920387856525,74.79984623499399,3.0960718663700995,0
9.934352933716866,252.22115815494777,25341.2042761568,8.494698204625818,359.25667851266707,498.08622651447524,10.686139382407116,80.489741755116,4.995913555928752,0
7.246539507975364,162.74494736285456,39194.44915458322,8.591768664545672,319.57183489556036,287.83866500084935,19.332243602791404,,3.0230792692432846,0
9.333793996682807,180.44356322423045,29461.65286532803,6.644068933912425,382.0314631529025,411.37065312868776,14.531011966075168,86.31500314633499,4.757953569666707,0
7.485157677399722,162.41498347451835,25764.493840144743,8.681611446900565,,340.1182423761388,12.982701961938515,73.57068997376798,3.97054968101371,1
4.856702462424245,155.93482633630447,16162.766152438377,8.112185354741534,358.76291817177616,471.5259579902516,12.798657630307925,,2.902893169629463,0
6.422174379143452,218.34649938227085,21091.659920188922,6.036899268194394,,484.91810104409115,14.380207853265349,72.44623115311137,3.190971665838944,1
8.233244837384245,189.9309266188072,7980.378433929893,9.128655763623943,,404.02745536250774,15.641074462706964,60.197362417443756,3.791650335553266,1
5.145986264346433,198.12285203295548,38728.857814014744,5.11738646149234,315.87847989862024,367.27514705775855,17.15651603636945,88.15976695015887,4.104822357918722,0
6.674030251018859,214.70026754062093,14793.243087141833,7.029553419758482,259.28446037261875,474.43465362202846,13.393505774279365,63.49742051624377,3.5197250420511,1
4.692389578960357,135.29197317077933,11326.32770280276,6.871936345820106,309.35976938976887,415.4340207869689,13.514928570560809,86.15395711201106,5.653732580836337,0
7.510781511488176,238.7346015301871,8990.350321662387,5.815807719541726,273.1838132790675,541.4585062995628,17.141470983578035,60.09506783521412,4.328105361988628,1
7.375565578063195,184.91480202611672,26720.69357087397,7.599994310885365,274.27753072442664,569.4546067752786,12.275623597461973,81.30432547194411,6.127385966060176,0
7.025368273644668,213.91600297522552,28833.95413464604,9.190382861325432,338.6222242751651,507.05745272969904,21.364334657870124,67.58862916835426,2.74408897072611,0
7.9175038934150574,216.8214524106192,7636.690502763646,9.091432157540993,355.909626095464,444.9987184086867,10.131001180899073,49.63227882049783,3.9371097974458427,1
7.427033351827595,241.49920684913036,20323.64223293782,8.263389459292227,332.48374992074605,573.7064508035578,12.088856338654661,30.901925719642858,2.7244332837272367,1
6.017617543460758,192.95019194193821,15829.40195959581,4.440442439129133,313.1500734101902,445.65019947884787,7.419389838061056,81.70459063768789,3.521142499244174,0
7.21801839411014,126.53232759748758,23422.088404920723,5.009195364614151,294.5773020833085,387.48113365441907,11.74354771266193,51.93981948487827,4.463658067020853,1
4.973268533517969,198.27949848262216,30827.133992938412,7.382547209218854,,371.6324927359655,14.242941610776612,88.60551152241614,3.6757378896926274,0
7.157777501096331,203.0032556335167,22584.241445009826,7.065908635088005,299.75996609317133,369.3570737539497,14.976990472685575,64.8879020187626,4.378446350708086,1
7.109362410241284,162.37281773429015,23718.387704158256,6.333033872552662,331.1988072761777,425.6853244153273,8.940990144954375,77.740980748744,4.721768657319116,1
4.4934670875114,201.2524425308437,19318.043775060883,10.130410651978636,270.8085845531333,463.6174147459113,15.765250671729433,79.93580528459572,6.036795545992795,0
6.734777087972199,184.522493497505,19416.62404379927,7.287259042010403,362.8345477377172,311.8553192895378,17.299126360632197,73.54185483250043,3.414313414459968,1
6.826371930565814,152.2233950686054,17586.268468750226,7.977012131081493,310.32491154606635,389.9267850525327,14.729145703435652,57.945610122670544,3.945632954994823,1
6.807880589105754,218.49185304580544,30803.85306142066,8.680872331898545,349.3770356716888,443.39836192694963,20.028078866121554,72.98467434702152,4.061922362643136,0
6.01538511878166,177.8534425354625,6723.842820431015,7.206834350482486,,478.2050025481993,13.705491857540807,81.74380012218073,5.033464473290517,0
5.597346714519302,183.03012383515042,27382.272857174306,11.213878225301544,347.3738545119434,424.10544163195044,24.41355335517251,60.457882678767945,4.374751064040948,0
8.215305069028673,181.18115592425494,11988.514710563799,5.634211762151589,366.88384908936064,445.95625721332993,18.175853970592115,52.137438809605754,2.9798951611678275,1
7.071853624466687,237.04724585657044,16419.442297746507,6.162406887967287,248.24113451784146,326.1273895151638,12.982343481184316,59.39182422625318,3.7166908747762766,1
,195.0538582776554,20284.986609410753,5.630335365113639,313.3957341226591,352.527631595656,17.756916714718866,95.5406202571801,3.1006693724498975,0
6.584226686044404,199.00238409595752,10250.561302716807,9.589000092555139,379.4673740050681,421.2823635474469,11.504074032947106,,4.008040469439379,1
6.743581211433806,181.90307052068755,35122.18593819431,8.387295681265462,354.8821028862916,467.45253010735155,6.814475162359356,40.57256898828257,2.5391682124060977,0
9.313081574461158,211.6283184521864,23782.18306717597,6.260239977904623,410.3263791938306,444.88930600829434,10.01211044861353,70.09172679795688,3.598872012908254,0
5.886820852902877,240.7925637940271,36067.68057034113,5.755075327571447,404.3613518706345,357.61498956578623,15.9292690027712,62.51752380022939,6.0893422385045755,0
7.365074939217449,217.71462089530607,29022.321267813993,9.308126990952115,346.2031143662564,407.0857909213059,11.09646809925075,58.4766628747724,4.338971271041931,0
6.794595569112964,218.99792302791678,22988.669639042506,7.6914665902353985,,548.356538104446,17.017416356245985,74.74937120283727,5.016217865775375,0
6.778265730259714,216.34497377359497,13583.841310111564,9.348460390413814,294.12063727902665,470.1760651938022,15.005607660306792,31.32859040342637,3.3365637486147914,1
7.942266890102001,150.99001703506275,20122.48809306629,7.024964025765141,,413.06733009680244,16.088638725951395,39.59540293786617,3.97252098793093,1
7.636436775878424,167.57569043709836,18675.357387213546,7.928225809445087,316.89857798854024,343.3123896530525,11.028179562632525,81.93374969334153,3.8592000611856916,1
3.6745176119155674,189.65591475058875,31682.858441335804,7.594359695285525,,368.55961373508177,13.511945758573184,50.14181958050689,2.9144938225608494,0
9.613842781901434,172.51907300197288,31743.555413007656,6.133904091688971,295.7808172435207,426.7325012685131,10.913907586424582,106.51323381449772,3.8435613717574997,0
6.64320814663841,161.37673188552768,28683.14504266653,6.892252229081765,350.42527072341267,448.4965255668805,11.723937191194196,46.24378646087715,4.782017335088266,0
7.553437008327226,134.80541812535813,40953.09626526343,5.248800716008615,404.0408826750885,471.897526364206,7.306970128007404,88.9306311288581,3.457606303144828,1
8.318194617302625,152.09918888788678,2423.1369410607585,7.900688781489045,372.4368302047327,457.5492352186162,18.081697617778918,,3.1925080852860517,0
5.471145427323037,187.96030916342846,14865.675337738221,8.32277301922804,320.45180958760864,396.28490192869026,8.019662596322679,51.51424143276628,4.065627717367097,0
6.586795674998448,194.1158725316587,37349.00554180627,8.684454696166405,375.7807942906694,384.9027241290795,18.75846188807947,72.91416760253296,3.3721988006111854,0
6.964584736784951,170.30853076530408,10079.430817464947,8.17314093121019,348.1513458871297,591.5967016890052,7.803830363506602,72.93214412200521,4.658356413946302,1
7.56282097852452,198.99663949727815,18624.308954177526,6.917427984325221,332.1148398712147,381.23744038822696,13.858016284956243,61.15678693387328,3.597612200084382,1
5.252980516145627,182.12687321411443,12268.514373364975,9.572113619221636,,321.8303414199299,18.86087905482757,86.95015862431504,4.822469226332485,0
9.248397117250448,232.27987102459963,32583.380925625162,8.529847410612682,325.5224782872859,293.7916277733631,13.940076186719054,78.5473187735883,4.458739063924814,0
6.686635990035533,191.08251236358285,9533.87522157393,9.313903156618226,,397.66233791991925,17.566549224830023,41.801784596574414,3.836351671040715,1
7.491677760156284,219.30928599811642,30911.300239406854,9.413032993063155,339.58234140624387,502.1506927098799,10.184450750057852,94.82432182539257,4.700877605924298,0
7.597401700693688,203.0857327794954,17305.352564970723,6.921552544615112,303.64329618031263,379.6634267012315,17.04552473184672,55.270989618685896,4.8604137804305125,0
6.9630778974310426,150.2718628088706,16785.498868210343,7.732849541891315,301.63832268324546,545.5831749890154,9.327567868431762,,2.796512887999116,1
9.48054987949946,193.41734601824695,5245.299542391116,8.343812989926015,346.4644248250611,425.61165115280465,13.397742389883158,80.8300091554636,3.9264764172752686,0
9.097048464108145,155.74796713208633,18795.330319494697,5.304355975695609,351.5461603292876,515.8522917931368,9.797088117420255,64.27916986408832,4.972746963629672,0
7.848259230922057,192.84282442266328,17070.347725193707,5.339382387641496,320.8363085252851,364.9761324917728,12.310137604643373,70.87166909126881,4.087474196824573,1
8.354150818658942,171.88519611311034,43941.142914513606,5.067087599327778,286.9349672183055,366.22888838408085,21.781990797811215,73.42287488131305,3.6186290723375976,0
4.198718040628821,208.9665838016502,15998.865724011132,6.949201860138574,,433.55649282906177,12.004553464272588,88.56931479809884,4.651862086220573,0
7.7794799288217265,152.23654229736198,25414.160183631968,6.593359046445675,376.798230834422,465.1904170406676,12.089496298527372,74.03327845116279,3.440019089533808,1
5.578209672918302,196.8836900516935,16654.555226306933,4.851640407293523,251.52261285969718,411.740254800671,9.947471896444718,40.39295052583582,2.4446897119182855,0
4.99261254157843,215.23247266632907,14722.967102056646,7.35598599976391,,449.83120841500744,16.0976778693265,103.74534729224007,3.4855972391041705,0
6.4430249109154225,226.25989423026596,16352.334225474551,6.968922111587784,325.1484019904132,473.74966503877874,18.669542994952064,71.9877595118175,4.372187130158886,1
6.534020953905825,171.25888076560906,18160.762799606888,8.987939468721649,341.66546511312373,311.42314107431196,19.650217683953493,,2.89775494690364,1
7.228265550025656,196.98400698561608,16487.774262694464,10.300506945029284,380.92243468617875,398.65225410551744,14.330912796019536,90.17280783106261,4.029953018145268,1
8.28231401788902,202.45843540879076,35740.452527220434,7.841191537854487,402.21510576644283,384.2904516519717,14.862533973007173,,6.088432723044383,0
7.224238689325098,247.30045459695708,21892.30073956149,6.0193237762413485,375.31862280088495,388.21412966423384,20.30165929235182,41.86600687611565,4.639339746220915,0
4.258026376101871,147.6642410013205,18253.89082498318,8.141824516208368,343.77866265655314,459.07572046428254,13.768179037211713,57.58302274347168,4.639644853550191,0
8.392815309762048,166.4247262671625,9692.637791599536,7.134698618846348,,385.4130136049531,15.7042010640723,56.12717589976833,2.331663475322178,1
6.2,288.66681601101703,14935.283397448247,6.740602099025232,249.91400248703184,264.18972699408374,15.623577083517937,102.67702469749491,4.150314263947432,1
7.350399716490763,187.41509935784845,16826.442994413275,5.758670228535897,370.1557800756145,407.08929293178653,9.387067448056541,32.71090554867245,3.636378283498387,1
6.2,134.18630365418227,20016.78118384469,6.386532338029229,389.36005631382136,340.1959926743283,15.12571674476401,50.714484039449644,4.0095797809458675,1
6.541385995278668,177.23410028384535,37628.00316335584,6.839090202187353,300.07370276130484,466.30362407954965,13.805152891544099,71.2596499915362,3.419688458282213,0
6.693281684661607,105.3040710138225,23412.631010573776,8.39047229962141,322.63110945981657,491.3003169417806,10.143141233229736,64.9000036745139,3.359894362239923,1
6.887611538993746,204.32629143980745,17857.824432022797,7.927420417044429,310.72919222084215,250.47382811011195,12.602546095967812,69.96087587796703,3.1329555858304623,1
4.0611865621343215,223.0419186131534,29705.1938353876,10.004410305827024,,363.64204874074187,16.27329881268657,57.579091983900504,3.1899211124141527,0
6.799002672667457,166.406307824048,15466.742703752534,8.185454156677427,378.3033930131274,454.75254029227193,15.798312724274837,34.27624125127065,3.895293860396768,0
6.847233992725439,180.91318295792544,17734.76615213057,7.79038598080853,342.8406476960008,312.36288907571367,16.40523743074108,,3.467572975451696,1
,226.78822171163722,12575.952844913087,6.636156022553333,324.31201790821933,489.438998876161,15.905132002163993,71.16494386300681,4.062940788066463,0
7.904772237430764,138.8179112065643,35202.61466635975,5.480808488682197,443.82132884912943,510.9847760168675,16.05183023997043,57.08590750725849,5.74729710904651,0
,152.92030711863495,24359.4875555463,6.219568361872033,274.41497478108704,413.1091367814265,15.676157032134327,80.6996071775852,4.986098508651412,0
,188.89501052155546,9483.89181136693,6.014254912836154,,363.6679427589113,13.642309620323632,51.12373739882635,4.212588690574104,0
8.510959250044952,171.64818384734167,7260.400974511285,3.073767227667746,290.37229899387114,239.50613586159474,18.01437158869115,108.39830828617045,4.175855883346105,0
6.096462913937245,186.73177907311896,13597.632205602293,5.526361783532809,327.2821134994384,491.97324381669694,13.840359090236566,78.33442015419614,4.764419646642432,0
8.454333177221523,154.82261449152543,12424.896413021217,9.651491422958237,339.95362911675466,588.0049878770494,17.9152260416086,,2.9990235143178783,0
,203.45091368681761,7454.3078905906295,7.7023883364752095,368.7662627928928,571.2886168254804,13.334706644839882,54.81139387367364,3.874807794952888,1
4.244438626204161,191.49023149757838,4762.2687764363545,6.525092308554748,322.98706954033366,410.44613978676716,19.957167308974938,80.21772276431201,2.4868525763862657,0
,214.46836726026677,13754.683626839287,7.749598118981233,318.60834875121077,337.9117939283939,12.728606964320711,38.16998782400168,4.751879868754071,0
7.532970810942709,202.99314356580163,15468.73466438339,4.033620849347589,,493.8800374873131,23.51569196534188,60.95232056839433,4.181210764276856,0
7.155189083470987,203.20010338511918,23278.141620794457,7.56571439201063,289.0899587871313,415.9490028869163,16.29723967907508,93.93748850307196,4.124770932679541,1
,148.81648803595925,19804.52776034658,9.138437775773024,359.9776258065958,464.8330432703882,12.605854831885454,100.16795725630803,3.0047010644644834,0
6.764615992025984,212.6062620491163,14628.714789949714,6.9286368035987795,345.447242950371,450.66233762639314,16.867863981766842,54.118922646625265,3.947498357406902,1
6.2,185.51449538063386,24729.862667608428,4.3202565485272615,351.8159829924431,433.7146799057284,8.004892283545335,47.219077591158666,3.1411054809732524,1
,190.91891567832758,28715.07963497937,6.465973955052819,330.92091969513046,509.30391532138856,6.784677067646176,,4.944491621654084,1
7.692067960347194,230.88789798325763,18184.594813148964,9.14123395207333,325.8148524605501,512.3059799776739,16.47006811901024,74.3127140218142,3.966329147397676,1
6.829394508625622,172.73057019059416,40282.645428713266,7.528634857898317,382.46985400275724,383.9668350753057,12.631141374718746,63.993717720900875,2.339351279344543,0
4.961499744975001,240.85396440630112,21664.9889150664,4.879070050226165,376.1019598645005,351.6125123119768,16.989967910228344,68.41939594200481,4.8797867773135195,0
7.092483404791201,243.92323734937477,22608.03904142996,10.860854103110515,392.37274426803367,224.27144016434474,16.645468415381593,61.4762089065237,3.6766781109950073,0
4.8523009197102,221.16660798928785,29037.92595608995,5.1389825443326895,349.22540615192906,398.2301621039366,15.351353289285047,94.6895386772248,4.4602215809813295,0
7.757085503216322,164.1375753257518,12336.821034638755,6.736179161051121,389.80029351873435,337.85932719228424,16.58698137290198,77.8733997153417,3.3454630694265086,1
7.706071461164859,124.47095221887396,21945.47832486768,5.4809301189695185,316.5741787155749,460.0711110549648,17.963878807920153,65.29229004173371,3.8958039776674647,0
6.936722104968041,231.89366867915206,28001.45315692373,5.48311681643651,325.4847360537489,399.06195166448924,15.984205148761534,47.96843281871398,4.090896872858795,0
,200.06456851779254,26865.841331041465,6.405601237138453,383.27717120243324,407.8237650559786,22.33009699125052,113.85562010788553,3.616586884784777,0
6.2,171.8830032099739,19383.109708395914,8.125117252556802,368.7176516839739,491.80686053675197,13.844124387278875,64.84013294484521,4.0257431333582145,1
,235.01020110955932,21940.91398613047,9.15903968344697,321.7753531537233,458.29817814672657,14.23742644911768,42.04819298299536,3.9163917313533614,1
7.636704776180985,168.05471281912008,17291.359991272955,6.509854288188714,,416.7714431571181,15.689838324439993,63.22698586507251,3.636033396510347,1
6.912795614793082,182.445292004202,25364.591373192812,5.5239731843878195,,562.4631946155689,14.91371103744431,45.849596832004096,4.054966479284924,0
6.407534510723499,213.6688929860291,15551.731134344733,7.876250120322497,305.4464465311308,485.84243243970917,15.635785842920384,40.05152987668789,3.5596873778045572,1
5.439578670573215,159.76246683987054,50481.427801980106,7.922582454708117,405.19444417503115,392.5984430174733,12.1092723244482,67.8250600532451,4.61051225093366,0
6.430916873928163,192.79807807392748,32855.695518421344,7.499794610174452,365.2656826417177,396.2027361110679,13.169017460984035,55.021137983843396,3.8856307579046097,0
4.345950845668211,232.2326133507496,13923.64114528606,7.555668904392638,302.0908052961879,489.9010792351261,16.74963533605333,57.43246141367864,3.8370999733437934,0
7.671660783940336,203.3455434651352,27717.110768797058,6.942145014776983,290.5373742284685,442.5899324290625,16.800830903294,51.27088191819368,4.63640720775516,0
7.156604738691133,237.44032648149908,23444.725474881896,7.275078350198292,301.57783046531944,335.6102954050146,12.217866450483031,65.51345245112368,4.390166298680895,1
8.020715467999018,233.69551757839733,16678.500336732657,6.832991216774758,310.6646351274938,498.49279745406807,15.822666111712195,60.21213483219194,4.693052913977771,0
11.591472469716354,196.6545912024713,28439.38225856861,8.810985088718652,326.89860369679616,527.7843617759078,12.126737497751993,86.4253719367077,3.1531333182036843,0
5.7185116178516315,119.52120871784193,11135.719537471436,10.640966011115285,379.9422247224687,521.6562205348723,18.980268419804172,36.785836977577716,4.095427484426591,0
6.391190310017153,160.02009148741644,13676.0952432022,7.4038519796973645,293.7862006979857,550.8541193223687,21.879467298408972,91.18589041993641,3.674801611641572,0
7.066288015376537,221.51369229744972,22983.047922859365,7.10961584820525,,593.3912088682048,15.871965682484674,71.47434253981594,4.8731009604508095,1
8.47634847416915,145.39672827261407,17075.972517709895,7.5242609577903075,294.7473701952937,565.9806900540905,12.09522787054706,77.59358546995179,2.4265975513485127,1
5.806058803567391,185.65181383548935,27467.12184365621,6.080483554446399,,453.7254719661855,15.202288626633509,88.2204467472912,4.131660279564304,0
7.303016032149326,207.53601219036918,33677.85657918124,8.328665826345617,,409.35902767648923,21.437117301004445,78.25581897974025,5.338871854972508,0
7.625212015511266,244.74887589055368,28975.121313153624,7.817058726348184,388.49998183325,278.3681828822273,18.131895987547054,71.67013221420885,4.425122210961116,0
6.79858779558583,177.4818519866498,32314.114678084574,6.455657071292549,326.2507597728898,427.07812191155557,22.865405111263335,74.25819409936481,5.959608172612958,0
8.964019242058761,175.22925437116504,27751.276308256536,8.545265574087116,,468.14619356008563,16.754254316989908,93.98269380076107,4.306655350274855,0
5.727738942865923,194.67453428229803,25838.712940807152,7.150003833985712,350.6319615308234,429.7190747585302,15.578110765205075,39.47250256695524,3.9785102674798565,0
8.773730690992354,207.94503670675238,19414.91389454485,5.587310511210487,,273.6317433072687,18.048404315428716,82.00938266516566,4.103269903848595,0
7.923145921918057,191.3252793786685,31923.51718280957,7.675535023768277,280.1257471073224,403.0409950212364,13.582452502312544,56.66584240365016,4.241235372286019,0
,230.92092867834316,33936.35271185309,7.494448155370936,231.04655863761718,478.3428295476199,16.524910857508736,83.70285738108393,4.394423713761111,0
6.301620382561424,170.1081678933633,23600.400932367134,8.637460670854788,298.82833605181054,343.30606517491594,19.757507563169668,58.9460740653155,3.2768277487604323,0
8.535637146649053,200.35329470817055,7921.53684317517,8.43384418111826,408.98879263075725,439.58785261516584,13.806298192411624,60.66037255288685,4.5498481243889835,1
,211.04749816712695,22694.647297656167,6.947422397606556,410.6141190128836,461.07546167104346,13.680065120992484,72.84729984359575,3.762954190214301,1
8.8,183.23234055409733,14128.709645910363,6.374102640466622,322.95994967001843,516.5317853948801,10.607626613991174,48.89423966512117,3.903848853487956,1
11.510668741589601,224.0264569128229,23089.20260310275,7.122755125091323,294.14028118752003,564.578515737757,17.96828659501595,81.6581633402985,3.9218138372522766,0
,201.3007360068733,21000.387527592164,7.694028029876477,345.31421849679634,395.6716541410581,10.945336869993922,76.01615613328214,4.628567514554273,1
5.347683563590049,222.3530239627098,39318.35521136125,7.884331916868778,351.9738214923349,441.0475964486887,14.991648196749075,42.86605223695082,3.5042633062996638,0
7.4660730362399885,202.78602515480657,24005.993091745884,7.5962312888550665,,443.5775891426477,15.801454579343806,40.38773715090084,4.99517874290545,0
5.474583766539949,208.7837104019298,24919.015768476707,6.976596129314605,229.18101253052347,478.66948863858005,17.75186873455625,67.55531914505848,2.4831816689059654,0
10.29267942238048,175.5943111996562,28800.146123652503,8.694970891636693,464.5311060103617,469.6221693198207,17.635563134264558,94.19111645163545,4.253367565402818,0
,175.64761089920876,23270.840568435542,6.054603007332623,,541.3404492722215,17.72522534094986,78.72409204412835,2.829555680656908,0
7.8560847719157465,236.68264418965674,20558.10062175326,11.03745745440462,325.6084426651778,237.8312241981563,19.57891574266634,71.7813800731588,2.024374220053698,1
5.6111352302018265,217.30829362471894,16406.766933940595,8.32565120064294,304.0550261113407,459.9761031204178,16.288033368968676,78.60076875881126,4.487402304442018,0
7.8487585462218865,162.744446031283,6277.368010701344,5.338573062991384,374.6744557348957,465.58280952915806,10.513531316954683,50.39626483934492,4.279613116015343,1
6.4331030366738995,202.35040667114396,20067.571790881015,7.412662342879536,354.30933706243,407.19347801157875,14.172881873301057,69.69025833186203,4.583623090127373,1
7.505152811564152,118.3027678386845,23101.727677621187,8.340839958490768,,243.26801280635675,14.781417611753161,77.80095754587863,3.302399118577403,1
7.072575704128434,177.5173686142892,23960.06690717341,6.567996813278858,352.7750538327296,421.2715142494904,12.94277275528249,63.14036590063392,2.84393052851517,1
7.549117603335322,228.0178105607949,20321.560257674188,4.757672404828803,,368.78669037465005,15.047320812553151,50.073566881086414,4.815953730517213,1
7.3160840577140505,192.28271013140287,5659.697692352869,5.4782789722737455,,561.7787971218369,14.054051471610778,64.57745917345564,2.60834537172891,1
,200.27932683201243,27790.67296747346,7.976506852065971,363.87142202947507,456.52354268209217,12.214093761967435,84.29533359235519,3.7809308314768963,0
7.389621870425455,97.16105698948506,23831.827404787946,4.347705973341974,348.0133185869959,361.92482593846375,12.771964976678735,62.67200565155171,2.5757246186747125,0
8.011364429466578,183.49485596332062,28439.56743530646,4.830035576483285,345.84416659052744,260.34628361255216,10.576270510459612,70.01053582981804,4.022122366996884,1
5.918412952247997,207.5291561639153,41701.37268650772,7.9681989001556035,391.46440951494293,473.9219087232447,16.71408367670729,80.00488040293826,4.9208959728091015,0
8.34051201273353,211.70803690060538,31690.261227777573,6.768372237382009,267.67976525607594,482.4488548544866,18.01010796828173,59.52962485695382,1.9810708861513686,0
7.63968024309838,228.0615029029006,18542.918278791487,6.020666984424421,300.767673667681,408.7652304267939,17.556776784051937,64.09894335959262,4.093293437409383,0
7.204287671065165,189.48251996665422,22377.15867279806,6.338323207230397,334.89961239961434,474.9769789581731,14.65677015300189,49.96471796607133,4.415020425154407,1
7.029130670013056,190.9499237646655,11076.764694406658,4.796114175705975,303.58348206672946,398.05974130016415,11.520351374041383,47.389162886993695,4.0077893534122415,1
7.93916624780117,152.57333657241554,13985.658718892086,7.885436420118814,,512.4309942335874,18.14794063167099,69.56352395691152,4.117011183495745,1
7.567885094698195,189.6712413612018,21118.569465061646,5.845661183072436,,506.4089347302588,14.344463303929544,73.9381103007377,3.5777372570264645,1
7.3098275563833095,154.89418044711243,31126.07208230857,6.273511548357484,,293.77482999064387,12.736741492771255,66.23458848830666,4.707511933100701,0
,135.60507305840179,24258.48935308779,7.667920515807741,258.0706634526415,313.4684990095582,11.069554774352767,93.17148154227684,4.050768449723573,1
6.67149759597381,160.69759872336198,16084.260005566088,6.714528493982338,316.2736524055609,590.3275632219171,14.092639706451067,71.65303602412035,3.289495412695129,1
,246.03573346675066,25278.677851653523,6.006647770777749,336.2058854091423,501.52146508218885,10.4179221271621,44.468315335847265,3.3736861051635136,1
6.820352548639575,187.4985364702132,27124.72542994431,3.9766872889361924,335.44314664369193,324.19961479369226,14.570914208560795,60.11692339544118,5.290221956100082,0
6.7412400568580555,203.63396524346874,6950.632196298757,7.700532836471147,356.8199500717416,299.31329289542913,13.847559331981417,91.57686130571282,3.773104746711781,1
7.719003535939338,179.50597333558397,36639.54986848237,7.244808888821275,353.43968699487664,442.9879829012978,10.990024674648096,68.36393062488801,2.751366722051536,0
,137.49087146003257,12202.78692234349,6.3025278168602705,328.0525995210242,333.90091633663934,12.44547640996712,77.29731364570151,2.7491014876518167,1
7.716063473430099,227.1981218101874,5049.451931105423,5.480909413362383,284.4081540086391,400.6100430556722,10.702073611658971,32.92356873580749,4.125076073620205,1
7.335836556835673,124.93468119875114,19217.684978124125,7.14016471627257,315.53683498220494,422.3798414802588,10.229999621383103,65.12160069322579,3.681379724019672,0
7.852708516211718,178.14732093355445,13218.163999912147,7.879145381630714,308.01705055585757,418.892578179731,10.665619955842764,47.06079482210596,2.1375200568157,1
,194.603170420033,30056.540291808662,7.2744590324924,321.99670256878903,517.2242931680254,20.161309348672944,54.872402896878405,3.9858300524926324,1
7.012277332747534,203.98310926884224,25992.42340941548,9.708143522377602,362.4143773596765,574.4483041213407,15.385177551142514,57.32816231804987,5.0411050734948875,0
,172.49915001100018,23258.610333621324,8.233543714115946,350.52985383193936,387.50343749116155,19.85354727645798,67.08165059372118,5.0985545975153235,0
8.180261693553534,135.93106720749137,33904.615642097815,6.950492718315014,,334.84273956469815,13.365037616934895,74.15242378634112,4.046966768067859,1
8.135297963510894,170.04403068216408,21142.1332776131,8.286480434632571,317.89895537084436,457.6187693226729,11.847956422575328,27.497903015940388,3.233561755308932,1
10.118155857448736,171.76586220731312,24755.554519053843,7.196886399857904,,558.0235932469718,15.449314002466844,72.1705767117996,5.2086319927234985,0
4.9042021076377615,170.96522400939787,15790.60998446248,7.191404552145793,361.6555144215042,393.62021536775677,21.778474001057923,50.58233421985465,6.2973441595506685,0
7.712508815871516,228.31492761783016,29671.160845175178,9.168254799751416,338.446515828257,494.9089984747484,14.525636100894982,76.68025025910612,3.687611051379033,0
6.291542589627278,156.47246859922222,28170.66062057022,5.70106855253798,358.77854859324793,358.55944412324317,15.209260228514136,61.00870195330876,4.436524623588304,0
10.24313981195367,206.30221812901544,36409.62436075705,7.156829243926834,,427.9187265424899,11.63147588143298,72.90910492181538,3.8260151747724773,0
7.325247219808388,201.60797252446943,15030.995549120118,8.999741804186375,246.4975754592386,332.31506359014736,11.34573606074864,60.27286996674668,2.9479220096558914,1
5.183383179274703,227.99897204881796,24104.754406125583,7.608205081916328,308.68277032051117,427.0752304867231,13.88464605832019,58.0568874719714,2.441153308245025,0
5.50299980265537,192.01996141985498,20287.524671642717,6.536896283117331,364.7447180298258,416.79043771977956,10.935216182332065,87.56852093736795,4.04349752365029,0
5.057345679802532,222.42820882079968,31698.29659046835,4.424267570708812,337.1209440431231,475.3363302522958,9.691319505005644,85.94519022092774,2.4247901846566906,0
7.51458359680616,190.7339574567042,16655.058374803,3.5328518313339394,328.1350528311361,569.8673779821135,10.99474050639116,51.45051311671942,3.6772957542979308,0
6.558237924489012,210.69151412463992,17948.520694043396,10.400366279821982,,394.77724999052504,14.466381698417495,73.32520840410434,3.484689680676277,1
4.291203746819582,146.95323822956578,34507.35308329761,7.607448677576283,,264.62188489446805,15.398462814881167,78.52998572230504,2.8720655996776783,0
8.284271187593589,109.60065129002254,22813.379235831155,6.197164440243706,392.7886087017323,409.8700057542902,11.248361499795546,,4.165790224686568,1
7.106067507259547,208.82129148231658,8559.134038526423,7.672141884825149,325.19315768899946,450.38486397786505,9.925607896008131,72.82799707968128,3.9747044250036185,1
5.990795859960245,210.58592484669066,34486.99897543018,5.622674861480707,316.0171275494563,442.51352713114443,12.52152801917535,94.37587078978805,4.493028564544454,0
2.8105049365768595,212.04402676069694,36144.14956077688,6.5967019817139,305.9938445423965,413.48023692895134,13.350445139232507,53.191326151168035,3.4582526572873027,0
,179.12972026457106,15492.505768131567,5.633314179071116,385.73723057374247,546.4073672163452,13.00599824897772,74.57068005243218,3.0275034792214957,1
6.905484381563271,245.41186209772127,29544.251521151746,4.887027736388083,,437.20613482131944,12.98408964146113,49.7235382200499,3.8186927110856708,1
7.3568005728433725,181.27001986225198,27777.91835445519,3.7941237855760828,293.7562861816665,417.73246177834704,16.53454699403632,54.55398501904081,2.6025731712215823,0
6.509350965066018,210.24691974722097,12180.029514701462,4.595701320278442,382.0120787528024,363.3613449520575,11.890598563143355,45.27733460922809,3.9202719123370886,1
,215.96353180263418,14256.8257051692,8.733634667021187,327.79408465665955,285.0657764628313,10.515252389624996,,3.8927205521063004,1
5.949591768363101,252.94655125574573,19578.284365321222,5.56072650128815,308.5235534173288,452.80194045448934,9.679205696174847,82.14302257086207,4.855809863719456,0
4.07269218652948,185.96972550891448,25237.283399900945,7.96512953664855,321.64444718658143,446.02976630928237,15.383626205633531,47.01653022382639,3.606811206501716,0
7.605665192961248,174.90995338506087,19592.355591870084,8.631502875955437,301.3714938286833,340.6060927778036,11.966182357669867,23.254580678393395,3.1087156440023023,1
6.585951241194434,147.11101685273587,21481.995816532963,7.146195902627784,,422.6147133482132,11.738051643485544,57.270246535249846,3.851206774655434,1
8.962657865650712,247.47287451919536,27810.65450325246,6.648263804532708,365.9318219720556,414.5768041710092,18.068264025926663,56.12677738913561,3.752713204431388,0
4.4154328930686155,210.26441884189697,18878.65437071518,7.330176214433709,,375.7403576277386,18.37095821877849,52.04775796394203,3.2889063259512294,0
8.8,211.30571038392253,15124.971676603695,6.4617398208919,,362.1004943775419,11.335743890374589,65.18414570841804,4.346534257729762,1
8.414193011053609,298.93956953955694,36864.60474478955,9.022176634049476,345.69063190876324,458.93059902527233,16.90798467413668,82.35672987040195,5.096714758935363,0
5.568022434423172,207.09397198502924,29710.79959190116,10.084923521148298,356.50960201002414,407.95441451473164,14.917362054325961,57.59020814894526,4.349941150427277,0
6.3680270205190155,153.55362577220893,20038.75068276369,9.41070269198611,249.0961462561466,378.44771781263705,13.901850197892221,44.3196164392499,4.099025117463791,1
6.244684618013414,189.95477238273108,23755.576736176077,3.720530089057763,297.9161256766195,356.57690032045826,19.556061150625283,76.09471894709719,4.017461944689836,1
9.942985618001309,164.32965874887933,15723.881924440953,6.42949772100102,357.37170087363654,415.6972066863871,12.916913862330334,64.60482143698,3.598874805186176,0
8.324146023959678,183.37592981822678,42087.29992642488,7.126571439274227,281.02200926277095,500.8982723646774,14.811744363658404,56.6288230940173,2.493069780926332,0
,183.15480206937343,33230.16276634553,7.851631577467619,349.2448944698264,442.89651799644946,16.962118993978358,63.48722411950278,4.817743669007538,1
4.984709045339347,177.08689753389407,25125.19811411668,4.390843030430764,276.224830387231,407.04054062444936,20.88712129773161,89.2544322121925,6.2540390719525565,0
5.157543150800418,150.56100557380745,13806.02109292513,4.365359016617035,,451.1260263051284,16.05573170891423,54.718544313214124,5.802462304100073,0
8.251105704856453,248.79330374781856,18616.289343956534,9.18472780440812,400.4536023089528,536.4423091851421,18.73156646093669,65.77025734822503,3.8590642338752086,1
,206.23210066202316,16312.585833900896,6.236591476596549,365.86844477472926,465.82545404255467,14.725913453865083,45.289279042831915,5.346636712327389,0
7.19650455299912,188.98197005836218,19210.91879261606,4.769897985243894,257.1793247759536,447.22423931108693,11.453695203801281,,3.2027591038853425,1
,221.32628459106795,30192.166421856575,5.376247523797722,368.92257613869003,477.79318394419863,17.956595888666453,72.7741372463247,3.204817800449117,1
6.2,211.89811334254497,15655.838991913333,7.7369499364333,409.24066258660474,413.4324900889952,13.759099867470583,80.71312994491032,3.8644176650125575,1
6.401481551650684,205.47022510721337,38333.94417307078,5.820374655387676,,441.0726799181774,17.07292468729042,44.61517139626088,3.5223040604962494,0
,218.9364365940286,41537.356704059806,7.5017685146507995,353.46813553120376,386.69240175054887,15.274034871000563,81.43094571485912,3.6941948729881133,0
6.662191687101928,200.8064530696598,10229.528770664734,5.573610766860524,277.3130151511463,300.9152916360891,15.960454125987312,56.090979684170335,2.815596809146172,1
9.317253837366987,218.45028593502337,33790.108008068724,4.364163798733248,351.7956682902114,453.9011368728974,15.890275327376383,82.67288017575154,4.46056558928388,0
5.477491140597083,221.1773946988788,36733.43216157779,9.370520657889692,,454.2117508223913,14.236489958440108,,3.360224412207157,0
7.073458167133364,201.75344638257923,35757.8468585868,7.749140059836582,,402.95279297176336,13.647717860738533,47.811258954269185,3.2790106668161623,0
,189.1490211639778,29490.70345125863,6.592673639243777,,509.8943423430227,18.586000910687964,65.52315112163137,5.359774777380562,0
8.437323227932641,246.7500876678336,27325.896984203795,6.296248479743057,,367.89445167438004,8.273776083625528,111.24954981139916,4.073130693766922,0
6.596735931710723,180.67703934145405,29328.700347527774,9.434542583138871,349.21542467945164,283.0721395213333,16.775106078618897,64.30015422218942,3.1681113609322633,0
6.376996675020952,209.27421745405968,21251.742829612736,8.054617471935385,,369.87303965490014,14.427341478339649,73.03496067797687,3.5478611327256835,1
6.2,210.0175867133153,27033.225175615404,8.9319645899845,294.4561151919599,301.6921043537995,12.104525072990572,73.19439813850701,4.051712873559425,1
6.35107882637995,176.3455466605264,31192.1467098613,6.197765569567064,333.54660520253117,453.51333752364656,13.431364547245561,59.809371513479505,4.929767236340324,0
3.5962506212102308,169.82264352325188,17154.818937999218,7.200053133483734,318.75703135413556,365.43210812778585,8.431756376592421,69.13863280779444,3.632186428859763,0
7.234225768497199,184.75826851338192,22027.329946397796,7.75547428727452,279.9544357369841,505.76288675365885,15.186543093957528,68.05912384270214,4.511244251799242,1
4.893134513936129,180.2060655305225,31153.607928465044,6.250890807284131,313.11423339928285,504.07494324680437,11.688867021416549,78.61515330504145,2.4375486287572814,0
,148.42750452208134,18820.890397169278,6.969059267774249,,351.4620932663591,14.50629860549358,86.31728581454442,2.746391064276283,1
7.504882530491994,174.96581178511585,38056.860049321665,6.197895662984465,330.23017789363695,360.90496544897064,14.973838687457459,78.32761140124663,3.1554093763714466,0
6.638023841009751,205.15873619447711,22239.461930874204,7.750513532053503,336.322815392654,469.38272393683906,15.455177302096368,58.9317829752037,3.680980584203508,0
6.2,238.0495439184889,9361.246388056128,5.032197221116083,364.1035084477496,505.3710543409976,7.972259151702603,51.465899745840645,3.814400452329704,1
,214.63947492721255,19091.415283121387,8.023712630410351,319.5930641896436,263.58025458085126,12.740039729771928,55.88754943196422,3.70564652627786,1
6.551474198115225,110.87531500361918,28132.084484214356,7.6109268587538,,448.9590062983883,15.62997214107701,50.73408904274372,3.7743787057036426,1
,217.4988922155161,10861.18042922545,6.798772524958432,,248.63468009826423,13.904522678262275,72.5128138487451,3.84201757863101,1
7.04236144927583,178.03680624403088,21224.14603944293,7.830237090130292,413.61930569666407,381.87989832018,17.69001559429706,59.43739302316529,4.306965484020692,0
7.370017738169786,211.30633445722742,17786.7697833771,6.543394067301896,379.87979930246246,514.5674700780155,14.461465815893607,58.04894916113185,3.729416451879036,1
,195.93494997197035,16787.606874891473,6.061193428702887,,669.3894267802843,10.920870901279647,51.91163748527064,4.65493581784584,1
7.691716287553128,190.06057710174338,14616.068005535784,7.979087324566112,321.8222056448333,406.90303420076344,13.843010758573575,86.11564058779581,4.558597865678708,1
7.971385208340195,193.03644455004556,21235.46103163304,8.047482128143908,,325.4330370277003,12.820606427546277,88.23783430388092,5.143137972570774,1
8.874581858304715,195.66224025792425,28727.189937767325,6.318513022681726,358.5849764966998,384.7098323072626,17.92806382090731,64.40088699950957,4.265976975814054,0
4.644086092781679,240.63092358176903,18028.253271122707,6.182977378255968,379.1142985946651,431.5384307936566,9.686497628704725,56.94250972714177,5.163604677189936,0
6.451257425757966,195.75317984490064,11690.22314203869,6.830901895658479,278.29952233217557,372.0445078452588,16.421262552229866,48.262075087209304,3.918522050407191,0
7.148618751993482,232.1141387816615,22603.136688792052,6.247831068553852,351.91012455333566,351.47424698083177,12.509985619650987,57.233952859207086,3.7431280703697043,1
7.368496168588003,227.32290298632213,22529.788333554057,9.529688193613985,246.1763099480436,391.7105194770346,11.13015635870321,,3.4830518513329287,1
7.518289865381818,218.3457985155022,12662.331654694124,7.620031628426847,326.459759886411,458.16264311099957,15.753100828523168,89.0210030300598,3.1209546946767457,1
7.2585508304813136,137.62024081773362,35103.33088099919,7.1430683690046,393.99197765680077,412.5117577242472,17.649903906979702,100.5967661204958,3.724194888280659,0
7.251992822121539,233.13721438771688,7978.1141396642215,5.646294541571335,275.11098606615417,354.96649375248296,14.101858890252476,68.82559279732357,3.4123651539764537,1
5.5620961186084195,181.33504742293917,19915.963029777387,8.287603326317893,,372.05895002538784,15.866229173262221,62.50089663531805,5.178289644410264,0
,219.94742754736,21336.7190557151,6.153664258087824,342.9409171212862,392.76022918662903,13.809188547324098,68.1004744463874,4.2144712362907235,1
,164.4036697863904,15958.566709621437,6.088659248491957,391.2395673967457,345.44634707519526,19.047275521225572,63.52251463913581,4.3145413074993755,1
,157.4110639753229,32368.1866578075,8.340731167661005,347.27137167493237,369.0626842918686,14.474017591600642,50.39539293383682,4.189084584012586,1
,261.42318944174644,32691.56787210462,7.731969899167199,254.9488190691038,478.2057888487822,16.581440394165842,56.007360888888904,3.318096006561885,1
9.619806516462091,164.91525710102604,24375.261497841988,3.164552777565819,,407.59006633298037,16.85854519822353,63.475817426521516,4.951895325892255,0
7.0823090746586885,234.1069084248025,33434.82856077228,6.870722193252392,,284.5182537060113,13.891505199927183,71.82694061534818,3.321601310154023,1
6.67251489954153,200.29602857526154,12919.223692757008,7.3183210004652395,284.97936384115525,509.01585488444994,12.075825304766095,55.51037477225462,5.021701628671845,1
6.6731837300862935,182.57805007995037,23485.583607194654,6.583438073865767,339.45881256769417,459.8709614386338,10.028501767231358,68.2782611596475,3.2092045601126467,1
6.278512915996393,194.92512970553622,25596.66762076039,7.373374591789892,341.9141976892513,314.4428565292264,13.800031371193565,,4.670741033306142,1
8.62631492306498,153.59399106411988,18403.81211042338,4.260692955403763,313.52403905877077,396.67737630599714,8.336177177344275,64.0117104149389,3.938561016081244,0
,195.9474809108563,24808.479634810814,2.646987453041654,408.93082776948086,362.1984146121307,5.3758803399261295,,4.012974431346417,1
7.206604722062887,160.77784367282294,17019.21439064299,5.578760183374972,358.2453422842797,480.8939812936342,13.890154520084453,85.5063943206892,3.2738106895825245,1
7.451253321468636,183.38989916706987,36329.17074167349,7.565950452392097,383.9598623820789,396.17050013534947,11.634247537044683,68.11522799410685,4.368225143833975,0
10.309040380724314,226.84235565459906,32305.173503698137,2.024569158936993,371.91208479244517,420.3199146220143,19.88116450833741,76.97786803586922,3.715976091974139,0
,204.76287325874694,21912.974359039843,5.787197213761578,327.5869545352755,410.9130908767456,14.121020872504968,61.49870097707555,3.1321624172785723,0
6.885320065899205,147.63659058683083,12990.975034753856,4.082037668664968,325.749883794551,306.60512999818826,22.88086370157542,89.09688070536187,5.987650715516379,0
7.596040240974716,224.41395937546633,20904.1668538471,6.7366538074004705,,539.7560103709382,10.625521559464163,79.7824331229249,3.659394857120707,0
5.1623454110915485,196.16641783318923,29616.45064952228,10.213480827570242,361.9976332535101,479.71626862042837,20.573202843963788,66.21654389726345,4.370743806582121,0
6.528783985907246,178.56210466933277,28454.154320757283,6.776861928430719,306.87488165680486,365.81140503517065,14.014655339685104,70.61347744964833,2.9800843859507085,1
7.732154379713453,220.96565039860383,19503.32490456566,6.950145504377229,405.21636380023114,441.70244321642366,12.469054018443474,66.79439130054516,3.3022023800274187,1
6.7464768569480515,190.89889506345662,20396.742874548076,8.445984886445407,302.92101082796296,504.9087275196689,12.832137553316397,70.04780770173622,4.0214605491226285,1
7.471357629453684,158.04974191710207,25992.03918875777,7.153664361340707,342.67926799309697,430.7038738308134,12.962530354553746,58.0407644758614,2.8319546683707006,0
6.2,257.19293950669197,8735.165837559996,6.780313003100844,,551.9857382827817,9.47160839762863,36.00307022401917,3.158741803873481,1
4.797493261803032,195.8312431288865,25236.431422293877,8.584100560149107,315.1371567843978,661.9623480269587,18.118525940319255,88.16073641909479,4.745983872392764,0
7.885280048237776,193.72242677253507,24013.35478701092,7.865581697808653,423.73515969199354,416.0093637383602,17.118250498205104,54.84889577022257,4.760366735113688,1
,183.0720398500636,17677.118004993124,7.576028703274996,315.62315026552403,379.13159676229816,12.121972227282376,39.854142163810806,3.614890695409495,1
8.212058904721081,235.22087282815468,26211.13821496321,6.900727358943405,,346.25573243672545,14.066161545778675,66.71287437084867,3.0950209056804985,0
8.909886059444922,179.13149708212688,31408.564199232518,6.57321776653124,306.3048690239262,247.34317045390074,15.504873517668472,,5.54626479423645,0
7.4174334621438245,145.5701626450982,23802.33756138208,8.569129998666027,,527.0501201571312,17.18440157596388,87.0623098006668,5.64779855132829,0
3.3796841513766034,174.0715049236223,28475.127779365273,6.588389060590907,329.6059163920125,397.6377001468868,12.953263584960453,57.007150687292736,4.600793197438453,0
5.063092309784535,240.05088435496268,14824.267526421567,9.0653795493825,287.4629203888418,496.92874439558136,17.903872382061774,84.43821334433233,4.217649313596216,0
7.972949006105006,223.77714811193917,48461.582381265594,5.4655087412629335,316.231087616007,513.1773354078166,14.169441886474688,26.254596072337833,3.9606971478542095,0
,188.0099850274906,22753.452034703674,9.38537864811913,359.041022871256,338.85760542157345,10.280931035430235,63.80795018697411,4.20529019796668,1
6.940277422673495,241.5800941599716,21503.33646649558,7.8658233312797,376.3172555660689,350.99021306458866,15.723174767997904,63.15900480665882,4.079587595062096,0
,221.00729932823995,26134.133574897784,5.5897148215778305,,567.1707006675949,5.8419001174692635,89.45145993266001,4.467849855802078,0
7.179649614651408,187.62920993642143,21145.79589863233,7.924186242592644,336.2423843330429,420.538735896677,14.67951708917712,66.72572696428911,4.152812209564778,1
7.972664240408883,190.9415657671745,20766.556036646398,6.092521420658698,318.85480402891756,372.8487670008087,13.421192712591967,64.04941296125304,4.804235507410752,1
9.261377729349658,207.2345533810048,29581.422485469004,7.172816325869011,312.99891353894367,341.74999777173934,13.919326539517371,69.5882485576555,4.196283310477007,0
7.164426849423744,169.03091935606045,19180.00499273321,6.351129123310503,295.72967656287267,414.77037294359013,12.060829124869986,79.08954272337144,3.4653192732707545,1
6.286635669175435,196.54821665525765,25006.19814262318,6.909998780669736,,548.0378692150448,11.754303239970422,40.288392894065936,3.818953473731193,1
7.159647361882282,206.55008969577725,20297.490132194864,8.60746065421959,304.7187076919894,481.5833889264606,19.52239695923075,79.78792694740999,4.954449094717414,0
5.343758138399915,140.89881074977905,24274.335545369897,7.939248410391765,371.2277887078973,440.88639758191215,17.531370154915454,53.98679132846294,3.3394465931224886,0
8.790415635376663,190.17136138751616,24158.915109239362,5.341922681004856,,554.5524922421567,18.202909650203036,75.4805299011753,5.418870040915218,0
5.612673975476892,186.42945150146886,15516.638120552918,5.432407622179667,319.4748264950667,538.978633329617,15.286611872514973,69.56453899223844,3.7607400530574435,0
7.54159144296077,230.2234378566946,18107.752241804537,7.547825464219227,318.66891273181363,453.19707462637996,13.083647791050197,50.41086090063186,2.8390935792094014,1
5.591940976551992,135.71604890361698,28366.599542626565,7.662235660495328,385.3308973654752,650.5104683289196,20.96696076011875,73.68534591918129,3.4860028757436217,0
7.580870036926669,183.84845195174793,8532.392536542056,6.054376932568386,,406.2082090280445,16.10953550799069,104.57561435149499,4.428219267916878,0
10.28397307256036,180.5502721017051,40850.730202957835,9.63427846311162,345.27000820934575,514.9207025704628,12.78964971227068,,4.482569622245774,0
9.984815638148484,227.98633471302065,31733.223407294732,8.405322000885961,330.9655020701952,394.4458743125961,18.092993062876637,,2.643830420601768,0
,194.96731786789505,9313.618063829117,6.131589342692026,336.6121705589234,499.1501536626892,17.00286631455256,68.00804599245032,3.817046341953392,1
8.509305259501216,255.49151384196296,23482.689244617537,5.978836601010731,343.91610685462103,406.1303155679661,14.461684590410975,65.82708153010297,4.49100751600152,1
7.583451847917803,218.18682026472013,30271.662397707078,6.760055122333069,336.1666285270981,463.47855992609533,18.329094258209437,,3.7110566811153767,0
7.778532751815607,182.90366349116482,7701.899931884203,6.595670030502828,366.63110610734805,619.3229815185101,17.30356928668608,53.86251917411388,2.2737575219151394,0
8.403847970961168,204.28477111678976,16670.977603716303,9.104728840096207,,503.109625551607,13.689731393878308,61.39485971407133,3.545648976155788,0
,184.75113617174483,37398.77864764801,8.675546297331922,406.0171826878239,464.72876190534,16.085152602244662,43.13959410109101,3.5822532182863576,0
8.123881840588767,224.6741313771348,61500.0,7.175409831332197,,363.60401439198597,19.97663701349905,47.663131767044426,4.3728418372980355,0
7.14919380016152,152.5706952327257,13836.96132561853,8.19109078620496,263.27647106034885,441.4088793238607,13.00021598652828,42.9262543731746,3.892656599808815,1
6.2,169.30040237080314,10230.16710122502,8.420300857624387,360.2260488271505,344.75339787277903,15.572058239591597,79.34968308569992,5.253235200745126,1
7.407302779952086,211.3921983204569,12344.296661001812,7.212051950661125,350.032807737755,497.8676889375522,13.179842484271902,,4.087811444991117,1
5.505260410527297,236.72738716300714,35549.57841804179,7.7561375134031625,335.1473643149437,495.83971328693906,16.771424980736832,54.25161821588523,3.4503736072038733,0
7.505108326913503,123.95523318702037,34050.962397384035,8.058816335465805,323.05374753328465,411.6854559701819,9.927831121577332,68.99905717928245,3.6516094080565464,0
8.550110410427365,241.6201030060847,21483.326655498448,7.890417043365237,,560.6133845402037,14.264501599922514,68.17101160551842,3.39873193782164,1
8.284662607752681,191.7895542747186,18824.36837833605,5.88948995100825,,549.2500024050953,13.538270422761343,40.1184647208844,4.046247086204011,1
6.46781150754606,134.42051375226734,29187.255167084786,6.0492185833932215,402.00729572859575,438.291445154433,12.899327006356703,48.429850406219884,5.2283045536644615,0
8.468287087904727,97.64315400184077,4571.218792290068,6.664020434536041,309.5601922316854,471.8932986296814,14.810363212240151,64.31601605813333,2.7987933782694427,1
7.852295821517007,146.08319843490762,16148.776640753382,6.003470439105916,373.77668570066146,378.65265679035895,12.73657130909271,68.82627279070329,5.874563309896028,0
6.4157726665253465,195.7517102426863,16814.408398631313,4.792501095235669,,404.2078133944357,11.811981894799882,66.93496720578293,3.2306623885512593,1
7.124396583512275,194.23195455608771,33654.15379040314,8.188004098299485,290.4600665717538,339.0969767117433,12.45986805841738,66.85069246022543,3.337231236042491,0
2.0,217.2322943019363,13738.530297579173,7.6673248404530225,361.89573520090306,387.55037123054336,7.710504942142316,49.991264861345115,4.986368226952937,0
,178.32187185824432,12699.440931171392,5.003800809457777,329.5564571220766,417.76537976813063,21.717021347245613,95.74009406992363,4.4496361988601,0
8.1200906093686,159.945466021921,12101.471408334346,6.739351595470493,356.0594209203603,292.0423264702722,12.032993354466619,46.71815793175508,2.642029577092237,0
7.747263861843062,182.80945784595662,33469.365141765134,6.828828408740849,333.23561177050595,472.8065691796867,12.286180916599456,88.71798679676749,3.4475052816931506,0
6.705086702203699,197.5057784393909,23654.56647818873,7.4074721970457045,325.2023806901264,508.78796425852295,8.304020407288313,30.72644898368292,1.5463422001237506,0
7.806749725103281,203.99242495402862,27684.61857482335,5.410562531136699,305.64618551355954,425.5602470193266,9.79590569566853,58.05828641266392,2.9589440165641925,1
10.020107214667771,170.43648139393787,25158.151949091614,4.980689107128828,284.368290044498,208.26284167816874,18.13250144642777,67.05358872653741,4.395031341900679,0
7.491608945331157,226.05759644103333,24053.662598018498,7.941164703733579,391.87183339492543,405.75818463526014,14.781973014887468,48.90085287169558,3.2047276518492565,0
,175.9560462102793,16340.930303466348,4.696340020615576,398.6865969937771,313.6143940407076,15.729859636202914,81.53504710717598,3.7604720779524556,1
7.311488367580186,167.78629877951067,18341.664126006854,6.752391680973632,290.7976976735908,376.94278217103044,17.464292121657596,60.31888942075407,3.710659934072708,1
7.731579270366902,178.55531933849326,13505.692858616863,6.604798046502001,,543.5164530907848,13.871802382209854,58.24337885736614,4.233837896529875,0
8.884534598696082,231.7622417806158,17828.05639283466,6.925210777201679,,229.4945749041416,14.056995266434742,100.63465663522909,6.3053091334607805,0
7.5889266994235385,192.03099669825232,18305.9510405922,7.519293841461006,347.8940096153345,360.2379079891015,17.15731537293435,63.53215707251033,5.474167305310365,0
6.233474251307393,173.55050574900451,26800.940061290068,9.645741576142022,,493.2292246378753,9.933544857096878,92.51586413381908,4.533321272675277,1
5.193766268513014,226.8689449897571,10849.921251359074,4.592802323066378,354.4801307012557,369.4843695404682,13.41992471263719,50.50176069042024,3.468044627025185,0
6.685991849284445,266.8964269643138,25068.42480743175,8.504998900717744,331.76109356888946,363.30284168450845,13.619945855025051,73.35519961073628,3.68560548265798,1
6.6631023778981975,203.29855866876437,26652.25761356198,3.150790508312424,329.05427074400177,590.4184184234882,11.798276451017594,66.00316188444957,3.0983621386169435,1
7.796959801702684,236.99341696247276,300.0,9.322063615131363,,456.7737013875703,15.66179820680221,75.34619706800609,4.7635565151971955,1
2.267158913818718,230.48696457391057,19410.00409464666,3.8922664419512922,312.0565853839543,501.69163481138366,8.138846280605147,77.887336918648,3.2625351140651215,0
5.993470286165646,176.47445217044086,13927.588664235733,10.96950352809497,,466.1693132042369,10.579624206569905,63.381153044218124,5.2190343082446145,0
8.34579649917412,197.27626453766806,29687.91847423643,6.5041668294260955,393.70013100198776,439.2651492411813,10.397849831425116,72.09226648142692,3.265918755502348,0
6.229116970306169,154.20428168273884,30479.22510768483,9.158805236021395,,528.3332127257476,16.063612444937057,53.77138163097942,4.962454351983224,0
8.422238907335286,189.6573994367022,11910.428334921047,8.832966516989167,,580.1520056409568,18.35506664186602,54.61827736852123,6.445485678902799,0
7.726517767602152,175.7983368557637,31634.661269094773,6.430347235739035,335.0857801010266,290.1718324914599,13.815272631002312,84.19783646041057,1.8359834810570717,1
7.182583534248519,183.14505200892162,21381.998239643995,6.55159623526359,312.49163704382437,423.3463576200866,20.23031970454553,55.95189020881611,4.694105493631129,0
9.34732553349815,171.72845346758692,41832.56887250868,5.797288838251004,,422.709541129407,9.377869539562283,83.23305005034199,5.126411660540429,0
7.349310205118191,186.95451501036584,23954.803047995505,8.364044862981977,289.7931747951417,391.5143993867704,22.749669630646842,75.03625425293488,3.775002613293357,1
6.3390882564707445,213.9104553781157,14882.752472056216,6.450920395334821,365.1090790906722,505.46969886145376,17.270945322884053,65.59852825930992,5.027825491633508,0
7.788468170478607,192.46871614652414,28253.059269053127,5.82600602567984,374.57838012239813,446.9565247475398,12.947250827284524,51.46992381081071,3.646466421842535,0
,135.06212179384784,25202.458373027403,7.9688960988907205,382.2390061055714,581.7782074469765,25.3321032723544,72.28329485996501,4.366661975893505,0
9.753043557999266,171.85263341483983,34582.43179948862,5.702461222578917,317.9778011416803,515.1015258711251,19.94243945727933,70.86704775550147,3.307029697050692,0
3.6573891179648723,146.41176130083352,27006.93499289536,6.600207979031835,289.9398007752636,536.4679569733369,21.056633942470715,79.36596812631082,5.216438919647927,0
6.029024278349001,204.42958143480016,20102.692959724372,7.289227266498066,,329.30753102511227,17.908539370863238,61.213018790222065,3.197642087194448,0
8.512180600238157,212.95914127738277,24834.259153992407,6.104961406967196,406.5014769369579,361.06825733942213,16.436608687663178,68.16577001355044,4.715840219289316,0
6.2,204.84043649900204,36730.33489816905,6.343353084146502,336.6727308730003,367.72573044652233,12.225842892599522,60.90039225808446,3.8914448694727506,1
6.925619607556202,170.49439546045016,14023.717784580014,9.545273457800343,352.52509936504094,533.1079992218363,17.558147777227877,52.4311561247681,3.7433131001900812,1
,204.52149426841703,24973.01446756049,6.797308383549469,324.0741693404853,348.0521560805498,13.69095960253628,76.75287250692182,5.0819603143289145,0
7.356135874019953,180.933240985204,23328.895768313174,6.551789403541893,,350.4149045837704,13.002377162111898,52.139127972999404,3.7021039800527666,0
6.343862087599176,158.9523827032167,11668.441174421834,6.843302281851419,,335.5944822740351,12.299632195648234,84.74303322744689,3.507153764939988,0
6.612796132281238,220.80949435842382,7155.845760457627,7.838038881828527,,648.6445992854033,17.84042887151829,45.729443609660635,4.0750597222536165,1
8.338524900481445,223.3131130975121,36009.34177217998,5.4864953813752955,350.50584853731425,414.7076616989772,17.261514803217008,69.78283040513003,3.9757609978622876,0
7.776166544820034,227.61866132764735,19550.529197076234,7.795000332724251,354.81078389126895,469.01495173797235,14.647432631245184,26.609572907128964,3.8219486416224537,1
7.998293094028373,176.3853310589322,17572.393691699872,7.5241959002936,,334.03812070598764,13.207541626196763,,4.074778980474647,1
7.9105976219422365,235.2010200876023,24075.647885303748,4.293924493162894,,503.7080787135343,13.375029322721083,56.37879024727595,3.3585574577475463,1
6.606242018019746,180.16114393130658,27024.49841210449,9.954923853385843,,282.88773668040704,13.12959407110641,57.15513617068645,2.801615937146078,1
6.2,217.9001934786171,18888.94098584352,9.428085426005866,295.95918464724116,347.09657818780414,16.386569165998107,76.91843424783639,3.719870364639914,1
8.550535082940199,179.59097342787638,34331.119084711085,5.855110566263157,332.0354654864596,367.1049889226624,20.561409797090214,50.562579614751414,3.361433150009532,0
6.2,189.03098681276416,17815.04367931092,5.346566070438293,333.0315613411844,443.8848203114685,10.569354738474642,60.37494859583722,3.082758960594301,1
8.17357142421919,116.74324849189567,23159.038736612893,7.480321365299884,312.1758349738074,362.1189490217548,12.633146478074103,89.47900289956557,3.276458852881406,1
6.8610964436897275,186.46705524568347,17705.699340152514,4.867136005226564,,549.33904656853,12.281660722601822,53.6900524426817,4.504962806663103,1
6.60947827484912,199.3968599072274,17120.12529372249,9.275567066849565,,466.8604349176551,8.094036178740517,47.9212081449009,4.762698567084595,1
6.216642810532116,182.9093675887297,14280.204244736355,6.37984309751122,382.9629915899543,370.4800431723899,13.85117255746931,50.435136339578364,4.252937955349361,0
7.527583893137338,254.17858744000108,21343.10649425434,9.68245494672793,392.2676415275923,506.80745982713483,12.571779165059636,67.79034466587007,3.3405753789288974,0
8.332715411274089,158.1548657927984,26759.944570727002,5.817442674789698,279.36721114943253,394.4226066411369,15.590853238310991,43.76427257191648,4.492758969699756,1
9.143001798582741,177.85817729928084,22061.68614113495,6.942720704804582,285.6518590484712,378.4927197109989,9.907738082001313,60.03611606105021,3.402127424933805,0
,166.62969113146545,28318.44499832501,9.122195918392238,321.8086807115159,498.5819043176198,16.182466206040687,72.47989033661567,4.372298020959109,1
7.167603079782246,177.851737391049,27087.763707041657,6.6092816221706485,,228.0117742682336,11.260766542671456,78.69654780953594,3.7889682469764283,1
6.938749774433939,230.3334897707492,18322.39201092132,7.549904954217671,,485.5732189916797,16.08738412429876,53.38127400424855,4.410038583018164,1
10.49187208722146,245.0272460333571,13213.071395253968,8.846400833908062,310.92073173044247,368.58194062753637,15.956420839377307,82.47923389769619,4.584867463009604,0
7.05488712677455,173.34392310076683,4521.477085727718,6.241445027682017,321.1970848558288,368.45972986488835,8.507392608991875,46.57225081916004,3.9811523183048885,1
8.310949422547054,172.6130518444066,6465.435456258463,5.126452236934648,353.80919224870564,584.4174643417559,19.402436183557818,64.5678671047614,4.644924444105941,0
6.983863903664627,158.3304674612602,17829.36980683281,4.815237257834026,278.75363070280986,383.2780080409994,19.577645629519374,74.7124008987723,3.8705128214912397,0
7.313557214838976,239.3767892164851,18462.557395250064,8.041823744111841,,503.4379023272012,13.16946805928706,84.18900521988205,5.01586879128095,1
8.302034042550119,233.28104498754635,14194.13991126066,7.734269851456237,334.66913269611,448.7629741165339,12.733850435002708,40.969172735424834,3.1532342408442533,1
6.7972571655279745,192.91319878036893,20814.177767613677,8.797427813468124,,457.1456748482455,19.924535590899133,54.90371679767053,2.7205397971010106,0
,150.46833644150365,10508.28333304182,6.687009344007508,309.7877973484694,405.95618556757177,16.553923145482845,69.10446921099302,5.115231529918889,0
6.6802215992890455,153.4108015964893,25881.28875881205,4.859435132991143,357.5780731305254,401.7405874106938,15.415660230654666,92.12721826420965,3.7388588388297883,0
,202.01370891765313,18591.924866925885,3.4026513560751095,337.943770415103,549.6614619250809,13.354471254358817,76.64819257906704,4.187195439976033,1
7.260316948142538,214.4732175168898,35247.13488150523,11.65138080427569,369.27186750697535,501.38117363888915,19.587882917051637,66.95219337618805,5.8729677659340656,0
4.890035097391339,128.42383591480422,32200.103388570045,7.952538369289255,325.57601760209667,385.8257785450353,11.2147855824659,59.9890163804355,4.007462658977457,0
9.364408673333202,185.82890394330366,22996.486294992173,7.3361309746100245,398.0347316775127,341.6932078322942,13.557042757126258,54.6425548596804,4.235410779286153,0
,249.64193476643794,14802.36375097674,7.56025082129583,272.0288879140364,378.97452234284225,13.339380993731078,53.720770275318756,2.9282097952779687,1
4.733649018417511,189.24394710186363,6716.088883048629,4.8584844617927505,,505.5048178201034,21.08796828128548,69.17714688602638,3.753011283943651,0
6.078987655139277,245.40909318701154,30999.172236260954,5.864102254278387,338.7149978790682,521.4382953930458,11.338880669179792,93.74021401202864,4.3268977937215345,0
7.991874478530524,217.75361764264198,19354.821011740787,9.874461602226162,,471.0394430428872,12.876579176657906,67.75788267809773,4.190926694086304,1
,160.72720113251674,25590.7256061133,8.160188711646505,414.6155270199504,295.5649087583599,14.979396535207787,46.04617581106889,6.74,0
6.307833279262419,186.77111444872395,12225.07059537905,5.913515700947861,410.3360858798978,487.10534970672006,11.975458545293517,77.61536497364906,2.6325811976319007,1
10.682875071788414,192.16595955187927,28231.335537571194,5.181631781628482,247.94175116430898,531.5291188511146,17.309657119977032,68.64141579557038,3.823376357534321,0
7.6935005625813115,165.06236940972363,10534.977942971349,6.305203307867585,341.11887363611714,440.22336889078537,12.784752691472482,68.90571475046765,2.9611971562696766,1
6.096902328780578,164.49134204952003,42592.97660287388,6.621619577387852,363.0144297658525,586.1680868926146,15.389444943636873,40.0214032237178,5.2048792402946376,0
6.9379104966436405,245.97268668070066,28058.840377996246,10.357650736637792,,319.4655710025616,17.0533415933941,57.71878708955909,2.916294519127739,1
5.634569953475247,164.2448356121019,16364.289519458795,6.822537545973791,396.54292578272714,481.5324476521156,19.12296127316902,62.44073798212753,4.197038659951967,0
5.853447857065792,231.8805469138456,300.0,5.24050818106984,,343.7661142361896,20.439873590946632,74.01963306015884,5.117724314734787,0
6.2,182.03966066179098,12712.396706426425,7.027408265496066,344.77875655153133,511.7301862038709,11.421715045264186,82.24341028760475,3.913885800687572,1
6.2,195.55646604684364,19502.321376794476,7.537654780037242,428.07208955384175,475.719157143875,19.640486038240752,66.1919700814799,3.980441352203579,1
10.051904618461494,214.88468136004906,14192.181510807308,5.096736407411953,,571.7495499944284,16.778825120977093,42.317548622401276,2.477896184287319,0
,176.70741966143606,26181.603926219846,7.755421544435131,,466.5764541292245,11.258023087131594,115.39638783674205,5.342811346577452,1
2.0,215.08405191397014,28817.4281485443,9.03008720458908,310.9328095741063,393.5563137407188,19.965219540150994,61.84927579504971,5.773154861926707,0
4.994797776917685,129.07246288485823,24455.796066606385,7.339100627536206,385.2743382231074,386.521526836381,11.849635874376633,74.49693471085519,4.409871629260916,0
12.089448547403148,210.86637307884155,12651.456768812524,5.860637060077506,,405.98567892616893,14.548612678482478,71.75557517107266,3.8924080475871996,0
,115.18535890159319,10712.68485982391,6.284384708639163,316.83683523041907,384.93349746895115,23.518169129744592,75.33008219620248,4.887813413890378,0
7.532480724586659,188.93674269162076,25900.12888360701,4.499039156874257,323.8817236937693,535.0464048444607,13.796171729059049,37.27525732378355,3.6906611656025916,1
4.798628596255483,224.50459421697838,20831.214349734742,6.908540330117995,348.5240504816326,529.2715727623472,21.90025647409989,52.73693784933772,4.2423235873486345,0
6.820355833867935,216.87351556932057,12362.100636122846,7.611032331791263,325.7908237733905,305.27735044865807,10.63071273937101,74.48985250481472,3.1443051369709716,0
7.231935687045014,153.68229524215215,25063.93743440746,5.703320515912544,279.27740488572226,429.2994995610779,14.756498859192698,37.06105888807345,4.252150808559041,1
7.028163675528938,157.9180413685233,29146.01747341799,10.184726238623654,,431.2493145574518,15.055331570219208,,2.0602121907163986,0
8.507637967220651,173.74268987338533,20291.444558050443,8.371801602812814,,363.0713412305077,15.576261192831874,81.78130479686314,5.672149915037903,0
10.39505380536287,202.52650187158264,18242.38009884874,4.2874118044614615,417.42532012829895,461.61059935956655,16.55783996662758,29.756796957606447,3.930577819194303,0
7.63824819443051,129.54939804756216,16996.374172231437,4.319825157558059,,544.2367476965026,19.559149315982093,64.5187186916554,3.59901009893671,0
,195.96494435458243,26699.665902515648,5.565242391727967,,498.2581659034239,21.537056790282207,71.20068603111832,3.665065844667428,0
7.282744029166478,206.64602639802212,21620.065601510745,9.605632942679652,359.9176666870848,535.0431258265139,12.253907874475015,76.416778235039,3.8545655391083407,1
8.554679307534418,187.08807674934465,24568.023159757948,8.527656302672733,388.2433296383043,368.1477979191187,17.108853316108004,61.5396080920502,4.19778373897767,1
8.39546043998659,213.68305984894542,24604.78762572034,9.685465268982094,357.4120344453475,429.14982803954683,15.230956614582759,92.71023126968814,5.364799107945075,0
5.573319875960564,203.7605248089321,26118.594063694643,7.136130672769153,,364.3356675152954,19.026950288206407,70.9929090660916,3.703405270348493,0
4.936658757620845,178.57957486577635,25911.22971615521,6.789006861819601,,445.54594970290975,17.36868629087165,72.73851492889682,4.66771076709121,0
3.556173143282755,132.69937004746276,23514.142402331287,5.148935012024214,436.719245544111,452.8196334558656,15.026042276960572,75.9584319299053,3.835564401370609,0
,200.78929038368008,14385.259457148139,7.6725006013685375,322.6304067417582,503.75491083639326,9.156446389723488,91.05309984943702,3.0534120804283793,0
,165.04382048393373,29111.61692824308,6.810054296271107,366.70997729181556,532.3301417908341,14.681114171796214,73.49283623204245,3.8433812635863043,1
5.196754203363884,177.37252764205516,17261.38879605301,6.749217939038658,,481.86935484681754,18.664657670136673,62.93141611057057,4.886092164823761,0
,212.16318677098553,22475.158157967613,9.676520328863484,354.7508434484116,356.6982750824568,12.505783158656564,46.07347709679664,4.464750966957199,1
4.662199441368346,243.03026831499017,20450.5884011801,6.920373947473995,335.5453642836685,316.9444446826032,17.218177992765384,45.36666289670407,5.057553867073054,0
7.369193576425948,195.14782193875791,6639.583572300715,9.222950681595343,244.46944453158932,468.21761848099067,17.076667841829963,62.784924863602676,3.065762214867007,1
6.619883356092399,214.62873311906915,15800.267556949322,4.610842035394671,325.5122698856395,547.4421055959859,10.155073836497145,68.63110347618438,2.159142372960985,1
7.495149402011963,148.8766296760699,43819.35476183906,11.367217327923417,375.1815800142733,424.196816332886,16.463562305396707,42.07378685065906,3.5425790927233987,0
4.621136530934333,204.47772581473663,11386.05495604029,6.530232670426517,302.1204457966812,302.78660017965205,11.665569332448857,80.92415847561377,4.087906493492202,0
2.0,194.42909465042135,20219.72321848954,8.237350756772962,371.9271827431619,594.6482813020076,21.956980456454257,73.33916030102483,4.202457468938236,0
4.916567628280015,236.8415874026014,25133.537071049643,8.488711200875489,341.4014194057603,465.7438876530447,15.633651588571016,65.09090953136027,4.498356059298276,0
6.0034666693293035,178.6189161386539,21318.338843911322,6.334176366006812,325.87229202263575,440.02823449676947,11.105185485809926,59.41917526079558,5.795596986489454,0
5.7496459730432665,188.450122395358,34402.71064365851,8.414067542293305,371.30075695073145,331.82793099868474,10.541878670684598,72.61032252664702,3.8447102490505394,0
7.1703952564597175,231.23499596866895,24374.590502054612,8.496185018998357,,427.51027080995254,11.460097793348051,54.116192766132016,4.021312029351351,1
6.2,193.37208823021604,15110.32846403417,5.993231688347687,351.21064874759867,481.70024030540065,14.731454252590451,65.3615307347273,2.5766997320814395,1
9.787096890687451,159.91911855564888,21269.26966022277,6.0119456457926095,375.8582683951091,466.8440742207266,17.471153401623653,73.10723949983176,3.8394623532405667,0
8.165132476438021,280.34873469124506,30840.742976210506,7.1915847811058935,,371.2651200452834,15.42425263370215,42.257870377266244,4.6026299143691025,1
6.659237522178088,160.9142980862215,19057.74120283498,6.937519562657171,,421.58912513703405,14.035603466950809,67.72493144315061,3.3937226167871297,1
8.612608118640523,194.27136731702066,20096.741399516053,9.321145551442266,,376.42665847542935,12.731142265745328,82.95899635337284,3.0751460782083933,1
,207.8060403332427,21971.856708069212,8.230215732213225,259.09773969691355,560.6642558980285,17.575374089090975,77.75307269846243,3.9709821609502076,0
8.573754580078477,205.20461604712366,31938.970879355016,7.008730760248317,361.0149038050375,498.5058174737979,13.479464451736726,50.43092879651756,3.319117502275089,0
6.863933060606363,190.15743213818948,41401.76079772458,8.077603174758124,370.9026733467289,383.83374261714897,16.71918806465603,39.15394425833225,2.6561625799446533,0
6.819621021222063,190.32138380968448,37571.234552509115,3.8862881370812277,372.78647282430796,331.7876515645131,17.436622198881867,53.78733768623022,4.233698638206793,0
,188.67074159912627,27373.20939231215,6.147808661661848,354.0485205481139,448.6474586442859,12.37081220296565,44.05511951448919,5.505338051107182,1
7.890198567087412,159.68577605234387,18220.05071883495,7.574757193143843,373.872100356717,386.38035491084395,16.381062685328626,43.17967651174128,3.7380074904983793,1
,267.1422121545078,22901.788100963135,8.882277492990072,,392.40082157282944,15.589738273489221,46.26058361953859,4.568185318603399,0
7.11162193432637,189.1622988072299,20733.9392500973,7.435635548756154,,334.47469800831624,13.797144483655094,79.25385542371035,3.613431190814176,1
6.788312961996542,216.03902966387986,23729.61498854217,9.424017619964697,275.2224780633399,344.4781750586432,12.645306076694698,45.369673926504,4.122084589103138,0
7.127864440772419,185.38992098227519,25793.864387993784,8.491344975679917,,439.34374832689036,10.570507560037965,42.923251763756156,4.236184006301519,1
5.446317358894908,184.7282751795046,24643.83282544994,6.348439509967276,400.7128218676162,404.6362214143645,18.464745822085533,96.49946520941504,4.06669953434382,0
,181.41590349816852,25596.494380394564,6.8987515793930445,379.0600193494843,627.9183623904721,18.03170958671917,30.507566056502682,3.356079512134321,0
6.451125698014993,145.41007357515366,16150.192913695759,7.765306264256943,,474.21567735955927,17.086880140172756,77.5789210086484,4.334542075623783,0
6.729498880080155,191.11556449002669,9194.105689164197,6.4111558264869455,326.28092253593337,333.1430293419093,10.403283146734234,74.18871418788882,4.280051679751237,1
7.23576922914372,183.00944817289076,17502.912863287154,9.539438481108217,292.6651759239529,302.12059156421725,17.489037806522393,62.80255304622329,4.490432345504969,1
7.378959059978114,234.94315635217916,25304.07306765384,5.368212707818183,341.5429461086754,458.3722482035745,11.015591325232588,55.94158182900036,2.8835672249722637,1
6.585333873581071,157.02856613146946,19959.201038398158,7.61944819167053,,394.13313874605706,13.890920094545958,83.26461000608685,4.098469408128876,1
5.10520692693596,177.41185785844527,33097.64108912667,8.28200596549599,350.76867965533233,533.7831759199762,12.181938431277086,85.10036928942866,4.264380309730505,0
7.059968020580884,166.8413086437907,29771.33668454236,6.624753756651458,268.15240132775915,448.9745981475631,17.01762866073749,75.45814322204687,3.5594290711351126,1
6.710728816438879,243.8592499629885,8468.536492691572,6.268697054414187,338.13089114059557,266.0123589766979,14.672111143260528,66.05587661023212,3.151331489589536,1
8.8,167.7964621642813,7669.987624377067,6.999791551609002,254.58821284845322,343.83051668786345,10.902837017756756,30.786335481115145,3.781273351201378,1
7.085393845663635,214.8996648914899,24887.805616359023,8.402957650200575,367.0932106905887,371.637209874624,10.154487123967225,72.32767888781521,2.57269256753532,1
8.784599245431131,228.31831247505676,26162.786713366473,6.330240163905991,,461.9165846201537,10.441386272734952,86.48439170634376,4.523658062940542,0
7.7109969120407085,191.59255621443307,23773.86620625452,5.4311045246833185,283.1627740460886,341.1376036682213,15.367833686420203,74.2683906977093,4.395124598520391,0
6.048680805129729,151.1029180690586,12124.11892268881,8.937923947648981,,438.54766159185294,18.353498943150598,92.20244676696404,4.4547438804470625,0
,151.5193380466746,24791.71898066082,7.750888427238229,356.958242459417,318.239094446037,18.741305083366647,100.17447537184434,5.240964126386134,0
,224.68623773179104,25560.650504529425,8.712414740173438,343.42131704394836,426.69978185345906,18.522676571254443,,4.3499051415690015,1
6.740737209146269,154.9264567814847,6214.48311940235,8.319744135402557,424.5367090120535,456.09809954341563,17.1453364193498,64.30162595560753,4.606367480364924,0
7.009151921818464,209.29767550387112,18147.249952177168,10.564225107085505,360.0889932209966,544.2900336425232,10.080622683385636,58.78996173616633,3.5610606464499326,1
7.3366871019051345,200.1620857130976,22302.76080032007,8.881655816258343,,446.0424942272974,11.495519221686404,62.106343992228034,3.439624378598033,1
6.2,208.8076587338328,24716.448843419847,5.975954292237783,355.2950401138766,360.20781812053673,14.180260551991806,89.51052115776204,3.6605088681659463,1
5.25157721919978,211.91514017812972,18674.331231693795,7.863023388225901,,546.8348110262192,13.523410376602909,,4.528518280648761,0
7.033942835140212,165.68223119265105,18850.57178844761,6.239167820751198,,411.39921467440985,12.285274100020368,,2.6388653100938573,0
,164.305122910415,13802.957559037775,6.402480661136223,,488.70419486259686,12.46525249767819,58.327990159736395,3.641114107336602,1
7.301584962968258,219.92110271190325,14552.061374654906,4.888249367027828,349.5288240735386,376.6780216894523,14.7640350941973,41.36980837723155,4.491443190347139,1
,175.69456231243137,20828.083254390454,6.667941172650869,274.08594781791487,433.53488339930703,8.84346083626887,83.30983377069104,3.0377864051817687,1
7.3098275999269156,105.92011461303062,25828.62271925604,7.981154175884826,336.3399570474222,361.457550886102,12.489841786671443,72.52311711747419,3.5015659757301596,1
,217.74404930037917,11338.301515494106,7.01568570588869,331.4705936334183,452.2386043922161,15.0652973672934,73.06314917160573,3.609238164508013,1
5.720077665865989,162.30700362253754,26926.45433433238,5.382997922867068,,491.1493100892203,15.040966095011493,54.67430026483028,5.015472345077273,0
5.104625712321812,211.76877038308282,42058.57523698031,4.713629454700063,324.6298384635018,386.2202185376161,15.074156030479077,65.28758400457214,3.8668231688907357,0
7.611324959346103,242.2238388425283,18114.366576454864,10.456716578059297,351.84015116438087,381.6785601135567,15.075111923350189,83.58206105117314,3.057646634585308,1
3.816742072493603,196.95148484391808,29633.120923821654,7.6337539898055695,333.61992658715786,455.03091205188815,18.975533526195385,58.735868948196014,4.187329401436979,0
8.321728964414573,229.16069586173018,17790.34357806893,5.81797071203218,275.33907276842103,359.53870962563303,11.439885498718322,86.98652830517821,3.8535537403129263,1
6.218646028276602,201.45994368964105,37959.81969003833,7.8496178663305445,322.4888231056466,303.5501500632928,13.420999612876061,77.42882119214583,3.0380336987869243,0
7.977244253209075,248.62642489584374,30329.51564448398,10.578914002933617,314.4237737337492,454.7382706068198,13.711727531814859,36.85269284264389,5.896392496461494,0
7.10748960354036,161.4566761218912,22425.71373529935,8.100330528240514,341.811459853491,417.4980681291093,10.137040870666283,49.06985607418174,3.27948235860364,1
8.8,196.1297271442975,19439.11140993816,2.7164327669349184,,415.78816117160125,13.719768011514734,41.830648585245086,2.837216697172011,1
6.8005147339018315,218.54701680586427,15678.814913379985,11.31062086701937,,468.30248949816416,9.293858327690268,74.21580403106485,4.0920478142685095,1
,190.13545319436952,34888.008152032344,4.198190561141203,315.14253344227325,479.58862847637727,22.292468850954684,94.20998404678414,2.01691664505886,0
6.598147479377679,234.30800498987284,28239.96046530184,6.794501126304605,336.5830151425583,413.1910471597543,16.824384728295332,58.19422390629755,4.75572880178173,1
6.278761948223896,182.18589915009534,15725.19762865426,5.329221205948096,373.6672376564437,335.48831205257187,13.55648541629879,59.509218956066846,3.781473492271505,1
11.689346515100143,264.4823108885904,41842.70985295951,5.950796666242323,345.3357176401189,374.6021863037714,20.52927782735408,78.68130090683172,5.384895582949457,0
8.582802741940192,266.2202978905569,17247.55009312858,7.569367302272568,,473.46508558160343,12.010268455925685,79.6469881498001,4.481386481591582,0
8.8,205.68016867587818,17455.325458849824,3.8477828560981973,380.7141065240543,437.2213352063545,11.079246428956294,45.73579380296702,3.682864424724883,1
9.37822725205491,214.5805788336669,16627.507875750718,6.977411974926449,395.7626553430589,381.7794432467956,20.240631646314597,28.850996600858835,2.5005002770293956,0
,235.60599023205057,30553.703554534553,8.932801027931351,390.46118478464655,362.821571944522,11.173413887008806,51.609607588370906,5.8509377710852934,0
10.420443452383289,157.34120557397364,24165.054686408665,5.7876802871516695,,476.12008306867887,13.580794494666423,95.13606972748094,4.5567006635514264,0
7.740002252284887,153.2351995203907,8359.516548562635,4.923349605291394,286.05988764649095,408.2904856305859,10.041945918580328,,3.669090885541465,1
5.404696231402171,237.73618226591617,26293.361411666127,6.899897938593927,360.6034479054934,487.0195157247886,13.979147757630534,66.44861902881233,2.1154310010586856,0
,205.4142207575217,14504.618862078732,6.585420445718826,384.2384708885653,497.25033243303574,11.264135669202119,67.83090202025673,3.414631930562255,1
8.049296341748917,188.94797740726494,23112.53253437335,6.179540280871539,,400.9225481769571,8.570399903734547,59.7452777436059,4.510563323835822,1
,196.7659566647902,21744.21369448402,5.2424131997341705,301.89224114122237,502.93151677475674,14.534859303594445,41.86903740928486,3.8111323429267006,1
,117.89923555922213,23696.618930460332,7.940311638274073,,437.3835081605242,10.771744886233565,79.53267541769355,2.3338835304927597,1
,190.13049985436467,23356.876001619694,8.060516348077934,336.91340688894735,447.8348655967904,14.259048109092582,65.70771536949314,4.529320070502961,1
2.0345989672486198,171.62476228054294,21837.664524980075,5.43627815955875,410.26829364651513,249.34907311495385,14.828429320382082,39.846100700393166,3.760911852247393,0
,226.6045567459362,34113.99825406608,5.654939241526059,276.3661267500697,347.74955909546486,14.658882580640885,78.2087340872655,4.369992695423299,1
,229.1365126088338,18535.542188265186,7.335657350529046,301.9514113290934,352.1310953987028,17.269147180191695,73.31190111549614,4.574337543621425,0
7.960615293540322,215.37277970287406,39597.26435336274,5.595344780221486,258.83975964655895,400.45269842979155,15.472656614000737,81.18151938685456,5.576252170669923,0
,209.41058954549177,13751.319418710813,7.402285932660926,339.7871142831696,435.4395614184252,17.25154574034879,78.6416689378196,3.7721390742856693,0
7.4233979608387894,147.13729196710318,30720.72646279467,9.43951351521338,427.5229871477636,438.7442262633107,13.693556981039126,66.9130303087743,1.8701258063459156,0
9.409729005072759,215.83215733189718,29180.168714439274,7.025480163659264,331.96425699272174,449.2883533007332,16.409779183790867,89.03169380929015,5.360167525451782,0
6.816984603561166,217.10719240771934,14264.98820787163,5.202486139445998,,370.8564770256934,15.90139197246017,31.5063184182463,4.141040643919537,1
7.62590939147875,237.36683830899122,9199.373673082682,7.739523525768362,356.5798851038007,482.0621274730069,15.376383934673814,57.42539384303587,4.543471834894637,0
8.417934562422941,266.0891028289535,16307.586865060859,6.839305527359007,328.9855739206982,572.3905062389686,10.24084473947482,78.78953135605585,2.2223291623306993,0
6.2,140.71475383949408,8164.03379595648,6.882751880763724,348.95347719256495,397.65134909411057,13.830358031285176,62.82393571796756,1.9589855084499483,1
5.1148307904797585,183.6191124371608,17904.43967097626,7.871010139148487,350.0375631101715,372.5756120713612,16.790535730418732,71.82230346761587,4.411291722967353,0
7.91343558744138,171.97942763751348,12146.129027499333,8.211839096389756,298.793954603328,370.82518862800146,16.363179676374173,51.604967274337014,3.748083590253317,1
,202.07548649786895,29563.549076507617,7.176093421447821,,433.10580038366373,15.436193789701997,67.21091485826558,4.501281503921514,0
6.955314479821582,196.8409211353735,14574.437149178859,7.024125099599332,,383.71834074326927,17.11972026074531,62.52413566185745,4.330728188432472,1
7.682534467590325,188.6986997956632,12679.711443681623,10.380395554947958,372.2430512257122,286.38946422287665,13.848823994420961,75.67655319898483,3.9966746045496437,1
,230.20818349009863,20155.62593351398,9.01687531827353,387.557968566443,308.4944487059049,14.023727067186682,67.36423680985109,3.883348378090721,1
,160.16347245215223,20713.166493659766,8.437002866542965,347.6870531648077,508.6313632689695,12.601316465812808,62.98125598872488,3.843991133607631,0
7.0917129167794295,162.14710372278327,23386.89683719735,7.32730539449071,348.5295284455199,529.7689584419687,13.613052550497022,63.59021083395004,3.416809653829142,0
6.8956645418841225,162.70298858087443,28268.58433889915,5.530925687285942,364.8576534198855,555.4710787070044,11.483325983049259,62.26277239426202,4.332083244635998,1
6.846769852486848,184.54522237368505,30277.6135107894,8.90127048977571,,444.48539865337364,10.23588836837887,62.185316307931174,3.8405503914427097,1
7.235438202201277,155.97938189650026,23030.15951292623,7.347984751814474,307.4787472476487,346.13483495733203,16.81801607700221,39.38340492325269,4.532355850099282,1
7.860818094148055,194.801998018504,34488.90550817811,6.208072958159449,328.6333686931079,390.80829514809966,14.856656766075101,48.85476321968834,3.855141908050037,1
5.715864551452344,190.95537259664448,10352.350108645087,6.735838083331442,281.0142672384601,305.69587909362826,13.698877393290168,70.05475875921503,3.601728372619352,0
5.719350462260476,170.52365274943028,46296.16130879548,5.593431545343726,350.6456919483762,302.5847272450085,14.242785339513096,64.46520226827022,3.8434492725582796,0
5.666666068887311,225.14690975844886,24876.358378025223,8.790579887917662,377.23199629736615,446.8252270134683,21.25635342221225,82.1088024842898,4.421512353630664,0
5.552977860012901,194.44243261936637,28940.50852432097,8.199198591332422,,469.75213319208706,22.415890536438372,60.28105256060398,4.79010593899598,0
4.462019175053047,231.36109827664635,19064.05785863039,7.406979289214795,351.81517646125025,584.4365833026804,5.55886460829328,96.47460515424459,2.294343240226046,0
4.049201235781034,189.9828598953742,18000.040392855415,7.052398793672073,,419.4860390441715,16.808610388883555,59.51250148189031,4.337576045998831,0
6.741966621776692,195.60398817718843,17005.388604035066,6.044543173945248,291.7137742174101,316.4869472869074,15.091804263122182,78.25866939585438,3.803419649627998,1
6.529491682456604,177.88445888597172,42370.504222058546,3.7544852228615375,418.9002272116502,416.3488329925934,18.442329789782164,85.32538943395008,4.534754508331793,0
,196.16816881638258,8072.366705983015,4.887575503277095,292.30754816888617,403.3772967116372,11.386942140380077,54.669715938075676,4.330068897578308,1
7.9111762745737835,219.83240997174434,26872.246475217187,5.946620363559522,280.8361802311632,386.5084805146855,17.8093723604755,78.5360761491639,3.490918494657018,1
5.773440846391241,182.8671037583072,5991.144733437024,5.709113116418112,342.68921743808994,453.9749650519699,14.343731276956369,86.06733009685459,4.263770173620776,0
9.003602642342262,213.45575356739045,26847.14715009238,7.577189786893383,344.91678920827576,328.070619648233,18.348315296736317,72.3528292438356,3.7758726382995347,0
7.422620313163386,169.66062498159513,6629.839257756563,8.402160112317848,361.4234106452636,436.7622917723377,12.437019618936377,73.98237856446751,3.0367926011254056,1
7.456845641207142,221.3727636056807,12690.713034475015,6.917066034136364,416.65084141531014,478.8463118701339,20.889586910494618,70.82027166006402,5.326838831678926,0
6.2,177.3210982814376,14214.97884110137,9.346088757491867,301.6268256509423,540.9148118347426,10.77466193282585,74.74847410033017,3.7524708869287817,1
,224.42026782923577,23140.785626959576,5.883021603053124,309.8527149078805,451.27836860210385,11.436345036930128,66.8272586520495,4.1337434409626095,1
7.404103592148168,198.4061282460676,20352.489033228452,6.905851339737721,400.4045475885039,510.48413240195754,10.298553034355702,56.961767329801944,5.262742206422982,0
5.488071225646545,246.439377828566,18138.1025570968,7.039440256741399,372.6797238919395,390.3331999432675,15.568166601787473,60.60637106614139,3.8087192897693645,0
,158.43117180623653,14833.212007517146,8.84565439955838,366.92336738333574,401.6133458543986,21.948615119895695,73.28027785342906,4.049383709549641,0
7.585902096899737,147.83378415803955,24536.696432210112,7.287301589689842,,535.1060409302238,10.767821446506197,68.72366770291482,4.776064207648438,0
8.260771905454083,176.12645260740385,300.0,7.331038885001843,,315.3759784629237,14.696686806074586,89.84904782704044,5.21023379553693,0
6.721605529615106,150.8462998096711,21202.859421772377,4.505347878287484,367.0517687554949,393.62626357855606,13.530609533670669,61.68105554752313,3.426805016589228,0
8.950335180715998,150.90802197330967,23342.245234175236,5.6981473994470075,,517.378461583458,18.781624590278845,62.72209127165766,3.230730765570712,0
6.915179686925091,216.8490200191299,11286.87280914288,8.85160459244218,309.5839886563334,409.14217344799715,19.26936081518702,40.86663355678111,4.353037587592767,0
8.230889821955591,196.26251769672353,18783.329639658536,3.8409592235164496,338.2171959516816,403.1233558248027,17.656455688485796,55.6778806178097,4.351485646372901,1
,180.6184958664299,38575.577853769144,9.241928390840393,402.04735718320745,404.7611649814258,15.668145753502424,80.56867925590934,3.1649575835302843,0
5.969280803680615,183.6689305486513,18552.64543942551,7.909469892547684,288.50973504220764,435.6658634076574,15.212732539185637,79.01536373743568,2.466752130624706,0
7.439388363816746,176.75088084366345,18163.33065989946,5.938916301185267,300.68831858217237,513.9555744270747,9.877961884571596,59.80829512779447,4.35508468908381,1
3.4560821035195812,250.69714562124653,21943.89969658405,5.805362617276486,307.8089791880745,500.87790668051565,9.082982540675422,86.30580861108334,3.422680450854192,0
6.601218929653181,172.2018622185441,11234.469770259957,10.115609373760325,,427.125745113116,10.921744720837133,71.28559555850713,3.7053786866004064,1
7.409882077235193,152.90179475305945,18573.917942810323,9.350021174237485,333.1485011780295,514.4649962532562,20.08050882400611,87.27510383716651,4.474589074555611,0
,222.5900653153002,23425.121855909434,6.931283580961274,373.48484056755893,453.81687143704266,13.86391789625087,83.06988047857007,5.440568757800321,0
7.027305046790813,189.3016399918567,19424.38327396664,7.332654932534759,352.90254433688295,495.61690955992316,21.505677023933828,31.178595198095714,3.6386094639624567,1
7.993159930434382,263.47565436210846,36627.368888307465,6.0990334497617695,,343.10774649328573,14.601862295402773,83.79519433945136,3.5175500363254213,0
,179.08783448367296,47693.65013727301,7.332958684965246,345.26752986832633,566.6750608613916,18.500599309168468,,4.01437352207455,0
6.2376847646855245,224.23287951399845,31283.572435156257,6.055232172060514,,443.9932147749506,15.791598864188005,,4.252213296127578,0
5.367182122253375,232.00429217671714,34535.940786231826,6.995902021804796,,204.13660473672064,18.613446826440224,37.81825855112568,3.568690534025088,0
7.159530404417203,179.2480511205541,26525.63742116454,9.980320420028292,378.16358553864046,560.289795616324,15.829009435342133,80.0347576931032,3.3651246360784826,1
,171.95790673579273,40506.06107403227,6.968929806450327,299.58650416450297,426.6084384418215,17.211935475879162,50.58359975778135,3.501910718429352,0
7.710250090776723,220.79095886762676,26564.275229281342,5.464125427587669,,394.2440879389674,15.813254712925083,47.77306277637744,4.404737208057732,0
7.679728019401718,215.3139440993683,19639.775415752134,4.961132164183741,347.89402231852847,377.2608083328743,10.974138048266882,,3.9124194350872457,1
5.834291727396731,149.99092768661052,39117.383299312765,7.320846056635879,330.67819872063785,461.71175097757697,16.186549549645814,91.34697578838819,3.1021831311316355,0
,159.2744675655747,13688.418842512574,5.917785655901391,353.95892026126427,354.41817534986706,9.9638026598315,60.74887969156991,2.6832693959354454,1
9.007905959464908,112.95145283721064,31727.81075770883,7.509632964332408,339.6716758240952,379.5859578162048,11.170295386982563,56.03309561285387,3.467698319390341,0
5.22255552235956,215.9882274959026,25567.879913459932,4.561185112856897,321.8216433156489,381.5274492120156,14.578569546752249,58.786770480912395,3.9478003022186208,0
5.791305580297023,187.78588534583398,27528.239827288944,8.210595212629894,397.0905882121781,402.5864388688592,18.894164674756208,69.61450498534562,4.394091987764854,0
6.54451662015727,191.06525114991322,10767.230775818687,5.444939502567052,,384.57117342166566,8.249178139290647,60.87389317659936,3.7647935037027302,1
10.009207903449163,140.75148918560905,6896.538848005668,7.193149669658196,,495.10738183771286,11.954759816628034,48.10871350952118,2.832040408813767,0
8.550305681694434,160.27243258336117,26975.132974238422,6.585480916444845,362.4703214115778,448.10183422765414,12.596533724556574,76.04537020466012,4.008805673698087,0
6.219782318807058,180.6751517765271,9534.398555760186,9.835054560400614,304.5993590019097,457.95736845821807,12.021314994173254,,3.0227726272726585,0
7.34652814350164,174.2804877551367,13832.83791931095,7.390952894018653,423.83555011121075,475.53665885219687,13.381631024042477,61.4224275886101,5.6022924452095895,1
7.446023348322746,200.27680688453006,8759.943059694479,10.19384567802106,,418.6779829706113,15.636832089171184,49.24717755690711,3.5384293221505483,0
,215.59610136618667,22246.336266900507,8.005972992098624,338.48518245334685,343.7590062067951,15.21125902792089,42.952195581156296,2.772488781947309,1
,271.070253529483,21905.21583651797,9.372141357253717,321.94195206522556,572.057936333652,17.504514808712802,64.20001298834492,3.851943144955795,1
7.194105264595293,195.74143971198257,26032.347545739634,6.790098833851785,,501.1448000940565,20.008850984698725,72.91963843395065,4.790332662014479,0
6.2647546739010895,233.0967476158895,13896.45029583032,7.66589481819471,314.99377028856895,556.5164227259952,7.607447614626032,70.61828716401452,3.9955932638004907,1
2.0,169.09389563736542,13616.253345599485,9.04545687064995,,509.7907044136851,17.015059980323223,48.14385679640556,4.057231310052045,0
5.177699496000575,141.2942662373108,24132.41936261791,8.549836718762798,382.99736727905616,389.00199056766905,7.480630970490994,91.84474538255694,5.538709565594737,0
6.8033914274923655,184.8092758232369,25515.127933823715,7.958969379531619,283.9253043042686,236.48338258302763,17.370187500493103,70.29600634449865,4.058632105949845,0
7.407132646915351,143.83495548193747,4024.6840461255924,6.60186296419539,374.51954540551014,326.88900881735816,9.256393642538974,32.35545308475662,4.079202277842149,1
7.9359402059517805,196.8827471998635,22440.089345705153,6.869133139785382,360.6494622174487,477.6309813740255,12.753303325056066,43.138606514621536,3.1216820302361517,1
7.500509353947485,170.7230593036649,13216.048207173244,8.917505883533304,318.0311071484751,417.97876811761074,21.1842431619913,74.99004766628906,4.085131362195026,1
6.222438194537318,132.10447137577415,25938.97120776278,9.246539772996782,355.84994154906553,392.27613139960783,13.552684808946657,88.97160628006009,4.942810899356479,0
7.2501604526283465,253.51522729879983,24323.437353106983,6.183276887738117,327.26298066736183,224.55927706657118,15.669117256952763,72.29205858942092,3.4025707370965828,1
7.3694948731778,178.71421963883301,15610.846633100036,5.944860820519148,,425.139317049062,16.882838233666156,75.65616639467324,4.7955585021762905,0
9.046016394601049,142.5223249331359,32737.482633571388,5.691468614533058,288.6560466966245,338.792293139614,14.576749386327451,69.29480795699166,4.108762763545696,0
6.289082009157538,225.94985190768983,23352.26525357225,8.430926972853646,360.9352787818452,367.66988747411347,12.088402053164426,52.35913093478563,3.00169524363654,0
4.890455887366557,172.42858747245754,28390.218961626037,5.65142946514122,,494.88841102928865,14.849849429251977,85.4813154707461,4.030642714129313,0
7.080963806152502,232.2664625084228,14207.232505105752,8.41181338151436,343.8192725528157,343.045330110012,14.18111934388972,66.33174791171626,2.8220707504640163,1
7.517218151170987,172.27132638909217,12833.823667503531,7.9821907421312,,350.75790412584604,13.554854648687918,77.08958013489104,3.6671449194822414,0
,178.604465990354,12584.696824311339,6.258754885902067,325.91613450767574,441.1948904547377,9.547721587472996,52.10885261855107,4.3687722504144055,1
,207.74496324179484,20572.20335081709,9.590897715885001,,496.6868570023554,6.9520426326136695,72.37638284877099,4.181999626097986,1
6.2794156662211735,215.91691762516524,22505.888210438123,4.809630925200062,261.4765128036777,393.66136365113084,16.177002318777216,105.35594392395592,3.6342938954862465,0
8.056988214073893,221.68311495850568,36003.89461018458,9.742061507618525,,544.7510047258509,13.212664088212502,44.55793998259118,3.121734403626821,1
,193.44751653580508,34624.29759106614,7.623839665507885,355.42963125407334,322.883530423647,11.998982335574109,83.74848632824457,4.252447841766834,0
6.345629933609151,213.7914901391458,33416.68750218266,3.843923156479267,336.5990042694177,308.7123074708405,11.16330550935029,62.664668807889086,2.8878647034867937,0
11.159491820020873,220.93118116778055,16625.719512218257,9.63516982459815,,301.8256913385512,17.66228646616883,74.47805105303831,3.3772325879940492,0
2.642661904103905,202.99872465884937,19017.19718953897,8.656095756667582,292.2111272040388,292.70355183563714,18.980938254782505,,3.2597451458399167,0
7.0642994752479105,191.70654807360467,24743.209937816013,6.4434255402074,306.4303061206,453.39315638493736,12.811828481449773,60.00862737698655,3.396531639857992,1
,148.84979620319584,14807.47606439372,5.595741506918594,339.306986421304,347.19462299335487,17.130202275207697,89.50288269523338,3.903909113147687,0
6.5093411276691455,216.11282975806165,20453.535094440962,4.640874544735351,343.8919459419667,312.2564570009831,12.323358190401315,43.055852414970346,3.372991928273075,1
,197.78751470174387,22011.96075466678,10.936404935660418,255.08996292391234,456.8875729669569,11.996742363816576,59.65097182908749,2.6816699846680256,1
6.892990851268055,182.79203845766173,17964.077276521624,5.661056638824286,358.75169719484995,492.77509917300995,12.829295078644794,92.23616331818354,3.4670628795797134,0
5.415829264662721,238.43851336216562,10908.858363287974,5.1235300720385375,344.0803171576018,511.1093584707642,12.509755227442334,66.71402486992085,3.5229355466362717,0
8.609669081043737,149.42427347715193,22887.329212119497,7.543312216473237,,496.92298474531776,12.711287683877899,48.593037450243415,4.235143902093942,0
,250.48879477550474,30214.81478273702,4.532128322517439,328.9682362681643,352.0172399437588,18.216382254126504,37.6139757518552,3.741167858513934,0
6.809266224871773,195.66720913292608,16741.997793889754,5.569153530457601,300.32638099173914,448.5081499275362,12.212328996504699,49.89974929283277,4.124085343849648,0
6.3857198648469815,206.84634807274537,23339.24031471882,8.69205132677354,315.0324168574091,466.3472234533079,18.194141783703003,59.32144513271771,3.1716566020212396,0
7.29461221403867,183.4030486319541,7242.188969600818,7.85345273981462,278.4026275143365,387.8294337968013,10.929773340724584,47.05933235060577,4.245579329470301,1
6.88106992202979,141.55330117798246,11643.617404732106,6.509535463611776,351.0302112970859,439.511969995501,10.264837831597276,72.95925748174866,4.269946965381049,1
6.687282014959871,191.80683434047586,22105.265127502113,7.14892454323158,406.73754215560734,325.069247019096,17.32916105110114,95.37456835523501,3.4158410568449664,0
6.70090535806916,207.4131074367729,34223.62795018308,6.420896562283994,344.7719759706497,375.4899057715885,19.43204443536813,95.6354944083552,5.854704179872913,0
6.751091246561051,218.64781718664534,18389.877550357996,7.022043461196918,,456.2404142915171,18.821035776458295,86.01475293146476,3.527205961658618,0
6.542801707118081,189.88470777136015,18735.44697731691,5.91633801555575,,548.0094464712533,16.999294537984376,90.662860629566,2.329535852409353,0
7.379653697725547,124.26543922437465,16162.799281222568,6.203221875146665,325.74195400296,519.2363207564047,9.959615858216253,57.332844947115056,4.410808980906846,0
8.331102923172944,145.67934176323163,13393.659559254367,6.1551285426782165,,479.59736500093294,17.235449315499174,43.436568720712685,3.518226345476002,0
7.499418363805462,263.9114456218124,1923.4979446700272,5.973139854067908,348.44002661958854,432.6397631330019,17.129572614861676,68.28113654638418,3.5338037827692887,1
4.562505719562704,160.4555661338974,29227.257418746212,8.76937937433804,370.2222597444725,420.1213745515942,15.504156872113255,52.18770900258369,4.327269865181295,0
7.526447507739302,243.34992717606997,31609.117262036358,8.336785479380623,306.12436984962414,309.23392372587773,10.52906794010542,53.726654086364235,3.7317183849618236,1
4.903738591457017,165.6685463389611,22916.447434860453,5.6468660359423,,358.69107206172794,13.793611914292416,34.50112063738665,4.043895256269733,0
3.5778157439813056,190.39720056995316,24720.693668321368,5.232857807782738,250.51676928292522,361.32932774882977,19.86778486707078,50.33996967014956,4.587394804081907,0
,216.96935174083686,36309.090983856266,6.871502903853627,306.2406371255677,472.64055269568445,14.570325156715954,60.79771200634284,4.035320613828208,0
7.37561425706188,169.41560270748926,36854.76689631478,10.525354405297483,,502.5517799360548,13.246928790675904,72.36730334316749,3.9274305761369086,0
7.860008280272265,248.7838779664729,8560.774075569369,5.496225778159454,312.43736966540837,485.71513229773814,19.034196587744383,71.82986471694342,5.095732363686507,0
4.18395334710941,198.89146298045074,30354.42939440789,6.865265464267616,,521.7594481960397,13.682175584027682,57.63825000685038,2.2345791539267204,0
10.291401433472263,211.56199284325913,26343.6457942563,7.260178253673907,357.3110404231056,432.03841016333956,13.071773727820576,79.28590454077967,2.993335439495004,0
5.743183274523821,187.59572943617076,19814.885508113603,6.948345365008663,352.96099831044125,346.779241246414,11.154960642181626,57.96843742824229,3.4186693155268446,0
7.790067889891347,218.07189744286228,30191.702204090238,6.396028398733208,342.063166874272,422.16542197498,12.299170629571755,77.80933863885483,3.8245536812950536,1
7.219591033511387,248.34228114106048,27312.995026765453,8.945026356073715,367.602594271846,367.63316309305566,12.229383925056803,69.67276885101784,2.6810826778530865,0
8.174962820030824,192.08069265219626,22249.729683504367,7.838044624250657,306.62887559427384,479.3550873338926,12.986673493423115,48.13342732733308,3.908854708094837,1
,253.30755081564988,20445.805721589433,8.456372411517219,288.4852476685753,397.1857378297306,15.148212971590754,61.48837520721277,2.8741060203660087,1
,176.27849790432703,7799.359265402534,8.051220320472803,312.1753858869868,418.2386453274562,12.529637307960673,50.40830543565434,3.7125211965486162,0
6.4773478738134695,221.53875969467126,8638.869982516939,8.532438348453459,309.3200652523747,482.24467615742356,10.629692010530503,53.0850907515246,4.067488989495211,1
6.499455198465085,212.49186166239633,17964.900278245164,9.62336121609902,,366.31958140100147,15.936397262350791,72.764390636645,2.98592028031854,1
7.095444536948927,161.24364980875006,32046.74314882725,9.223049467525568,311.2134583227554,504.0893081344378,11.418967551495493,71.32991560607454,4.192893888741134,1
,203.43433928256823,38095.102256375794,10.793190256161544,,317.3142147616632,17.273666328104085,88.22507776716338,3.6286321425932777,0
,196.64233935527727,29091.96892218312,9.043399224623363,,450.9693182094571,11.533246931268081,69.85835555749675,4.948495146020379,0
6.825153742787622,168.3299774004918,20419.91198737,6.06227409308654,355.5426116779817,418.8553610163333,12.630498209156395,80.87836982240248,3.0578278893038204,1
6.330404756588122,208.17828008498677,15547.474736516726,8.45875302605321,339.24898699001096,493.0492171510575,17.864985898413476,63.203274504370775,2.9049293133675547,1
6.831981908195445,201.21292606697023,7193.5053799747075,8.242487582795661,393.7843989822801,315.15058388139,10.28923963201386,19.085847005201245,3.7317749361314427,1
7.240426371741662,194.0118894335926,15980.621424089739,10.154065950266858,289.9090491524664,302.51207727847014,8.597563934343604,81.17579027463917,4.044968800392351,0
6.8083506877942925,194.14380126796928,29162.140094115635,5.5918895436514635,293.8561571507373,486.80358637757985,15.190623666077958,55.75240718885288,3.717171604258823,1
12.329198843382942,193.43866248141293,18638.602892714523,8.00156270860084,380.3458243307053,394.61349096282567,16.161304301965206,48.581473741540094,3.9389403996740318,0
7.472137011418846,184.30268246099584,8020.108482299316,6.0439088552682065,,418.86319001552897,12.881170477424975,72.50009574489944,3.7971372522855367,0
6.666269627371932,201.0005417259929,19009.413392806408,7.929821264478213,306.013218088371,372.89226779854164,16.013371517372693,84.6962657274719,3.8174353177246023,1
,175.21522241323163,7202.863026460196,6.780700269932444,356.6496795477179,499.95507869004075,13.99870362649694,57.28757768756954,3.1697217738759886,1
9.952086186198365,283.809032269363,21217.406126555587,7.877560710621604,315.64746778611743,450.37666980113113,15.043065787433196,79.34414006464839,3.2258035245932577,0
9.190778975864717,150.03293622419113,19614.04621621446,4.89166566599135,,445.6456583150091,19.58845591518181,34.3454822306985,4.8771748104744095,0
7.998484612229198,177.1621830589863,13030.140225499206,8.373297840858319,297.9744349473025,331.69466617147117,12.759160615662996,34.19572497736411,3.881831517498172,1
7.599219069339586,179.76108475941865,11611.451322324288,7.445574033994038,347.11214354647706,466.7216486989157,15.350406611555327,89.59126842757763,5.148565427064735,0
7.293451389699452,263.53223333127727,10557.233878493087,7.36046475319961,342.3207615605094,346.02919616439567,19.264541701738285,68.51531188850393,3.943044592188773,1
8.8,152.96757001574028,18577.795320016197,10.201360713758781,396.59331613955635,372.988915363353,13.059848356183865,69.59886089900023,4.507713648547451,1
5.02052803390171,210.41284360374303,31578.67122024289,6.515676230736839,321.7903051906978,315.87990868535985,20.383673903979943,48.009897153286715,3.089658899435891,0
,204.57216474003116,20951.37278728973,7.660779371139731,321.08401281976643,413.55144885357953,13.691824750095126,51.455614811375334,3.870271269193994,1
8.913531860554647,207.37551582379263,36329.57330209752,7.278427704482023,393.40082816381437,512.2094394134386,14.861485951387975,73.12748370585749,5.497047475480639,0
4.053590350868712,237.07569004989995,23940.07534457746,7.4329018731803576,374.60577724169224,444.51695512438494,18.624347684747782,100.24849019097508,3.549664805756157,0
6.9411526427651795,236.4007859356792,15977.480550050328,10.63045016933559,,390.50087075508253,12.124072355755168,58.4221379761632,3.360395099581749,1
,181.56352040748814,24939.326175408172,7.220815206013723,269.1740732851338,435.01902250257604,13.53813738640119,49.71420891170954,2.874409566177408,1
,202.7831740883523,21296.354612959505,6.223697916808544,300.18921201347416,434.5720089484447,13.184004687694987,85.92433181217372,3.480360873686449,0
7.280010085614685,135.07104314219447,28332.353720252042,10.07602641680661,290.16047538814774,431.53834966126055,15.476917276349495,43.87306778452674,4.521874620945348,0
2.0,199.66015998037147,24013.42985629709,6.633851750606439,,440.5286219649937,11.834611990828403,66.4377962356136,4.597737519029271,0
7.3346742244793495,170.27774782432988,20051.615683307093,4.583818527409693,312.7546778579801,342.16845620124184,15.895942138248717,69.5772606371837,2.755330408169868,1
7.463382849163166,190.26801818589902,26936.186696904908,5.949466943842415,400.1602625636712,434.808299490441,12.301614511357586,62.82069202452406,3.959935785108923,1
8.645232154618498,140.95126564753076,16999.641453434968,5.150391759412288,268.74249934975603,284.37593176052854,6.985261662335199,45.096260128726854,4.265579265837366,1
6.253038419439506,209.72029823305758,13919.29744580373,4.276054563223167,285.7205357198137,472.71038755904146,12.250303124620121,90.7149918158027,4.05942549359844,0
8.142500859753588,140.5828899155625,17999.55912742102,6.546436293098347,343.9276316940259,337.09786529364123,14.313667496321289,55.45146972778115,3.8256579681795233,0
6.541369265216151,201.27856356344319,40817.27914407802,7.009058774867977,355.38745246023666,521.3499046768404,14.58935353016878,61.86161450527792,3.1713567110449947,1
,156.04796598955812,21383.857935893706,8.985234105903672,,228.62490989612624,10.450130809027325,63.31006843567733,5.116499950518637,0
8.25851104088779,168.4468099440294,26557.77264752861,8.114454547058063,261.95401941055894,561.4935353561584,15.657759901086031,,3.5901956180715273,0
5.284954081346639,234.39068617373584,24288.698819826448,8.042458206843293,322.8868071039786,293.7509693163445,14.040340062319084,79.3046695224262,4.0615462956030655,0
,215.74250042055817,15548.578935682297,5.708728191787603,389.94020634347766,329.24528196571976,9.97283012078444,,3.915921338744291,1
4.418633491703547,234.20878322936088,26198.5091098776,8.518194553903301,,450.36380866563286,15.921029758909317,,5.559719349508955,0
7.29958043028217,247.71502265929246,13176.690057708896,9.31814788151,316.6398039072507,476.19217074150606,15.2514416816816,83.18538006003365,3.636757857654271,1
6.2,170.97360653510174,12315.896149329696,7.743422008642933,326.73521513479477,403.3024575375031,13.09615827799256,,4.216873898115375,1
7.70490312310823,245.7161676943047,18023.41491411986,7.787577707350722,,498.322569022436,15.835016399603395,,4.312949992648473,1
6.76425373420955,148.18486391171416,9714.134158802743,5.121786166474034,360.0147449552855,361.83841637731035,10.503831554160712,80.26909574198963,2.9834792230835543,0
8.062688963778811,220.94670100652732,7463.247363939514,8.786008576016417,397.08112479804873,393.90489070001104,10.349803073040087,,2.276961781854861,1
6.532832989280251,180.16918918966095,21561.939906794676,9.933712267043042,385.79925852753405,401.7921022474244,11.547858508880452,76.6997553051007,4.4208875538060814,1
7.143567615117782,165.7931253071665,6162.873613046351,7.630264790494003,332.59937463606576,382.69761465919737,12.113895524619283,59.48264935382227,3.913928026029228,1
6.959974767850839,216.61605863431618,30519.568568806826,6.180915500179374,299.08478740740173,269.91837118918914,17.55606308727882,58.787854122813464,3.7301479019871975,0
6.2,227.4889051780671,20631.696468400616,6.864048127539209,334.1393559784266,424.20690102611366,8.801381612410424,72.99669160472058,3.4046186125836333,1
6.243659349027278,226.51232992067133,10041.237791325528,6.455735270280112,390.9645695635501,416.90742198081927,16.323118605274598,83.42209887826252,3.422749155704013,1
6.2380697329815895,203.46889034463865,24232.450898080868,6.550489548006735,317.21859212845004,513.3171673077953,21.041647829149873,69.30500351890377,4.991364972551703,0
,200.74139521373198,48450.73601442646,8.143813240636614,258.64123818500303,322.29569121112536,20.30286584739576,65.63221386203705,4.568800035296262,0
5.284605987235791,213.7339106695268,20517.473483324076,7.561553296439141,318.89561691265686,374.53588821516894,21.76367285337212,79.81598966188018,4.8799149514197895,0
,206.39383808451558,27272.855703539037,8.706219837434762,322.2483338055828,523.4420910223024,15.248508481040986,69.1381093484704,2.9955483345693588,0
7.0291429452108884,214.21060712237875,51077.582040980764,7.706026020749589,,449.89773999177567,13.866852513321902,94.27547240738134,4.392947765734274,0
3.942239690941442,203.1115822705425,26043.8704802802,5.754741001114471,343.4063455447304,470.58987864143484,16.80654238954513,86.51817987008793,3.8775743126594544,0
,224.12758782625937,23557.50987687784,6.328906602317963,354.7485930587735,462.8374367658341,14.266230807930912,55.82044960395291,6.051554424218123,0
6.9226309308724,142.86486316449094,14824.241999868811,6.230711104995186,,463.1960291127119,9.008469978120921,92.98312157798831,4.807971135172268,0
10.664279997505233,192.0811026696579,38718.530488485354,6.825377278942846,,573.3408395836926,17.967548298029264,74.99378758822068,4.101029180080463,0
8.000612642607742,150.87145035248022,13188.534931322583,9.95564763243505,364.04358725535485,433.5964851648096,14.279593421485242,72.42199355684839,4.363013722098635,0
7.904581295884422,205.5034963792007,16830.94614833935,10.208741354803253,373.8270166586813,344.4834632311067,8.386273543277138,54.882210045185204,3.7706358127140653,1
3.621293832225198,250.41950278558664,28257.648710057158,8.441829896705606,355.31230654072186,477.81483688721363,9.964265284893024,84.08919569572863,4.166144591124559,0
2.0,180.80261067394474,19701.224447570377,7.3076467989971166,292.11841240025325,380.42262472244965,13.321012071605406,51.592243821059654,4.714162756634748,0
6.814180115674647,200.58659179677838,23731.782793926515,4.968589493183056,289.71203541726004,417.31709230540207,16.28220949213671,85.86910396332986,3.422563286998837,1
6.351661858044612,221.28841292092193,35628.26378713448,7.467613123053532,337.82394554454993,456.11062494186206,14.330755588153606,81.6491949123348,3.1409476374332415,1
8.292801826708322,128.37191554488135,22401.30550550879,5.871788471629456,337.5333551176365,359.83457133031646,14.359189466248738,45.77366172151091,3.39214451190675,0
7.31521146241007,179.22256513745623,11953.9963545319,9.696224596574154,310.6394396603716,384.96818437616275,12.523284736205726,65.60410263452346,3.28993152548737,1
6.717194382436422,208.39256519007677,10672.643448204448,4.582353010131027,387.2737723602768,464.6485645424892,15.14141381383032,69.92899322976012,5.280434738858884,0
9.068405342069703,101.08887352587566,36959.708606472006,7.727485246661585,317.20888448482873,381.86948632630697,15.183457490471337,59.071608402805296,2.9939818031171006,0
,164.26300057783345,21560.925593776374,5.738701783312417,255.4007891934719,504.84953353202087,19.891569107830826,105.1679594310611,4.294287251709803,0
7.5654037459312,232.61822732424443,12656.64824051618,7.104966006936114,324.52406029949975,346.5184660926993,10.590108288036596,56.3536475955052,3.41936216968924,0
8.50772957975294,229.39859802482886,36100.56067188087,8.17238774069147,353.6833166173722,346.24643038594525,14.567495394849619,70.19225438381865,4.15640334027235,0
,208.7150696804763,18447.777854015258,8.734710528275714,347.9571916953273,580.20931395303,14.100836831040858,55.56327597254304,3.0738947322922066,1
6.049819087407685,225.42430235413053,19410.700276145617,7.024109482528102,347.6368151075938,302.5577035192894,12.023626550980259,72.80178893486864,4.959815932374979,0
6.0904374165609765,203.47692931246615,27378.76927144185,8.322722149286815,395.65114519436645,424.0413044569382,19.49658887935174,90.6779155453471,2.6645063922272314,0
6.811008406401615,214.67249245485215,14433.689276571204,6.0732972441928785,,575.7998948830823,14.021426536157936,65.42361730226365,4.625269490263923,1
6.9479993790869425,186.0149929791438,32193.455630276476,7.507950647941688,,423.88981100973876,13.134910627580307,52.39355042083396,3.975943434467668,0
7.931085058464625,200.21023726813686,28703.32614045604,8.703487714811827,397.7652371736307,535.0190700603711,13.896595568699617,41.77247513774127,2.8962065546236064,0
7.682314738485931,175.59501428691945,13410.907742074432,7.644717175461181,252.35171467967865,478.91996904392516,11.93875905642374,58.45473700977186,3.7863381299257926,1
6.3135519815672705,237.96860202359812,14495.186690213188,6.283636959730177,,425.61808775382804,13.964634461643428,50.50480808891177,5.214348009767504,1
6.87276539142737,246.45930457262244,3331.9622702591623,6.679113059249777,384.6773341708132,415.6438628737998,18.773933778764825,93.48427868331854,3.882524886134135,0
6.498137046869081,241.79913114293373,25268.465329458573,8.724736578825745,384.0602727886701,254.9591529372663,15.220431652699322,69.71799033224173,3.9911996407329253,1
8.750593041743025,182.97322174079835,30805.888659288976,5.394885505253511,,400.4157778812627,19.73671187855355,70.88492480723103,2.893965798016242,0
6.022323140392643,165.02083410488862,23244.16925468128,5.627982088268224,362.17718709293416,444.96325527116045,20.25418238258157,83.42757138929701,4.257517860802226,0
4.376049109620093,238.41243343868038,21074.227380368342,8.070510240502543,,444.91836310316006,9.349104165195593,,3.7577555850288475,0
10.656253199415042,214.2945469652575,23163.787984735387,6.42615312062396,,625.4413875780348,16.790199359408152,87.21614750316968,4.7550541571185,0
5.7511959005693525,207.21042483612786,8904.688457559723,4.824168049767492,284.11744515276814,448.90141174488,16.04540930635093,63.00074834446549,5.164274394355095,0
,175.55350440530472,26025.623689287124,9.25429349392622,286.5869009979423,477.1157419201427,14.920708490586499,58.33831531044287,4.129050892178251,0
7.260937594347186,210.40433943574956,16083.608950387343,5.382631545149746,349.85798903017906,520.32902392672,10.36042017051905,47.15889765977823,4.132790365170163,1
6.7749736899628505,160.69435183712235,11238.281949761553,6.804900578954971,313.38919987730793,469.87250597144555,15.332988388846578,35.164378981705205,4.879606737609516,0
7.847975049338708,217.26065151500015,35245.18888789599,6.141157382974385,342.35724334024604,419.2472354076754,14.10396536178477,57.09095844520088,3.059956576477541,1
8.041475417072693,241.76537241704432,22411.854791263137,6.649660092846451,351.6337570822014,419.6400620764162,5.483657220882939,57.28167543979512,3.6081641914252027,1
,250.06139839457163,12429.925371781475,5.722301256910883,407.41374321014774,397.8671178353085,7.504160290289822,42.20373787682132,3.797249349713056,1
7.824911416182147,219.71044138021296,16933.06372498446,8.24856119555567,351.75619784244935,462.09225115423567,14.737127289513648,71.54784433517524,3.335788384574948,1
6.585417548701306,150.9314910174651,13887.071069720074,7.29510116840492,,412.4380857448258,11.888295227651819,58.689098413753555,3.4478793327450035,1
8.464870729772896,202.89216130812412,25100.480570626998,8.674172680433209,361.806601468906,476.6948603549536,10.625029299768794,80.83322799636866,4.02309609104647,1
6.333684861697796,266.79552937949876,8028.54240404323,6.1575142257640785,299.36537611660054,344.66574532536026,12.946226126684852,58.452531458337624,4.03584386886828,1
7.027644108342565,167.82267867444887,21484.522759212003,10.490174396519754,,438.0653554394184,19.600208786354287,52.38769530411848,5.295089846943826,0
8.106504743770046,194.45292625125387,10113.340336949328,4.1106549189037676,336.4755958701672,551.6070395697154,11.951740200864746,56.10436995489964,2.8809855708910552,1
6.165301079272263,242.90495117425215,25684.512099613003,4.615486845482776,,408.050421414539,18.735062294656156,70.5689987784159,3.336212397070385,0
6.866875595796883,216.70370603622098,34403.35233588234,9.889874059391957,260.08092534745225,575.1145314589156,18.239196293296008,57.43598460837232,5.339737730785498,0
6.82445176028647,277.99714307555996,16413.67498133271,7.868985834565287,240.61913235948643,439.4246529441774,15.824199694688602,49.876505170485686,4.088601745491918,0
,172.28859729177944,37990.08003253689,7.659390011228599,,421.6341380746032,23.04706772445737,70.36725082432571,3.288379823800401,0
6.677330003090519,163.83703464912696,15359.17716875601,7.801414985562458,406.0749134259165,435.62277498615236,10.233037386342357,48.882680634710844,3.934431585938111,1
2.4207738279241005,236.67372683897722,33195.1059083939,8.02250748683771,286.26639033413045,401.0370018715661,13.69782004604208,92.59860314582164,4.373693029678766,0
8.599537447452112,157.05559312986648,24280.62755196828,7.593632998285642,364.11762580234176,266.17106945460176,8.346757865393421,62.56592348742475,4.1094598685896555,1
,189.92633316790307,20120.607446339905,5.593870903232333,307.2250171250968,497.3181285444306,9.444135040764523,68.5365275663503,4.05871913713672,0
6.6201522042843415,194.24022867411995,13666.881969175272,8.41274163001501,323.86275389232344,603.3712236469268,14.171645948012408,50.015503037240975,2.924039965008,0
,230.48405367439685,28131.421923759408,8.163871574230408,331.94858144013267,465.01868501863964,7.39234333487266,62.64783436698244,3.3663200539078355,1
,216.60941614803062,10483.746268810999,9.376921211848932,401.8524269113959,469.93873367760193,15.302082106994838,91.38570507931676,3.1841079264385104,0
6.4184680988260805,211.43743567641877,29163.7953354099,9.907500901503841,357.998528974765,411.4465110069139,15.24249791725358,72.75561766088572,3.300256029539665,1
6.773988294729396,183.16002411703516,23208.610639632712,7.6421522058363545,,519.7493591855159,11.874751297815777,62.971775359833394,4.036954941041795,1
4.281607451085355,236.37363222779592,26781.661589564825,5.1804725521411505,,423.0268532284502,19.661144342012495,56.18517987960077,5.511717181009952,0
6.005099503626425,323.0,17195.80057936227,9.920586231299376,307.58564984027055,447.79138393430924,13.311576777693523,94.94519363384808,4.356788628002698,0
7.712450467761094,219.14318105456394,18919.77324549386,5.5113231026953535,,299.73050942889074,15.911693010411263,92.36180658554112,2.077493219389201,1
5.622599853991213,199.67921562829093,35593.889650176294,7.653983426002362,371.1139274395715,383.42917688424853,16.819305259101757,64.97410212810107,5.379525110078728,0
9.692475152566235,153.70030825435794,17744.52361663143,6.714360396255049,,455.882134373044,9.929645039673247,71.27383785038575,3.76591282950821,0
7.907903980683205,175.42686031746567,25062.380686197946,6.439611946708028,327.3823084994636,499.5027081543865,11.845314522651123,68.61515032975089,3.75135490582961,1
7.0990847739583876,189.3689333031337,11488.495677978026,8.327594192019799,,501.7431311640639,14.129412862259787,47.690863723936864,4.812378137997996,1
,178.81165209521134,15643.625689506263,7.506246166843386,297.7893010899862,298.6021820423258,18.88496266025744,96.34736090029955,3.4386153411527096,0
7.182153962293696,195.8710392440667,6587.3994458864145,7.930921556203647,300.38265009038537,306.795394159955,12.736327120419862,46.463593026998524,2.0623664459895625,1
8.340351975186174,254.89672892695978,26419.45033682098,5.831215661541875,295.83565554617843,473.39827776526124,15.339117950595691,46.25424446273064,2.689182604326977,0
5.664201139920929,237.4317915814478,17682.55485698548,6.8449615547080365,,365.8578822492095,14.118053749723629,51.43818932553499,4.942780374637032,0
6.040024014657507,191.17440362819445,24281.224937003633,5.904134731851694,,498.48308256817546,22.560783484314857,63.88337506053966,4.469037439257647,0
6.433454686118697,156.64758982049318,33566.898635555954,6.805466890995605,351.6599681839528,294.4824087061729,18.844674778635373,67.09255206246219,3.7735865615254935,0
9.339305740975671,240.3993954514894,25313.67865085288,6.932355684709494,,418.24847654633743,11.460553425100004,,3.4462393744113426,0
3.3092799478427755,194.7861144031211,25349.16237667588,10.034000593663578,289.92609935246304,423.4336651667562,14.717128788703914,54.225345261679244,5.0778391549294195,0
4.400239244978579,139.59813599768253,26148.89373462997,6.71016614713939,288.6835827706779,465.0217414378622,24.677118390015117,47.06694309192194,3.9693110389249897,0
7.696014183503728,219.8389508984209,22556.463043805423,3.7615546472415793,324.33346013662486,342.88227231137466,13.228895513691379,69.75456329826285,4.284868663336903,1
3.2001201851893484,230.145091911281,8115.559592288764,9.324244628966843,301.7100020423895,267.2854638449063,22.025858752894305,53.40363973487862,3.9784493168457726,0
7.24489486744779,116.5876134776494,12460.25107995805,7.829829810961117,297.35093742361175,440.03883913289104,13.369806750771819,47.23424233877819,4.1038745910493875,1
4.833745972453245,169.2721522738275,27922.458624339655,6.913003513405645,404.00144217569965,468.73556602167463,18.330370955994688,,3.609344908831484,0
5.357959902734997,192.76606302797623,25719.349978896014,6.42919972035947,,507.60236098074944,8.635331520661424,77.96301513276259,3.773659431166208,0
,220.56540898205353,32682.5246063425,5.62385746343012,417.55486728930964,397.22902640656065,19.762525951930204,57.3381020282967,4.587604409282979,0
,179.43193736586477,29955.202610802633,10.182115993396657,345.7594822710663,488.8750765940481,12.876851930311041,69.86182166785824,2.916025804823481,0
3.072042486226512,169.0225314250575,22281.487999747616,7.201914924082858,374.63026491694217,465.450521010985,19.732312769630052,102.957480231647,4.188626662218657,0
4.9658214248414065,220.3238683144813,34007.732469351555,4.37435319329927,369.7489786374716,533.0503302793184,12.570660300557783,70.1048978880057,4.9322473000144305,0
,180.9921939179642,21420.008372679153,7.637829252590683,,421.7246563836272,16.81090341180395,75.02102839994593,4.047955085820044,0
7.6668173335340954,214.23359800305212,26547.992488738197,9.025751289215048,402.5998364845279,286.4241363342384,12.859010807538201,101.9905972743262,5.016092321539075,0
,159.83113495133597,19042.852874841636,7.367166775998526,288.98794909706123,420.73309837156484,11.807450405188712,70.62524357583952,2.8152344610145827,1
6.56465870225907,151.9082436671225,20337.3891111097,5.695482313931405,327.3259351599739,433.34682047578707,9.534097612649543,74.98676615259306,4.088317757455056,1
7.256188577127803,221.24835528406606,21244.080410446117,5.554102628081042,298.4921378224691,468.07009478579835,13.82851892007692,57.49395770459992,5.259509273782951,0
4.994720743069683,204.70790504943633,28586.69914677051,5.6706360942036085,263.5823074152594,302.35926479967816,17.27768822637784,56.369370040471196,4.888044993417685,0
3.9814385778150245,226.74879362347122,20623.34706494126,9.524219635334184,306.42461769168955,400.98677896352376,10.483855518317517,61.42146787402309,3.663332596199076,0
,178.87769026968456,39851.74028494489,7.006770792725817,411.3234780184662,496.34276858242083,23.4034631192785,60.419939097141224,4.089877395719024,0
6.817901328897572,170.2410355484164,43364.94600364357,4.467615424807764,326.61847872690663,417.78989542013244,11.50472486475786,38.178574467667296,4.413904657739024,0
,241.16765140009596,32502.41341476705,7.726931602834253,,401.4966619237275,11.308974208804978,71.87349925953193,3.7207127240049593,0
7.319286359069199,146.29465666458194,21236.836914248077,7.342838121206213,420.15324456654866,580.2311729409067,15.32178206216374,75.33626155457132,4.4009229324634385,1
8.61449809255711,237.57305733204257,38842.31816943327,6.4107451623243366,457.79839705701784,339.7436617040106,17.287968187750185,73.23139039872166,3.692359833734371,0
8.02514733987834,239.84460487617042,26064.540769675365,5.5077573253796785,412.6874109906699,525.8389005667326,17.72128569735696,49.396784871727775,2.985198820523298,1
8.313507345396674,224.69694501935388,25324.52631804212,5.439046058358857,431.4266592248196,508.71697865863456,17.911724688924668,75.36133203673919,3.290304179844961,1
7.711261182955445,173.77113269035627,20865.000470173833,8.836881428436815,347.261936199707,408.00654990134944,11.495517257902863,66.67754395607287,3.7669696219166577,1
8.098163488718333,169.5363657717357,9577.462431839052,7.511070312172055,343.25278887462827,423.542443310948,19.621793978178996,66.30323294289026,3.641183653209136,0
5.498641958270906,189.48916506835923,10696.911438887551,7.876256990165619,346.00634955431553,423.25413437746516,13.967040316962134,73.75649849674485,6.282026510889823,0
,153.79319463224698,16405.893036714162,7.50671891913659,333.80257527086906,440.90137871255774,10.973804801885052,53.1858696196386,4.385485595224202,1
6.9466446815675775,164.76026744100668,21145.174617003475,7.637748153760679,339.9960537959363,378.1610583190267,11.34985773902614,73.93947204885913,3.8895728886967764,0
7.689145997907383,217.6117581906476,20254.334620734247,6.3799364317833795,364.94035819735154,391.6056233045635,11.49258090127755,59.688683385430494,3.39827303867078,1
6.669939387851064,217.76358585797476,15326.527083275549,6.7947896199203734,,397.4978579034568,12.590071533783004,,3.7226410235244884,1
,161.86898820699994,18124.997545956805,8.960560652571568,,400.07754579161025,12.947863204033714,52.243659081546326,3.3178190444493056,1
6.556625880635577,218.64441167137247,37827.213965062896,9.355052465154198,348.8538182195026,401.09089657139276,10.206007471053818,66.37696206013348,3.7659624585532154,1
6.289449192929233,211.34657875883963,24591.694169959337,5.189094659339594,305.1178798589526,245.14135704588537,11.871673819592775,46.86218612583335,5.028374267475856,0
6.517739449359975,246.0752577755867,22317.029528053175,6.790951043689703,,434.0900463046997,11.494931501503542,74.46460709040775,3.3810080604839072,0
6.250905320290448,215.12458893744147,20775.327906184782,8.44607086720999,327.89001626499333,383.58060336356226,8.808766045018327,82.96122825382064,4.430340839410486,1
7.390155288378068,231.22731666786103,22651.715119262837,10.093685976900854,318.3932707112976,275.3616642015322,13.244832688871453,75.97881389016283,3.8188329442901168,1
,212.09585274160395,8599.715128486941,9.935496138502586,,397.9158779951963,16.178628705695374,79.10640775418585,5.566508781832112,0
3.5521995496931367,228.6396677090375,35140.12121007464,5.862702652384531,,395.41863577700286,14.855048579708866,42.02985480715002,3.7982176544139348,0
7.283569580741016,154.0538455489202,14561.635456787466,9.134572866765204,381.8426150080961,529.2397577882637,2.861813607400027,63.18879980595873,3.5176515235162267,1
6.454114049747705,192.39460736105096,44664.8832168909,7.212645357329086,342.3290727062052,382.63021935890316,16.590414131168608,94.66559558474324,4.165030371122058,0
9.202322923672698,195.1174669253143,36369.38295213992,8.770178289423667,330.1348993198633,480.15744653377845,16.377042996625967,48.24430359003648,2.562185644095292,0
7.645109788846489,188.3806267458292,26640.513915009076,8.365480315697633,,537.9312098735659,12.808095223984152,65.39506782587708,3.7287081471004533,1
4.114806159436277,211.00387013742028,34512.47105347148,5.122936812747675,280.3265236295416,375.4520483110554,17.985093009144506,49.92230436887079,5.069110832756186,0
5.676879891994124,217.27109063291022,26348.13624888323,7.9889588514709375,347.79639564408683,422.3622254431701,13.665195930457044,72.9736313640005,5.2532368537445535,0
,209.3052578356408,16191.524978092199,8.709000614047477,368.9564368674394,565.8782954127039,12.516283413939519,78.69681920147278,3.1108191423055804,0
,190.578546307818,24889.016500041693,7.088154697056026,374.82120767143374,444.7012733360591,15.64702923928645,82.87594643904659,5.118583588767166,0
3.867681396748188,172.1944803730954,44203.086349994286,6.730820044855539,277.8199928653563,456.3989872391693,14.907534967100421,79.14906816558587,2.9833055319783064,0
8.031043514642276,232.4974218397401,20856.112931182968,4.6367710193985205,270.9142196271408,393.2938829433591,15.98533205025845,60.56110815305971,4.657257102581141,0
8.165945836774974,207.90620966659517,19877.906145672554,8.200115676150476,,481.713707098925,12.609004706408196,71.36725424795945,3.8752256912973566,0
7.865913117534101,162.88760405865946,34719.38476148718,7.44982242114598,,422.99687681420477,17.34776051308362,64.05326957844173,5.255815794924257,0
5.2462900188469455,190.02767987972737,35350.01748208316,5.662949414758065,342.9483812942222,278.1660826193072,10.975693523987264,72.49725543510401,4.331812747586188,0
7.543200518242562,139.04544060342783,24821.90695864397,6.605172804935288,,397.49721125418836,10.36023193560791,54.19808739888167,3.229593386774846,1
7.324703875353181,197.56369321203087,24871.467882585595,7.3641151336218815,273.64830606908225,330.5991537502415,15.36244812717724,54.60650209511187,3.103645153982696,1
7.550763999287839,189.8732998885062,21004.23872727424,6.2373554532967805,305.4828427956203,435.26906991322164,16.138141143604923,39.71065371520049,4.532221719067232,1
7.119268170716217,177.5000373333094,26739.330670367395,7.124229861465628,,352.1194009576426,16.206612704719007,65.64109094177978,4.8145112458461385,1
7.064370502495861,248.53334624453612,16144.932845139367,4.3551064174185505,372.53457355191364,464.83278002795237,13.558653692116568,70.67745454522354,4.911748002648046,0
7.447281804560129,158.36252946706452,28401.796376443133,9.25208628102609,375.71933192462365,429.8168844114507,12.095304044257151,71.89622725815292,2.585517602797332,1
6.627176030065821,219.64032811034883,21481.692435445068,7.14513667024673,290.33406249129524,325.36087251082773,9.808082365306108,60.972769457595774,4.128384171445845,1
7.416188266460174,268.34269849465863,18697.71348699774,5.38302145974531,364.9810749494782,386.4029202584144,10.737682281086805,49.278799170553505,4.308306756468944,1
,231.84211403227903,25761.996930803325,3.233660019547461,360.7413356051627,476.34146629179156,13.934070981226059,62.95886289515381,2.962404664233154,1
6.667829371788014,195.36237406898346,13171.122854081794,8.74603320683276,284.9612142688146,518.9578372937684,8.326993022380549,81.45558623323826,3.443359156112762,1
5.191063544818734,159.08914176297253,21715.896174244484,8.001784653303355,,353.2843645130662,19.051644666432217,60.81557191529102,5.172093169070225,0
6.268066344534127,151.58815439037141,19431.897788936374,7.452883427281101,347.9099475097171,337.5268080087634,11.140397643420126,63.52785184199712,3.872623210262056,0
10.99158906162467,182.85994923589755,24862.04910108036,8.484563841998074,,583.8395831763252,18.77585065980758,37.64208560479092,4.095432224882322,0
7.0818212174328865,173.7976758542324,34685.023374039185,8.480219466148805,262.98359942012576,425.41074992320335,10.168152194109348,83.77823633816197,3.1754955114922137,0
7.18731911127485,172.72690669527745,14474.278035692714,7.427212150684581,,433.5906899740154,17.141293519445703,75.02073398642395,3.374919932047231,1
6.701006193066862,185.66428731499607,19126.897599805692,6.718341536732649,360.14136650527144,366.4572027477867,12.141172907787732,61.57262172306852,4.9856153942699555,1
6.770915178508398,193.0360706440609,7310.500520932983,6.460916274187893,399.1951985911155,443.58979446606327,14.55050365008451,91.68774082532255,4.824092640648713,1
,212.36347307753024,25293.16691494397,7.785088397770215,306.1120443139081,564.7797306644462,7.933864270163162,101.13139635340305,3.1512350715698947,1
8.06135794611992,155.6765043796861,12759.602787739237,9.327309572309371,,446.75271372364017,10.414652125300787,55.03793208921458,2.8014887278213747,1
,173.95417910722267,16561.738549283134,6.957412989320766,325.1529158928739,512.249030530459,9.551709439952923,74.61798912020365,3.8649793244438406,0
7.242637147261437,191.14678847514037,34551.8157162509,9.452834301348421,345.85633914251923,428.5418956081351,9.871482089908683,29.82510143061883,5.758012013411625,0
4.331587740479712,189.96853713637447,25165.68686475243,7.709580908054811,,343.31510219758536,15.508821585359376,83.14235662222987,4.762415107908031,0
,256.81833997390163,46298.82529498564,7.721491730256325,,370.9944771211261,17.653585126550247,68.5879216928286,3.2320903907381684,0
4.921866041697298,204.04091290061493,27228.8934015233,10.920072958371877,,335.8815842353698,19.62407936361176,53.38665959858421,5.506726241381205,0
7.917293325798434,143.31289518653494,16199.562849487702,9.731231581625124,350.22974273687714,443.7971559538041,7.5735304775965,58.43467086153062,4.25243502514786,1
7.536952375043683,210.15816679620457,18007.042830241604,9.77220260613338,303.07228325865793,525.09021452692,16.06144953202334,72.05330383900346,4.103565888084941,1
6.055812040828202,214.3523364782769,23279.27358852198,5.859770419780364,327.86597645489906,439.2096841257865,19.34504764997875,51.862686914916765,4.450652701701703,0
8.680241091619482,192.28328787074813,29659.789907601928,10.58364835340694,,401.3312290546744,18.119445047227906,57.66257869754041,4.82586080877279,0
8.569981085399547,156.47924941193727,19775.007750993853,6.990097465290469,275.91274771708726,362.39710801518027,12.635406254362442,48.76184267650843,4.558595775775211,1
7.0137430984707585,254.23999947581294,17094.427065038708,6.76056393598946,322.23004680661006,454.92002571789004,14.756784364965084,74.31244638515138,3.061601528299734,1
7.998956576231994,161.20081924317665,20997.110740071505,3.708387506807082,281.0296650263401,326.15893013427524,12.18875791849763,53.4777642555749,4.53694949294501,0
7.8936911236699245,218.13940559108423,7144.905328157656,7.635539502795041,340.1370141464434,334.5646328763452,12.158237631140336,55.78836639247896,4.4767946661359685,0
8.8,202.98166240620347,19028.402669387557,5.408300746197829,377.19684269714674,498.9331920253591,13.28389967875722,63.47128155519143,4.220301663313489,1
6.986178820938481,216.16666706307944,19082.6065732671,7.765041049104246,340.82372192015276,403.7590069628797,14.458577656345845,67.38875809756033,3.2743565061517392,1
,252.55562570510517,21915.048844424568,5.284727089484447,328.9679636719036,402.165701204252,17.857273125318375,98.75090852133103,2.4219432338919153,0
5.871502724672268,214.87791889344007,21765.210713842363,9.96036574371579,,412.5394658819298,20.07457953991041,75.88336710338231,5.060915473703997,0
,178.01994693026776,16370.783296610116,7.991486861345232,,484.8503821930717,12.121418604815272,,4.155056273054352,1
7.416802103078059,232.7871458517099,9072.984124776787,10.72219708968433,367.730034731309,439.5726159803689,11.491006920313835,104.51937746742371,2.2038148673189752,0
,175.63682809354847,23506.165696952317,5.50362203024183,,366.1590195133942,19.628997687861872,73.38270418866745,4.983589987582278,0
6.3711037634279135,201.7810585749043,4562.452866210726,9.567703206638601,214.7236472679101,369.0669488705611,8.378818860987593,79.46337038544189,4.204631603802144,0
6.863599901963051,153.85754929628052,14087.638796528643,4.271714381088134,330.62591144729276,410.4350464835597,12.509717790525672,50.5783013242791,3.7258724331126127,1
7.738581515806905,162.40504762062085,20896.975066022947,7.448759252829385,,450.61935520964624,16.464737828773632,54.35187067923528,4.830144635187228,0
6.237331905717527,198.09062145735055,26514.16192442439,6.122035470491717,299.46628058190595,423.33079656536773,14.736674562784408,66.60991182193389,4.2546407435432325,0
7.329513219293848,208.5100527123107,25121.463682813206,6.412228674304436,,416.14119295721474,14.385335893070582,68.09510105642183,5.0071891405075775,0
,140.39134851346512,20294.84000757523,6.303935659704051,,429.9397115720594,15.209448957448927,80.16559006018768,4.133725844791503,0
,212.76075440722187,23387.46118149332,5.6747484271449,412.1523233063687,423.27306806839,12.11194434465499,68.64888241106239,4.358787677804194,0
9.140741838466493,169.440786669916,16751.38784396061,5.129692475491906,,363.14506147283373,16.66127335544389,75.54283285779232,4.464046082597013,0
7.962803127883981,238.5017357155814,24302.75693451408,6.420965645048278,288.936029696517,515.649713716973,15.312339682774631,74.92707948541587,5.716845937352445,0
4.112240212375144,184.8203702916737,24751.820862621826,7.303324867713256,365.36131736341156,387.2292344204997,18.373590188178238,64.29084803265211,4.630233815169698,0
,159.43282733180547,15647.625209935657,8.95863708346911,319.66721908199776,436.64102049527196,20.66636638831744,62.5221136919,3.0006750835709504,0
5.3161678221671975,198.8939699568594,26743.142404836428,7.586653626661265,346.5233517352835,259.7249121200997,15.54420919447846,57.99331808324703,3.6406171932778846,0
5.275813657827712,166.25586846450994,26683.80022326431,8.96313351804513,329.15049738829237,408.8139175248882,12.234485718865393,88.11562345129391,4.628303409896616,0
6.728449482397053,238.14829515314983,22621.005820979826,4.784480542307781,327.8973437482073,337.3531955962271,11.117353054377476,64.29817628532331,5.190784052060637,0
8.067823691355462,196.41744382783898,47199.94684472477,6.435908338980187,321.20462675449204,347.09504100829736,21.04388136355938,75.15703707672358,3.5061503181516116,0
,191.40983910023087,22863.327326499068,8.24338777223555,341.2310251208803,621.912624514916,20.596305467220827,66.8072516839282,6.023895973880534,0
7.485532668577656,215.87025352283015,21547.27466895633,7.662241394150346,,446.36169277097343,18.205800636691002,87.77701915748993,4.2692632341636,0
,163.33722925031037,20187.26546252654,5.759343318838499,,525.2625919863485,15.30948865744302,35.30489224761612,4.4774822921900785,0
,153.9868447396919,14976.077380774203,8.595828849622125,,495.30852953231954,17.953079461044638,74.7110813442642,3.0540375300488805,0
,209.83476696362987,30716.024918512332,6.28058837251508,317.5033745606748,505.6460248654436,19.665628833708784,47.91553940502496,5.068155094532506,0
,160.22083370651018,17680.65380381522,5.891765572997921,,410.1150097432777,12.937150580081838,76.22006579084977,3.741083451744935,0
,160.20966594164287,27070.31747048921,7.889377461584957,,555.9972825624516,12.833975985453197,,4.985401701929769,1
,223.9292734271672,18804.492603521347,7.129747597228093,362.3794507405121,494.6123337249806,15.204283557858538,66.97939931670764,3.4859995933314845,0
,213.67460921847163,19086.705184383318,6.2937985106547965,255.18001614545977,429.53986410562607,11.228175620765608,44.07218893423861,3.850386018668657,0
9.257133437766838,155.1490080532992,14843.036599439145,6.240147730109574,253.3548029042298,447.4738016561748,14.648284310304188,75.30740433324722,5.29536088489848,0
7.751642748078097,176.03042418723004,4769.16008413308,5.429721056305417,,415.15202074983006,14.276331799288961,,4.0408059020750375,1
,166.6672318093661,7564.708340825131,6.494717771226994,343.32802138385114,430.4209261372032,20.50495741275858,73.35592729812444,4.515881315144595,0
7.06798019700178,254.8409049055351,18059.993886933622,8.858014908070148,332.41433623634623,422.6770606049911,14.35314342153228,75.65097342418021,3.545903696288386,1
8.429238289924687,226.207743067073,16217.703696810491,7.5063897315213,355.1118320463284,457.0279174039084,21.253166963621297,71.76370559075698,3.8396567147846445,1
5.072053452863961,182.5542045664265,19802.07126198766,8.634578647628206,326.53664149361225,566.7898831539654,18.874917259485432,65.52299609243182,3.364277549082025,0
,215.3568052794009,22431.540407085406,7.935388289526029,391.65313713508823,328.8186993497342,17.97664616940086,67.05072918775245,3.6846630030205803,1
7.344749477999343,151.78147448287572,9319.95042436694,6.152650992984525,,518.5022648915116,7.941599520920053,28.5886977587655,2.9996163807320286,1
6.495521659950124,174.2699416258657,16001.50261129477,4.514356785840896,,396.4466537161295,12.684994114010959,51.10903296220883,5.001179900310586,1
,199.85000144948808,32496.685470766766,5.655570103768003,381.21705242411196,528.7887823797963,15.572523804934832,67.70147206703471,3.6691778741850243,0
7.4513193336762775,211.27839164690053,18783.48186207171,6.059447418465918,265.53528231334985,399.2576146684559,11.922902063230058,58.286826172284755,4.789167819692553,1
6.719795246835846,193.1935947706077,26071.308151919817,5.9372390649391775,330.2779068956597,459.55049706445243,5.673684091685427,72.27799061896793,5.318131588734811,0
5.426726464380328,204.55964450249803,39025.46506678719,8.670011484438358,339.4930094736986,413.36538469733466,12.80472577596957,89.76538749487841,3.919076137069675,0
7.053500401017257,198.97726953245785,26990.515272593217,8.653529777622529,358.7243110980339,286.36815643103665,16.812378394349,46.3204778886336,3.63540274837374,1
7.850882597471725,191.01830347346578,31334.084897397246,10.6147698316371,262.7921274828951,566.7093316045541,15.458420877031367,64.09357786123694,4.59635067524121,0
7.578126813509839,186.6568100169196,29177.665697603425,5.9133205495160315,323.0191540553965,350.0255080274251,14.344303031113629,86.9241496500203,4.804376680315681,0
,182.3758856889009,42085.1657152008,9.643968323581776,350.3790769689345,432.97773518143026,15.214704034509086,68.85585534593484,1.4,0
9.173951747282636,204.03074403388055,23277.116847469493,9.634202184949325,,341.164319677054,15.94906472435075,91.78663554171067,5.194732305870639,0
6.712067394877153,209.9158328846621,21825.294767567968,6.753023262298595,382.90577543620395,318.17026655981374,12.184330908456474,37.44393165343209,4.204922475766302,1
7.094389634236835,202.92601660478965,24799.218898297047,7.868217527165571,365.32632076163924,409.64086095311814,13.23211734317451,65.45556330248002,3.395501235589531,0
6.590938426133178,157.62415705496514,11215.582523917967,9.080358533643112,331.2809735559975,378.24429002472203,14.446437744595329,47.82823868516967,5.083429072067273,1
8.8,163.53527369738913,16087.662968955383,7.0268990961936275,,331.7597462784407,6.322521272187653,62.71257275466239,4.553982607600076,1
3.614764821189723,209.5232114156914,24091.087994228692,6.904500992000865,325.4635454880382,423.33704473004343,15.073641675660802,58.03922347662514,3.8135000725188757,0
,244.81805159207187,25702.359468624836,6.128806874634426,339.8764416443821,306.4619367736953,8.71055764695949,62.716285232038565,3.5501955849643108,1
6.2,201.41446868528305,11094.575938538528,3.391139140512413,,436.3382829118933,19.167650219397135,75.15908109209694,3.692827807196002,1
6.802448569144558,182.8561092295069,38865.97394624372,7.231345154051797,331.9245471620151,415.91199302500365,14.576948144916045,50.61996412123895,5.428421415156287,0
6.647280548992548,203.78080098406733,18949.490121393403,5.998406462623587,348.7863727326181,225.78319241229676,13.245708754803916,91.91610566294824,2.63360260929362,1
7.43429226625352,158.99857519930822,24223.895506361365,5.420949174685412,373.59818304972435,383.9327198335726,12.638790663220743,68.91837361415573,5.349885991813802,0
8.748305486727908,239.46422985004966,18041.36494626751,7.7870628072280175,363.2836252345968,464.04752882632164,21.562181817070027,55.857423127839176,4.538862918010314,0
,202.53894735431413,29782.91761064709,4.826926659502665,,340.2654924955132,13.432395054241164,93.65719946611098,4.739173105897564,0
8.473082708149693,174.37485768537297,16445.53179495823,8.393606228223376,430.1977595352505,467.5528093104134,7.210267755509088,54.51514428172837,4.951267464360171,0
7.25556977486341,190.9124291655444,29267.97936983229,7.884086918111624,362.9012098169775,461.16048016101706,21.341430510300953,57.63159804514711,5.335591752788001,0
4.4013962428286,179.06050796510704,28131.488874347433,6.487694725518342,314.7024883718432,343.9681087022618,12.138034054223963,79.49462947520792,5.443805816058606,0
4.211183130383224,239.55394223727384,22400.674655838287,7.019969800505755,354.9894741797398,425.2075898928764,18.24967922200413,89.89562157455073,4.211546896877111,0
9.032863753283763,189.74630105719177,29575.209934824852,5.239450671236297,353.2090824427033,492.8592795344906,12.716897498474953,82.07398041833655,3.4932652006288185,0
9.172369938925362,201.51153304720302,10065.995662070658,8.305534993317295,359.1993427113298,355.3850837787903,17.092473474574923,87.70937643488934,3.903120192756908,0
7.513527537768974,215.2756004238275,25748.140152587366,7.416035500861,395.6936726356272,409.57050694743185,14.931484240016786,68.12028308108086,4.228120055884531,0
,172.02877873614656,19803.728845666046,7.53372292825148,264.0777835280621,519.1393207328762,18.601157930597875,68.36264761842489,4.074892734156366,0
8.907558713179053,202.77304143584666,51391.50398420295,7.912986799883546,,356.9033291674558,14.352035165933746,104.1022353168479,3.259611363286715,0
8.19889458601147,205.4289302330695,25680.338161581974,6.1049836460510765,410.40725833760587,463.29998949281116,12.806380323499091,98.57262187863918,4.491275047943456,0
5.168508171406024,145.27080678842157,18534.275527057347,4.719887925624924,,339.0013584499843,15.999569481636751,81.78428061675584,2.787380478151487,0
10.189714626961452,204.71371448078338,11106.133507495722,8.632563032361958,358.3143923626377,413.1942782218435,13.76127893986542,88.53363244798683,4.192579354188776,0
7.918972721195719,194.89442806337073,36601.358869545526,8.208175093507604,323.79590497945674,462.29551853757073,8.34789501310407,84.26676165469956,4.24707514662508,0
6.1669063282379195,200.67589101061628,20874.689164524112,6.274133090831923,,231.91423537311408,12.994747446247693,48.75723935455379,4.217954624922507,0
5.630286989919934,197.57221757383965,16682.155362783516,7.766394114625464,362.6952193887335,383.0266950456144,25.140691416089055,68.81798370865326,4.843532579469734,0
7.387889184876329,204.9266888200577,27394.842533086066,9.10759803317436,,460.89001971665937,8.725194876108398,95.24451777105305,4.730815150812271,0
7.1128711555771265,240.3985921247456,19436.15683231607,8.919147268872624,363.63738282214024,444.44820402323046,10.204465931939845,71.94354204142093,4.253601698087508,1
7.54360026348387,157.5942061423999,16799.51858055465,6.227997038437447,359.744078864376,383.99182652132043,13.804325526545362,59.4545295840717,4.557849402147192,1
,185.14318816203618,30372.32889835371,4.767757548213883,370.9933449294941,336.94977394904146,15.943674380573263,81.88983386725207,6.009276588565571,0
7.549453495642226,218.33175289287732,38370.262479592406,5.038800079437129,366.36725493740585,476.9799624812951,10.046129034987706,88.10473442489447,4.562309008023528,1
8.22937922317044,212.22246104824828,30222.552865490525,6.627472899530924,291.3919652582306,400.1495356082372,14.24986390106699,68.40625783823677,3.6799449837521947,0
5.088215452081349,211.51444270495458,24387.629019063934,9.430461070593712,,470.26405389162363,21.527469633134338,95.45063416397005,4.357433189783566,0
7.637162477279099,286.9926903956528,16610.879783867156,5.9690562488166385,,456.9220293498146,12.27821672850252,39.06192179498743,4.205676174326994,1
7.604155406766145,216.60505874343963,25712.30630042384,6.177801992245218,332.6976524690464,390.04860252606625,11.21136590021027,75.85199281637404,4.302951256967205,0
,233.6078534967903,26404.352218966676,6.145280464973057,395.87846984647456,512.8629888339677,15.454562026980755,82.49596977859909,4.2629584099872,0
6.685700579221123,186.2973292637525,22648.356115574585,6.279865341863906,295.8239745836601,378.1823691090782,8.887407976192357,31.85677507005488,3.9790252985543852,1
7.395117119321113,163.73318289877943,14135.89215846501,7.102261586343129,,522.3886811114737,10.812708468399052,49.14251055116192,3.101422037069182,1
,186.05895657821344,23194.23594399583,5.097520724208226,307.2560525150719,532.9604364682405,11.892623600569982,73.77671799452538,3.9578112025748515,1
6.703857052229912,219.823489637198,25595.51317796355,8.833288730996584,390.8997598503453,511.04926569881013,16.350028011576462,64.44412365432012,3.3394197050913736,1
6.397604445823063,209.78463642387987,27395.764523474296,6.8911826967447585,401.71572935252647,411.6106588080031,17.501691893510454,75.94194086727875,3.0448739006286183,0
,209.66697009270314,28236.40936106408,11.03703262806603,,632.0039948649335,14.4724686562432,78.80799095591027,3.114045477090348,0
6.5936640807564775,189.3480696743745,34597.30113740268,5.265757822290976,,438.46903229441085,12.413564309496262,80.03790967070516,4.125496499478451,0
6.489249538359814,184.1018938410531,15384.251742777313,9.631988551483355,402.135942395198,445.67736349079394,14.445733422281164,45.639306269719384,4.091366627866686,1
,190.48269666275115,19117.08729347027,9.31832572881865,332.4371592803869,424.4174433047608,14.95171970423207,51.45712923677418,3.253486974643435,1
10.489821137432973,220.2352423104355,24735.94118924558,6.469539266023875,339.17171672839515,334.9148686538475,15.022313415802154,91.85439412324966,2.78049016960463,0
7.916230831977766,224.05993238680676,13233.041610763887,6.495804230651249,364.17167630255716,530.8419175806889,13.025253511044458,43.99848924288118,4.087230418823946,1
9.531613291392418,163.2946497258166,16440.368974611563,5.664349450514763,,379.9498028831538,14.016763146481841,94.0952521791763,3.8359254482154355,0
7.6458004247048,221.48107020529469,11489.173315650758,5.682482148121503,,500.5045709038149,15.486262385271797,43.99812805648996,4.6100302186136775,1
7.573510014491368,174.99127150812006,22829.228820511675,7.1190425993557245,,519.8918911521382,14.006941247864209,61.74123275293109,3.5695913395809913,0
6.851940895426591,211.82752234557066,31360.917777982468,7.1526996551092505,313.0994402616377,474.9483675483824,18.35749321294076,75.61479067831296,3.866719176290174,0
7.853199066384254,190.08432707298414,26757.568027501446,4.58827867823296,369.1484063652497,370.28888250741704,10.566794118904602,84.49033773389363,3.995148577311874,1
7.1783054075374935,247.9144432699626,15621.993378814464,10.743738410854865,,398.6408769546157,10.975152759553152,59.92019295312043,3.9634981812116683,1
7.709301543182906,182.64534470652032,2604.71370044351,6.709963365682362,327.0200913796978,209.89224460094923,14.282014107224951,87.65894028062425,4.343467482939001,1
8.503982262316482,202.27632956543837,7227.984395343967,7.223667398003157,342.9765208464488,416.7894133655791,16.510323541455342,91.36135339901466,5.082477912260292,0
,216.35691488370517,7282.854143966368,6.130544855206762,406.3584648759324,491.05898316615867,17.03118407060005,67.23717828537885,3.2034147288855763,0
6.2,167.64675383095718,31857.49309545536,6.698124928234902,,407.00958961018057,12.290472568921189,49.094791511815814,4.900717524985546,1
7.771423012992656,194.0030028764535,13885.332738561756,6.554552584234151,363.1864910030163,378.52151238560793,13.05984703974779,69.12131269180739,3.680265332241573,1
7.277526277603622,187.62935729589879,17775.388693763784,7.115369927196088,400.07569906482274,402.1420485319524,12.624007694047673,65.29269857459013,4.088664305665532,1
,179.49553639594347,30986.345538460206,7.096947941523579,,524.4015704017767,16.735006202228284,74.75538280848531,4.732301176362091,1
5.323345073805695,181.93311325120143,32923.62315322708,8.391688830694891,290.45772273271325,421.80725233740816,16.256036639915227,46.98698594116016,4.859329277975927,0
7.4236167753150015,232.98528027870054,18507.805340686522,7.479007500616066,407.00958201183755,576.3196270538159,16.88610350476873,65.69095331980338,4.185037756659585,1
,176.70768082638503,18356.643784586955,8.232767172231215,339.452001800403,380.0847328053144,11.284119294365132,76.28370920245085,2.4484547672402934,1
,215.03481933989585,38641.16676008762,7.104498901547414,,443.752328238606,18.459581398537214,53.871251083873034,3.634405462855015,0
6.2,206.75017556682465,10902.788688146267,7.4853790370673075,302.23957171535847,391.1811244093362,7.996378894016878,70.03586538139203,3.2848479450568315,1
6.637321000348267,150.4393541909967,8056.164102607034,6.738737021360431,,593.8185022316455,11.036658987425842,46.176557596231845,4.238177365292784,1
3.438279363820648,213.48067452422993,12180.599667315,8.704916540253485,288.3869827067191,440.7201891537963,19.6649089520089,55.05924053230879,3.740260180587213,0
7.556740442516497,149.89541539897186,18335.296147827103,7.629743438635161,336.43882936474307,598.1485518858555,10.498815574952921,,3.4898877738395147,1
,217.06422114663377,25154.363072912503,6.870241729869617,306.97598013361926,392.2536935638926,14.096503676812706,61.61932113667311,4.51571380759039,0
10.823546089631625,179.7133949409951,20404.321427288356,6.823101987408913,297.4651105346204,549.628397409089,17.968141170559463,56.664873085523766,3.886973774895812,0
7.646865818926285,196.67528263213728,22039.668418524263,6.947401840829745,321.2507214882508,435.7346724796984,15.512070188317313,60.505064054236065,4.6862305396328,1
6.2,153.81818965729346,21638.677857475406,7.168101399409711,238.85362738111627,493.80177203928423,15.769442682645929,50.737566102187344,4.957650608866347,1
7.052156986783863,200.42637844659845,21722.113933704575,7.030949460074106,285.78003907601015,327.6473529849487,10.563340965492962,87.20062463141902,3.3614023972160805,0
2.862480762684269,226.8966687512334,27102.544583185947,6.237030184766051,,454.35184709611195,7.214304113278517,64.73862576138542,3.8052642912736845,0
8.05689198149636,169.8508374180558,11917.732824397885,8.328542877323853,348.1933885272759,339.81506861035143,21.492417618808865,91.19094945760462,2.6098613789926306,0
5.1822305843167475,176.42420286586204,13681.433745322189,8.428360068226109,,446.9733891769663,13.933245459182796,50.05895440454492,4.44400684183028,0
5.639636060837526,211.35703167537042,21338.11385724836,9.93849380388318,356.4819657758538,303.51408371451726,15.983654939870567,63.42284822547859,1.483427474182852,0
6.443608455422886,212.17944284798432,16131.17243671549,6.166265057181278,297.441978812912,418.5980920186287,10.109884869189862,72.06267776216175,3.366340642045493,1
8.090495140602908,116.31550108236014,22818.931820005477,8.172973185740327,363.6893042351155,514.7254525998377,10.811744714362808,71.2935704865905,4.874816645552934,0
7.383652838474177,262.7068693684532,13503.426496000371,4.103563040273362,329.01254235868043,470.4423534227318,10.6502970024067,83.44337952508423,4.642972658439475,0
5.972593326856657,213.7894096087401,31701.65291049725,8.429888042734582,,326.49683599305655,12.604696379521066,89.17038036154514,5.481219575037741,0
,219.32862399470244,20233.170755445182,4.818600258288647,,272.81038026676254,17.350142054376143,60.24094257912565,5.974765546663845,0
6.629270306122596,191.67751930481964,19641.804595428595,5.564756856355789,439.76447810596034,466.35312210123004,10.911936200190937,75.36259894320473,3.0788732642291263,1
7.139088504919583,135.35886956863115,20192.73274236497,7.6449160198449935,302.3856170917747,553.9608626649597,13.292100197856342,86.58679834462808,4.91540531571032,0
6.892740356607893,218.5983558151329,6639.53003270423,6.138031524032747,,348.3131602208905,8.810867846960196,,3.515231472925066,1
6.1220154502265025,177.80531387120385,26885.25850718406,5.921801454195402,366.14866457298416,595.67024951665,13.92473342534518,40.57144342725945,3.586705721633929,0
4.792449446154286,214.2953527386319,22975.371377358755,6.353990684452613,,425.67534231594476,12.49421122443269,84.48689636498833,5.9667290275861085,0
6.2,189.20144478835624,22721.16914486835,8.27280906723127,267.7977255313944,267.9375624791112,13.489697718216004,,3.4777037862857267,1
6.2681299551911165,204.23149557292882,32156.029722605224,5.646033173659966,308.9145368813661,300.08086717754907,19.180258312586165,46.43368144150172,3.1051567291322195,0
6.2,170.90261905163587,20629.840913390322,7.034435314528394,365.24177652590714,488.4118912692101,12.969742360489512,41.88675563088904,4.748457387120944,1
,224.83839621413685,15332.485890893668,6.521723070427848,319.6410570984491,436.6690976994708,18.13985503179422,77.1822757768195,2.5027019120842597,0
6.558278586586562,157.3023296018426,33315.626259280005,8.415427418699842,324.2322144416536,545.9634540360956,15.388453270572889,35.83145664636683,3.0770326281174363,1
6.561603413042697,270.27923409365934,10924.827327897,8.459716371450892,,329.39151885078655,13.40548113283319,,5.6945943505658505,0
4.214333663328448,270.0285100910727,21257.01814391323,4.220254760050942,300.4173965089128,435.7743796916334,17.494406928866283,84.76036183783022,4.6313244557829325,0
8.779222780613525,250.1158163618482,24772.243642882622,8.771272881647617,,426.7462937601792,14.24167049272344,41.306139938554686,2.5255550768788293,0
2.0,238.36325863198138,12412.818531073555,6.155005667795078,271.1269808894837,414.64442653697483,13.918577641183791,61.80760251332255,2.967944678346772,0
7.212102762082004,193.61835901411322,19552.357525003332,7.493341673782745,347.07776911404795,395.285335925323,14.541680754222353,,4.232579633428653,1
6.051906205445974,234.77938661908314,11016.341163847537,5.636524190194391,,396.89389045649074,14.926012288554732,81.8312496852605,4.588592276435736,0
5.72162293634756,193.2357932067154,25931.82893221086,7.706392672281458,,440.31138260185423,17.35131887706384,81.33867252307668,3.3805298872489282,0
7.1815398679556885,145.28927286012942,17001.08461050786,11.151131346721343,286.38639614880464,450.6485470493278,11.977301697871013,74.24601650375104,3.502773438483153,0
6.299972075377487,245.85532652160964,12901.314534977446,7.3209215868303525,325.85585415602196,446.60788628834206,14.869588616062925,73.48478999113942,4.652094661225672,1
7.066621472820329,233.53832483015043,19144.938061378267,6.393440606118756,280.8713270770311,523.6437907196952,8.62819408462136,53.68764743110174,4.282493279467178,1
,195.3689433581362,10401.138688434263,6.753185249212645,323.61118319314994,329.1366962070714,16.858381161427303,,5.791459068747054,0
9.040853135695967,156.09143793380517,33370.7422769836,4.798932667563928,395.1460263232667,279.81597041201735,23.84237340596745,90.10644041012773,5.945964997945811,0
5.546430740630896,177.11399774055178,18197.950607192623,9.409361992139845,320.5208359026771,508.3707763945394,15.740924131243222,93.17167870504312,4.244748043279667,0
7.912158027622107,136.48431025720095,17205.401399889142,7.614355310002645,277.250919276261,349.96317669455345,11.283654493882453,82.70300812626229,4.0336959261816,1
6.212718589062273,227.49316005113144,22542.955081392785,5.462741308049402,305.6529984300426,395.53835385589366,15.85180218375529,59.026427118438455,3.644562727986391,1
8.014506440933616,143.6511349901685,35123.2102367209,5.51421710159657,,376.7423490974716,15.225013321801034,72.31632543366254,3.9920805354045203,0
7.272054936974777,205.83673562782565,24470.472515539557,7.144146159055145,280.15500281738116,375.0122043749848,14.805413152921531,73.43154051212278,4.887086901863804,0
3.648075187151876,168.64248885804827,27000.209189525383,8.59255272147481,361.57885962630957,308.3722657114261,16.773740815841236,78.15263854149183,3.6426343716047667,0
,149.46145665951724,19688.244432076302,5.301435944195585,273.9238739732089,380.18217091103503,11.53812925645833,59.08536478570897,4.951834810710051,1
10.511026485324809,204.241882568865,22190.7524120799,8.87918676015013,346.730403640692,478.6659538721861,9.463586472828428,,2.224053607729666,0
7.887824848300557,185.41800022323417,10680.373092631495,6.975218987908093,,425.88233967951396,8.380058964039778,57.808170197211304,3.5905838220586137,1
6.848846758938057,223.9764215684946,8049.796982641863,5.650215451688787,311.79473048753596,466.96417598335864,15.443169781627804,76.23309232006645,4.366384806357138,1
6.736957822581939,154.69578665882554,21340.35741843111,6.381049126014695,343.21228917439197,386.1165746064562,11.42593151445822,48.095796730596724,3.6468221193109693,1
7.987716986300661,171.48434816391125,29181.80178748467,9.88271512586494,,499.1499560551799,16.181647281517947,60.13007757377897,2.552892996005177,1
6.929534503140486,117.84657134064969,20055.435188362033,4.926622928258367,368.61095819423974,385.12436047224236,13.046597309563097,54.06310668459707,3.5747322379649273,1
7.945236418148009,124.53499415141135,25193.08147744145,5.963609129605088,304.8887116391055,255.82857011750775,12.296063615586874,53.85726344404568,3.648415510732553,1
4.166327258243621,255.56053028829308,300.0,8.625082063723175,317.80441081167487,451.7832024684448,21.05379507176365,,1.7726998882018528,0
7.458855081611583,264.9503822308791,26589.6640794252,7.462002128656743,312.8784683765598,488.2046893375174,17.053253584257764,62.50973799493582,3.6567931527754567,1
7.697044817388459,199.45069215186805,13400.528334989809,5.869839507152277,362.3442055664815,381.0134877965265,18.534154340064063,66.21179610062767,4.057441413230926,0
6.903151849904918,169.2960336016758,21367.54292056268,8.64437331345642,,523.0958664065998,9.322298704502206,60.35681228365989,3.320798446689736,1
,186.5810303513755,23005.76013267212,8.719427258407306,225.26157173075467,357.4640712334497,12.844194449760453,76.06214595190553,4.869596802236124,0
7.423709886425247,225.14059126180138,27664.926804280694,7.643597256258569,344.3256575619166,480.3947264796805,15.210415305422444,69.30891009879711,4.133599961398681,0
5.960303923892946,179.4766012478547,7198.096787312854,6.1524133916180475,,567.1778961262977,13.149281300588802,69.50429098197098,4.8084666531864535,0
8.471780037166955,204.21815422567158,23690.783775325617,6.395878700661714,319.6692811153687,429.1678635372212,16.147322583622042,39.12721881736884,4.893358546972614,0
3.935301799508119,195.9803259391669,13538.491171466701,7.56978818317147,329.3215954996866,407.9001666493395,15.314728022209266,78.49270345146579,5.298134567551701,0
7.495377182030222,177.686063154274,13798.559584970142,5.04715208328286,319.22478929738196,417.66172862169554,17.25924142093016,77.24923383048332,4.156750728722201,1
7.3807236499691475,179.08825865686745,20867.15659531895,9.217900112190318,354.53391579489517,557.7662672657052,11.245867612916824,,4.229108163522981,1
7.885035631121782,206.05025667845322,27949.510213203364,9.806330360107825,363.61116983569264,458.7448319623271,13.570872594916429,70.0475833022439,3.5512177088152534,1
6.755191212737187,164.2603803128532,23209.2338471994,6.747191337252373,301.7785161772814,599.4515763192686,13.598278566734184,64.50494962514419,3.54575991310556,1
6.774925301519547,211.26189547101367,26428.891568351715,7.682645098040675,300.2744040966109,448.76351214587686,15.900217445947222,89.64902683888877,4.278324868142063,0
5.828638114550329,180.8850522275419,24015.692535851664,8.993567227701934,332.3108604787858,373.37322987977745,11.500874573174029,87.05041153683311,4.35449401602648,0
7.179668368082766,200.59038432292678,24737.71739980059,10.209786124936947,269.88949186456114,379.0526396347726,11.861352511668763,82.35450550303717,3.067052629296423,1
7.105708710684661,241.93236842694557,16262.176308157219,9.580030510075304,314.0531118272301,431.1778670518301,10.889873198776872,57.61541795308099,3.9153355174489928,1
,190.86648171203328,31263.265223080947,4.377850728893108,389.6104223022366,261.26113262964935,13.414597728980425,85.85705327193953,4.088720403515559,0
7.656986661980645,226.66156279231654,18083.523681781626,6.62142517244252,,387.82082119297326,12.027515652001096,57.6562147932711,4.645647606878581,1
7.7146207961617375,137.44211904142205,34334.817836781425,7.911087437343486,,389.61393500877875,19.11120269515062,68.58836024681777,3.9003575573981784,0
,180.92505685122444,28560.404043103277,6.339136670894948,309.27874634469316,445.5750122378444,13.231730243508512,72.00563052262724,2.783774533032898,0
6.247814052509955,197.3109556334028,32373.73909522046,9.936771457163776,,583.0989122084371,5.847769128027995,89.99212639152304,5.116186476381724,0
,259.6775793458925,20871.746478723533,9.69441277302816,311.5325460438764,430.62917226346167,14.572793651863012,84.41849384238259,3.793803797850418,0
6.994507264344738,131.91757646074961,51019.61540703788,5.830830376811207,313.9358293461583,270.8491457601897,23.540218886616643,95.06532755628237,3.7451089234196173,0
5.203808802447784,193.23469554372764,12621.21858329863,6.863407968548957,291.12633198900835,352.3562618899415,18.07107181973565,57.92927713600505,3.659624747373904,0
6.409891022841979,244.32506319514505,19186.320109861448,5.935704464820374,,447.3928592391698,13.055489679196738,57.82195747508031,2.980670343708324,0
6.411870980000193,170.57282866671991,18668.90882369743,6.8116970583122525,344.9849160779807,433.7139765820387,10.157768217000882,72.80305952275907,4.646101135962406,1
6.330976807495932,189.39760313699546,32762.906536095485,6.763816888053254,,557.4560062028568,14.92289378013395,63.77982481221562,4.047288274864067,0
5.576346166239652,207.31421260832727,31350.852396179427,8.627727505300037,374.7331239498894,503.77424570840697,17.479507794975376,53.27983833159654,4.558961251664666,0
7.714117564446084,202.47033141747949,28830.195681852314,5.716225831300541,345.0220323895443,501.3533302812395,8.953118777314511,46.77097214151798,3.5205056136429875,0
7.345827756639043,247.91384864245023,30615.527250934523,2.985535624169893,369.0686297268785,408.65564615407715,12.103793517742723,77.56056028824895,5.00196094072635,0
3.877765573288106,211.15478835140934,4406.207031242611,4.584821930068985,,515.0089797533109,16.49421406365411,76.38946678472198,3.806850346012623,0
3.7621006090452207,240.08372826241782,39298.33759810943,5.495283451923367,,353.8094114032589,20.680703008338135,73.7350853464383,2.817243945738925,0
7.7069004610909335,184.55572504450393,22263.035890767158,6.084007289384627,324.97780511221305,504.43818019093385,13.562368864140694,,5.287643619382971,0
7.882223474731257,172.03671396986525,19140.63398224243,7.415735552972037,,403.38055262488473,18.789685864549288,57.417958793042814,3.360553070874413,1
7.4857567159627,188.973706949654,27675.708212086513,5.413925629264402,338.613335287162,309.20213279838947,11.704720185007059,69.22667942878144,5.044274648567614,1
6.201813946984279,158.2655082282059,3069.783901632829,5.2064610673893075,334.16241346024094,474.1335254096818,16.460947037846832,95.89975888028366,3.51458858942113,1
5.350955785290385,212.30753480531214,36035.99473157309,5.651473080109666,314.82878124053417,539.1215243840423,20.584560804091485,44.324158838331556,4.2886932739730526,0
7.473878194690616,183.70461009035242,4881.49749980442,5.357266678167545,312.4391056984524,393.3465687976702,12.459867416332392,61.24309725504955,4.853790730458704,0
8.383769998407459,174.29814519074108,26637.400783071316,6.2438998840128805,343.64169389770643,552.4711494196716,3.250705683872571,64.4523427651516,4.873830705908761,0
8.01994923434596,212.80586167653095,19713.768132072862,6.1762859144857964,367.73092081803037,292.39997412281906,16.07880157987131,47.80518639085125,3.0896391959946996,1
,158.7717509046459,18943.52537013602,8.208709770818622,305.45929474652235,329.4991064684699,14.152496242974902,84.20922176263127,2.864799898098309,1
4.4851896089294385,221.74952283585563,18846.72834812394,5.556543571589996,339.0403820750917,414.34453582642726,17.703337940874725,70.3343039396761,3.3158066622211493,0
7.871320458075574,180.66269991863425,9899.492009890957,6.5549973272389614,341.42461692819137,396.2422780170423,12.706530801207785,54.863003889497996,3.050425947430171,1
4.218079216305249,234.53427301069866,29635.14144002238,6.258864165731505,,372.2956224064147,16.99139630053766,44.3920760914836,3.6763732948828447,0
8.177429032403058,183.47893367624724,24202.370516112256,8.398038262139357,263.1096489629663,437.00115968051244,13.661967356533104,81.3963405846559,3.9669373806961903,1
7.211467394753864,217.18982802975572,14428.498656385527,6.876238743892028,295.5160662319651,383.48989100730734,14.75929232503708,71.94766490077345,3.5826483189010254,1
10.081420196551061,202.3076020971286,27212.169298454035,8.780100822970727,277.2540368669533,397.1948471647391,17.6766449921377,,4.999143163968331,0
6.2,220.87437164520662,17000.771454527883,5.2992551219124024,335.16141526338225,448.69674568431,13.39135853572999,70.70475106007493,3.339194882594681,1
6.2,200.01725275165694,32441.473354278303,7.042000758672985,296.49970248654114,372.26301989631395,8.55642792713346,59.81103436616375,3.199193210792381,1
7.567984487628673,141.67422513390727,27677.454076242193,6.210092193092707,313.25561769713266,417.63373256542695,17.53986705225667,61.99257062412191,5.679934887937446,0
6.1034427523207855,229.58930744106615,14140.053961800832,5.182847165340746,284.35678631009097,374.04044505414515,15.771125190498317,87.70250891039959,4.173793523877684,0
7.333659071584786,193.51523185113484,26569.815546773392,7.013332555243609,317.106007361253,328.7858703257896,7.826897182874691,58.36770259481403,3.044023653109853,1
6.723775258434415,222.37507894497335,23521.40857401581,9.858025858011654,,487.9071357136353,17.476065849054137,51.53089008939723,3.1715852769928663,1
5.1255131399720995,219.10910908898538,23658.793352223194,5.77240409137671,365.1774095001642,564.1897908200347,14.194146858928523,74.00416896203834,3.5868886041660635,0
6.491505079604307,170.95854577472687,22165.43854251083,6.918621128696329,353.6400379495369,512.2174172019725,5.459329680675137,62.09100260169891,4.410005886704542,1
5.9301623870761695,166.30323116973273,22488.41304467126,5.046674041043769,340.0194922530382,453.0026594143944,14.32759067934421,87.07093857079562,5.549985725922378,0
7.104822387542554,217.96118283767223,18347.2398428826,4.814420120391666,321.2996041112245,374.36450182693386,13.667486945517869,59.33328402917168,4.922168735057586,1
4.637912561384711,186.4231069323941,28905.44539622061,5.876141319638217,249.4397678750672,403.0169670860345,13.488595094151645,67.39418444608148,3.587367159964581,0
8.578483130772122,227.20852329444776,33598.32145661794,6.409026841625894,,511.6073178457601,13.698632327375666,69.5170089660507,4.399624945752654,0
,190.53718897980653,33495.64085759071,6.479178795328783,302.27569909134274,241.8558692245081,12.41856375796909,64.76976467012528,4.962354175382604,1
5.424172808147991,230.0701816780487,25629.521259081837,6.762880476174822,344.0371525947926,396.84857386897687,8.761378349593183,78.08410578026266,3.756384563911565,0
6.2,210.32671753047944,25115.17342008167,4.515634427688676,,485.5165663153367,13.566323322976888,41.54550102769942,4.19660650332634,1
6.8268081133981235,205.8743772931955,14253.150602243233,6.131004985818984,347.2397922272138,334.2269451194921,9.794096450421291,62.328354237470414,3.430020578426077,1
8.977715717610907,184.09503156144498,12076.363260308313,7.912778387977807,,460.40977336703935,10.849922185735569,66.4519739473979,4.348711856846234,0
,204.0468685026239,9699.284052476421,4.97397278482663,,456.6607330778677,14.116964715008956,80.30846829116739,3.315921233483283,1
6.138805052436979,235.64485432194414,25221.998690884295,6.5588698021447875,,308.6899396347906,14.52802545655927,58.754721682090405,3.3163657031460443,0
6.375792366240611,194.6163114099768,23467.866013924886,7.582693140702148,376.7681586765667,433.22783129954905,13.697447659107711,75.68870375290936,4.2414908876703175,1
4.917634651127102,213.87563919719884,49005.224169887995,5.884018263202602,340.68135873387877,376.3104223454772,7.256965567628168,43.87569071895907,3.8015381687017666,0
,197.92524650861534,39837.050606383964,7.659608545934139,323.5742521415523,459.82077301138946,8.072560619432261,,3.5867973485824685,0
,200.4994730063244,19108.916090850886,4.716620478571651,410.24597539864396,480.3189258200141,21.10693406711129,62.333525757896744,3.5898671685324866,1
2.0,253.10021390327003,300.0,8.523750325232886,357.7180446616431,458.43426584887055,13.930012392883942,,4.682902463444395,0
6.6705397043193875,235.93691802120122,24801.759960101026,7.6979651582880395,325.911471199129,432.0654597988422,14.650841792932454,91.18359525435753,4.25873228312909,0
6.800993851684725,199.01238551993913,9497.432831376827,7.207951337544959,305.4018847150018,449.54079881174385,13.476942134900304,99.15506248226227,4.017745754857524,1
7.542971507091966,203.45553949309553,22500.103159981074,8.897212481563228,388.7176246035722,331.17394081558683,17.009881809801602,53.62837707865046,5.004784690705747,1
6.576773536852699,173.30846043317314,33055.13548992577,6.599628486406148,342.3696766648323,423.71525586385155,14.00325627489096,56.2017012932139,4.868170638479326,0
,190.70923612788306,22467.893380604197,6.143787342310179,334.8150004688909,361.84415366486195,6.770324340264205,39.67971528554921,3.4181040394377655,0
3.3160206368315794,206.57918721034943,19829.136258633105,9.288619968873649,361.79784409664074,509.5483312817536,20.533383281458747,85.43770702350297,3.942816661434711,0
7.940075805186065,224.38518709682432,17616.809877819356,10.028409967530976,370.23563727375455,481.4056430033004,8.753811541200676,60.74325537912975,3.890938576061127,1
,221.04936750836924,21663.839956706863,6.024368424333935,356.5646173579231,481.1764290896855,10.073192662426983,70.69193708356083,4.651276815702541,0
7.683722872229216,159.9053770607416,23214.65447869229,6.940285685369652,,564.6501177057297,16.058276422331602,40.9675325439329,5.230603443180194,1
7.804594913593991,228.54273183932696,22592.181502066345,8.771167218353098,352.48689845857103,399.5378208441318,13.756192578574852,56.14728798166549,3.017531369174473,1
8.459138660495547,193.4793459484785,29445.800111629196,6.99653089713898,,381.8402059413633,12.23643625333693,46.33079467096577,4.849895127769638,0
9.278882771027458,163.927984398209,13289.535243437416,8.059449843806014,303.5101928094818,397.6289005263986,10.683812053201677,15.994422037495326,2.8910834677609505,0
6.320852655946272,240.36705786151023,15242.151849193126,8.353037684031644,408.74865069896697,296.7392982466731,13.882242183681447,87.92330487582123,4.040824564573248,1
6.7998293855921395,244.54187899267865,35492.54219028902,6.23155877062066,282.7257863177849,303.09448383564256,19.646608020673284,52.92933697403909,4.390126606203013,0
,205.07727571900773,23668.066578868344,7.78245396817241,346.60823324019543,476.3851231246234,16.574970427141736,61.53733108718652,3.4287373367962513,0
4.104636333676881,219.71930950268222,15317.269395940282,7.1102155426742994,278.45784379140565,313.4726774213547,13.443649075980145,49.69160419543339,4.892905817250106,0
8.254790373888612,221.64907896769182,34881.3265332876,5.197347622437856,329.73747021219145,339.34706474718723,13.197204364228416,81.40078950251188,5.701429237723879,0
,242.32090382752307,9521.256401439408,5.556348818643127,310.1484433922613,417.9810339299192,15.728576319272245,55.52383339632164,1.8998695762251203,0
7.951834988853736,220.35345448670375,23929.913350969433,6.089181259453738,,392.8920096987965,13.9223487760351,56.70052285781688,3.953928738364029,1
3.7623365183964217,152.7190556722711,18925.504078484955,8.587061364268115,347.9487680082065,497.7607105099222,10.737059945715284,69.71331345088414,3.5624440703241818,0
4.764133015487715,262.5226749411501,18769.08687979094,8.638945896455057,,431.0852734441208,16.43258790751191,110.32401576655121,4.344205133759305,0
6.910509163395615,231.46011166389343,44567.44841324324,8.304862410948155,332.5822415650048,361.68373072288625,13.17974306909416,71.52033435058071,4.116732384961634,0
5.333831504386554,179.63665364652604,17692.30269792529,7.815374911159676,391.4981128096901,504.7079471872408,16.91873713681357,67.51308385469504,4.918703280442519,0
6.53606095746293,162.52533511944122,16014.664421555706,7.772265565307174,279.47222496343954,485.0863438949736,18.048380696797953,39.84644769923762,3.110347173641346,1
7.336870071211508,213.00836186029437,16469.8268877332,7.558545510296631,298.44217395669045,312.1925382440289,13.839802950595459,74.64398380777226,4.271076104618675,1
7.3359372546380035,187.24524473770666,15774.100153650354,7.764003347566182,369.4352424236949,446.5831448885306,10.826046057361264,67.64354851202731,4.745026496436611,1
,207.25684714656578,3727.830405249002,7.87107288218944,,368.42179540152,16.800028790203285,67.90164321748831,4.187204755966422,0
3.4643486454923678,220.85808507805487,18672.756404848158,4.901012978150738,,366.2918263417464,13.022359335741763,81.00704893281333,3.669720147309613,0
2.858514667129864,177.76406188490543,28527.728300345392,5.871409509408103,,577.2567846340507,7.915509682839074,78.8754627267717,3.252718439871865,0
7.499288242386099,159.6800470406853,27416.820994643895,5.494303833318373,300.9255557455507,436.24112818690446,11.313779686112808,74.04436795736709,5.181735381200211,1
7.392608806763338,209.0934275929881,17535.993283619475,8.869289112093334,312.29952147395954,408.6228901280731,15.469669732207647,57.69275936547837,4.017338407193174,1
9.507536124872795,178.85153956138757,31648.80319254424,9.733478163662108,307.1946267282729,433.06405900388614,14.236111665449991,52.23886298068516,3.1097459528643103,0
8.617220245862725,201.2065513505959,45827.127087706336,3.6929042857487637,319.3843938403077,496.83861323660693,10.026844327137955,,3.488662669866122,0
6.5424568154622,152.20456022394148,29107.10226394976,9.592407086757223,,369.5103583429617,14.397620828838374,47.39670396326586,2.514930565690781,1
4.906336011763766,188.10318836478444,37565.52692436587,7.2570197701798165,263.3752840452852,383.30732246916705,15.375221400626797,58.02194214095978,3.6396667118521835,0
,219.9219172152159,31984.394091308022,8.720097314270749,284.359341228323,479.25905381822326,8.661626380121646,59.337462105017785,4.0600433413964705,1
7.778091049572474,216.33517950157963,14328.96604201886,7.920218104244136,277.26072101406237,303.6757453283782,14.592461289191984,70.04525230257603,4.232273727970938,1
,170.46302275826946,25985.264642193946,9.395824184687875,,506.2543647454707,14.201998465920044,64.638538000159,4.446189526859948,0
8.837063414382516,157.9641022494361,15731.553058039613,7.451393044704844,308.36384270342984,296.5014774262563,13.042017920420415,,3.986782114408123,0
7.696481155752151,196.91862539283397,39628.260597799905,4.9657419550755915,320.2757110520811,406.3420418671069,10.5655320182169,80.12009736456974,3.5667400965142053,0
7.28380089581362,214.85797902193855,300.0,6.953033683638329,266.95414503407324,297.01430384807895,9.961207165260602,60.951259368887676,3.597129101553723,1
7.977551325489629,209.73026211233494,26811.56680289891,7.9347365528487535,322.937218102731,340.8548657157051,14.370948257315867,67.6253500125914,3.8898275290317392,1
7.117792287384735,179.54994112051293,17106.196718479012,6.778781459575713,369.67399924285746,531.0514821752802,10.763893288296087,54.216134826282726,3.43577288904322,1
7.181623882748609,206.19842415780926,20698.6462719008,8.15921612100122,344.27242179850066,510.5921962058454,19.253762126612802,68.12808313933184,3.262081142555182,0
,245.82749500498022,13436.69510807606,7.016198125948098,329.3344282762369,519.2268418220708,12.283702969444258,68.16389966949954,3.6630978548712836,1
8.980792754493935,203.14926021246703,17947.506255961256,6.179095275798505,269.013739246298,309.12174669009687,13.512111967751322,90.90595350742885,3.5227658847098144,0
5.511646297117681,142.6694329115674,20237.798879536334,5.404154154367766,320.22278358545,341.27466241730565,23.336728023236454,72.74170586838616,3.640572108220514,0
6.959239052462795,203.08529112351113,12303.26173048031,6.500931695597316,339.88227122653154,453.66170356155544,15.22225363309778,41.32553373875986,3.484093153664829,0
7.8456133703229565,263.64618435289486,15378.973256929223,7.443223206526517,292.7384509188212,483.9976532064913,11.520055472410563,61.95629789957616,4.411366540453206,1
6.866087587244456,154.0448422484969,19782.309133875733,4.024160949275598,360.91249394028426,361.5992942440311,16.33056276589682,98.12019280750869,4.692145866207781,0
6.38175210942502,197.37794137417484,21985.470865205054,5.887479271070263,370.4418378311059,379.42315229045107,15.237242680331274,66.80993823888083,5.282837726265567,0
6.883333161044003,188.95356425324277,16596.303250437795,3.9652265692564503,311.91394346172046,334.78711019846224,17.50484765138261,51.76482821524682,4.6528654311310635,1
6.159369528300571,199.55454936014962,31141.237755215123,6.1450217307146975,,560.1862194789885,16.29550105447561,30.696340004048658,3.120346764348188,0
7.396242489343136,202.7908958387591,28580.35163485618,9.011757280173814,,387.82357143647585,14.26535847589906,64.02927724880756,2.924039200742736,1
,233.90507834147022,20619.3786752226,5.24593611686844,381.2915124373629,428.7284181319114,16.757227706691257,56.39296388380112,3.417640450119645,1
7.038449651874132,199.18937012258667,20513.160816540323,8.2309923984609,418.01383732640454,432.9584838595883,18.924405665715177,41.98642914779415,5.071365830947702,0
6.965374242372502,238.42183943227636,12159.137202534104,11.621143701153466,288.5222490479636,515.5341326406838,18.96479215760905,88.89618924548512,4.70925122740954,0
4.907987479184401,192.52912882592474,8964.164525061351,9.416590247386612,365.65665430683197,349.2407015777013,8.916873007453923,42.26552760370561,4.272888330499458,0
8.42341222881085,184.8805001362346,26190.9126014696,7.330951141018115,387.82553303913693,520.5954754054732,18.094240898647918,92.70666221330826,5.417664607506396,0
8.333897231368258,174.38387985802987,28485.19041075695,8.476326440158443,293.61383390943416,322.87936617776734,21.496116434042357,70.94888478423867,2.7175045803016804,1
5.04486810524411,136.61783674194697,24889.945607957634,4.9559011721498685,309.99000433574747,520.39019682844,16.839987965063823,70.89401852840406,3.975272006753904,0
,205.47320845236013,22959.54083494947,4.634004847611324,309.523988133311,287.60379352353647,13.235735491596825,74.66077521286802,4.944910768231834,1
6.48535645536037,263.9766094907236,18934.029243474906,7.165343012345442,,417.75190332905714,15.225622697388495,81.77897946596798,4.461612512926582,0
6.907050577043554,211.47594720270484,17335.38493234661,7.74980469028009,319.0464680424663,557.5353275135938,17.455771540273545,69.27229797750459,4.316006687667928,1
6.338967101831902,218.99398795191925,19759.163625325327,8.8491587691138,325.5910180545196,482.5382935462489,21.093928232165013,65.08292965154952,4.225165240163584,0
7.580396864052511,182.81126940702444,27890.625861592114,6.221355816585922,,460.2363769222129,21.234683864256272,78.5018755218635,4.16194895114317,0
2.8737025135870677,188.36143142709625,37410.1894100488,7.425564865291401,255.31339471391314,341.4880565567669,18.266086944611956,74.94495588775774,4.5101488506291085,0
7.227363065942068,228.79470496616432,16767.4995775352,7.3713962593537,293.4808123440471,366.8280594711967,11.07157856978089,38.292682532658645,2.4493477900525327,1
,262.4860207655351,16788.626450632117,6.9123973131891825,361.5350223550885,534.8271823393176,13.19763104294991,68.83728152662795,4.159458539231702,0
5.613718339536889,245.35348708771537,25044.57694404661,7.005489695708278,356.68493255290423,464.36503089356404,10.926309041643737,51.17445380561564,4.516199904851428,0
6.36362872449739,222.89254831805192,23431.26125524721,5.769566885829494,289.97635316701763,498.13213915764555,16.739146518795195,48.01082407044094,3.7080524044013505,1
7.387974060583069,197.55645406194776,25242.97940532896,7.561937705248242,356.97166074257194,432.1625400484439,10.758224342455236,,3.5657516031023895,1
,203.29975227939494,26477.548799906086,7.428178968708224,388.73229201233875,403.4360960917104,13.046596118535101,50.453446357203944,3.258639686271619,1
6.796867244300529,171.60960919081043,17669.2304203698,6.424781409789465,331.7703023011279,488.1462597424148,14.656945204821762,54.12871886257279,4.423580256073658,1
9.217930260076404,148.7552885491426,33303.568838050574,8.171923340317237,292.0704136865551,447.15572518404235,17.740400462583814,75.66668806220473,3.5506529154877486,0
7.434502829702843,159.32833402969794,20726.440994831308,8.743973909723028,370.02310621140987,412.46723191208605,15.113270567166103,75.41610287397876,4.408701447607928,1
6.2,198.03842113577176,23588.282864787285,8.190254547641231,405.1340808421942,311.9482298314548,9.409600237834345,72.13048935881375,3.925143546293103,1
,186.79345459906233,16826.914243126128,5.472939554304055,297.11379143760206,503.2757904234217,19.858367454927684,38.24718552216247,3.5772071262453693,0
6.8071971871053805,148.05536791472238,24051.4949116486,7.277440311641947,,461.7541259804622,7.999697834586992,85.52182273316575,3.546794963532241,0
10.536193476130006,195.1720608292637,23839.041770667172,5.679938130675746,378.93244328432263,377.21402642885346,18.902031556399532,,3.809922081514137,0
7.121970975650915,185.92364232507043,16812.244818441966,7.272556499153737,338.5758507994759,521.4836209175465,10.585636420812397,55.85415571881887,3.3329259130121383,1
,157.81327266115377,11555.419763380633,5.6860920187085355,261.4619318134653,445.90004992458324,14.873205228435596,70.58100806987888,3.338388780976694,1
6.560681726264523,184.2211105505997,13856.102533085137,9.137918073020561,352.15749355773204,447.4826261988822,12.03362196668201,66.76820976074947,3.778552387956235,1
6.37305740329203,185.8406462764323,11742.69526708657,8.35766372105135,293.277322456232,497.6187625605827,14.207970619267952,77.48417993908069,4.98129187070244,0
7.9286443381325435,176.11263809648506,17812.751902164102,8.941723102440974,,480.2314949206681,9.047689324302002,61.523547240444074,3.4528613676902467,1
9.253814780879573,226.88744842112843,25800.738550273414,8.781720902508884,262.2712331731881,449.9288979137723,8.768490079549505,24.489206937603228,3.727125907909739,0
6.915104549230844,133.79453860713005,24135.449974542105,6.692452455713609,383.0828619370592,410.96232767356423,12.89416746992857,78.64925818777297,3.746216054823899,1
6.974185662572665,131.06721320560905,24499.674446742098,6.447536605226667,299.24295139267855,586.48006366215,16.74288654330489,50.13738028752053,4.674591739969571,0
7.68929577755763,196.50810230837513,29473.30037116255,9.871923649346241,347.6001178622619,366.90889367418765,18.282853287158513,60.80082148006752,4.345629323520434,0
7.032921319881612,199.56258453100688,12924.578490723232,6.859110952727584,357.7687134259873,486.47452459072167,13.870279698863973,81.08726568380617,3.7447916117798328,0
8.510918089970236,209.69867797502422,24294.718659981634,4.9797625848942415,340.4993061783493,419.424179357116,11.39925878938901,53.28365188583916,5.232805155787875,0
5.597489935579203,178.66777157761783,37326.473604730185,8.711797439192004,346.0780302909224,462.94086109902423,21.092318244129956,113.32566457397203,4.74569450171251,0
7.022216209292617,166.2003068124623,28312.84246900471,7.347165555856678,349.57539081833914,525.860604124318,12.754982632241063,52.41120354236059,4.112752712519358,1
,196.15929923433623,43936.248403166726,9.499391715886793,339.5172442271193,401.0244631009216,12.759770547901343,64.97102283249504,4.121514775912235,0
5.686705238283659,181.87207934705094,36361.228055230284,7.503892091209741,302.3293961073166,474.8283764444001,19.158153110964285,52.02487731458507,4.051032199054355,0
6.878421130151869,247.43024921317235,10007.669538857655,7.088397649992194,298.6374414869242,447.65702826518964,13.613053445795819,62.765013290319615,2.753206498898159,1
6.2,185.73292347746118,15318.584902490122,9.53127087786401,329.45376407111667,374.38283926231196,14.634799830747168,46.76252851613667,3.257180215279487,1
7.089449715015773,194.65020850850814,13017.820696322698,4.68922317484156,,527.854399096512,9.804323861844253,66.28618222008048,4.199667576555969,0
6.480444307454374,277.8412567927723,28485.00047941445,6.195127558727249,351.5738369224602,483.66397389045034,16.556017666788136,53.14370368674003,2.819893002610441,0
6.3349697631445885,189.9923885405604,16994.962520557237,5.717966504468771,379.40831278063763,391.0883655338572,14.450388941341727,47.457522905595496,3.7280995754678257,1
,214.6975608650501,19610.107537869422,3.6517739498542108,348.0376819275769,515.3703772008369,16.456275051804724,49.12932644264285,3.418782996732262,0
,217.66358035841102,25063.019226146505,8.499618756266234,300.22941402854957,359.0212922740989,10.87229802592508,42.26890713913118,4.767474183195391,1
9.378990229660888,220.46311407832926,26897.05563473425,6.239278905906956,243.50014927015252,423.8621115588813,18.156956022781173,86.88884959066777,4.513138178135409,0
6.2,205.9241310320302,15803.2262522805,8.550481505801589,301.965999676596,391.5187141678659,11.908597440732809,47.70507130859711,4.299466807504714,1
5.045907159253484,202.77736213610578,16863.941295119224,7.734756656150674,278.13809903280185,486.90600871281526,20.325441876319267,78.32773851523226,2.774513489217272,0
6.598252948276692,199.70099813564113,16491.873655367697,8.079285097271741,,387.4415848729229,15.790587210534698,63.20495813675454,3.7476703833704796,1
5.505497295933528,177.44980061650887,7922.002302403149,6.400468820271777,,487.48543585045235,12.252296009276098,78.37768416511774,3.4845191362292605,0
,207.10956861341194,20927.08623235159,5.912487932503623,337.2937670245212,474.232379521194,16.922711701597883,91.4601531408403,3.7863373380989884,0
6.86220155947137,263.14244805126907,9616.051959948432,7.261822182847159,410.7285533412419,395.87986888901565,11.524763885575162,57.613979400992044,4.011500659624702,1
10.757708682442297,236.23143480490103,31064.725617795142,8.572285729626907,353.7995762562025,574.0411813896692,10.317014153170248,77.87075821058819,6.588106445241369,0
7.478872048331471,206.39890293119055,26935.997677001207,7.0403964313356875,412.8395255292287,365.985040302344,10.277297673345819,51.14059839434067,4.692676661846899,0
7.811624408097998,224.55680035768708,28028.004669186357,6.0109406102409775,,312.35166184661375,13.0758289645372,81.68866964411244,5.052740551744973,0
,167.80411260276156,22883.851211812813,5.225551415590593,378.74825917282845,495.37281024283004,11.954233029888721,58.086866289104556,3.684022485985104,1
4.353604068441008,187.82915012682926,26255.32806830409,7.442577564211647,318.94144595489234,252.52783838437327,16.532645454121685,50.12215795856806,3.435624862203769,0
6.897777020886939,227.5842598736554,28043.011011034254,6.244573294812911,289.31531567016737,546.7387995675157,20.96903737050772,61.27773466436716,4.427747538409817,0
7.8675711703848625,245.32780066477451,29230.36171132367,7.006649871924211,315.2130605208436,434.4217132233304,21.606309564418677,68.71364842752787,2.6238516677706825,0
6.419760387984593,171.03850293806207,21590.526424931126,6.742729524047118,333.3086014299309,310.8996059557368,13.85788034823544,66.96850044236741,3.8389775169585207,0
,180.48994461997813,18370.20647782412,6.417799059998418,307.79422220219215,349.5640681998284,8.737619667257082,57.66213478621794,4.450195453002065,1
8.94384068717015,268.16726361860384,24987.460333486357,7.584209626000029,292.35270362690676,294.16563501838687,16.169370605074903,38.691649807661946,4.549561038732904,0
6.748837220521769,199.5669951173992,14921.684755142825,7.996116452947689,351.0570804662195,457.1369425784462,13.016826636706416,87.70476806335179,4.031939548406489,1
8.089249861923197,256.3886089018425,17683.407428625324,10.225140732548239,,318.9853349838255,14.101284347805606,45.51088784244162,4.581220158849125,1
6.616828609239194,203.20560573837358,27388.96851351884,8.317588989201528,270.31343334789284,466.7687936802326,7.371069666503867,43.96064686388015,2.8690298564368932,1
7.876551858688484,204.49933128850682,12465.791641761098,9.638018080569143,,401.57020856255116,9.996273893379977,49.7413724076852,3.225976148940767,1
11.292479138721376,186.34934979598938,40760.95456126206,5.826611413185256,324.09768278590155,387.7905774708628,18.400519128516724,52.85720180301397,2.915058803761811,0
5.100580628521492,227.41006415568654,25549.29477551082,4.590507262251302,292.77594893854877,467.3551541224167,17.77883940966469,69.1128511716154,4.454166398899735,0
,241.0708814050016,24604.35321631222,7.0972001959621505,324.3570780026137,476.5797154339498,14.50690139749515,58.996188580490426,4.524660718947393,0
5.232263475495705,162.34842662836547,25177.402818650793,8.475683045755577,,518.7808720612727,15.366367632843271,88.87163499206741,3.6078722511120396,0
6.2,184.80437683194765,13608.382582274828,8.227835514691899,,374.990710432566,8.976989567069204,60.95752489764765,3.928471368813039,1
9.951778404031332,226.50608345191185,22129.869075995914,9.03398288427599,,423.7913954169968,14.714366774065791,91.81675518287409,3.410415938268355,0
8.880475102356401,192.13784981689562,20064.118344652372,3.112258332803374,,374.865567691462,14.370691188384685,50.22936109577073,3.5120444801166126,0
6.642497146192068,180.1676180852574,26182.4459814716,9.099703493917048,,439.369388024181,13.905063506108712,70.52778164977619,3.8250933902130875,0
6.969463362361662,229.61393686230332,19395.705581388065,7.650030949758832,360.94369512503897,363.31419343017336,14.681195284959077,96.7227407334267,3.8507420837057316,0
5.34856711022623,232.7036104350416,22817.608169966454,4.68045891470248,370.61272388244515,391.93298417555815,13.679650714487995,67.191452030279,4.5531674377225295,0
8.59105159971205,181.60677521688666,16690.110288000273,8.263175577831513,,392.34475881049815,11.126038188595308,62.49995302450084,3.665757849229726,0
6.178186534193748,203.38685877080343,25226.112143076014,7.387782471396082,383.5394525112104,449.90356427739863,18.119030990666907,84.29580051681974,5.48180722279353,0
6.405854575035502,156.64117921475074,29749.85196967226,7.72234229175332,405.388967752242,426.4387613525539,16.906902068691082,64.78372907063354,5.475643133076983,0
,166.9386780452508,28265.767132259345,8.698592457498272,,467.10916974611257,15.386221487397854,69.46418403251229,4.070782272634751,1
8.056700565905588,200.48503613718822,22186.808830846305,7.799835082120531,395.3437187150407,417.5546761626098,21.668078101090206,91.3589671503441,4.320771093766457,0
6.54280961764188,197.43328331137687,5120.404849551498,4.792936344417897,323.0132498392218,379.35598452179505,16.393313070942554,59.27035971147626,3.8270610107115544,0
6.453564612354092,164.58977658206214,29808.52966852698,6.894018493743004,376.02173606656663,441.6556580984038,13.640639479529206,61.337087532757764,3.6667108961493664,0
6.857583775260891,172.84445787652857,20030.423796132003,4.564120630055591,363.1349002030524,352.0915373740203,7.554181307004523,70.9695204013393,5.310219992503277,1
,161.3600402284621,24188.27867698342,8.14551777128305,251.94978144294134,472.18795151497176,12.871814668373213,75.69725558736192,2.5749646868050213,1
6.993656598585054,211.37146929244463,22312.263370039807,9.328792981702783,,403.1344128124408,15.181800249342093,60.43053644238822,3.7285010859635195,1
6.920092890505243,131.6646704288365,25341.74650621772,5.158505899167325,283.23868026475117,442.7251683037224,12.907476169905342,83.09069123404603,4.389244821799061,0
,163.11910914746954,19252.65813394236,6.059087258358792,,443.97793959957716,13.644682782446118,56.25334376135134,3.699350707042922,1
8.411175286206845,135.10922307631665,14764.301224872132,5.725856472626974,370.20364031258015,555.6048751383515,15.265781235723354,71.22935204389005,4.537957600543694,0
10.028336843419282,210.18577786692757,31546.067302071096,6.402829670337428,419.4471548019707,457.0319630862726,17.035063071814584,,3.949146287717144,0
6.793781130021488,137.09006620320034,17061.906165960103,7.7716285899542115,323.1323583054592,432.11609140803756,11.824119876027039,85.68518007680841,3.904595098073262,1
8.012423841267555,197.44389063181927,10914.96059319945,6.419950787080169,369.16208594616813,370.2564377552752,14.243512885334377,36.659498585495136,3.7858399159077676,0
7.548846524316634,250.34034011809024,25320.90615738673,8.15099767286446,395.2634881523968,491.03272051838474,14.104758321649443,,4.876619403837531,1
,251.45597798381266,27636.355974678085,8.80330003672004,342.4249323875663,404.36739395066826,16.107222571443636,,4.319579149320004,1
8.426297024886107,136.9856409740168,34131.372345582444,8.860779632900257,332.75203911251737,302.9412042091428,9.954098860119405,63.42129076602858,4.419831805935114,0
6.520277282007864,206.21767589365845,23655.017113351478,5.353273869315957,323.6285197914774,410.4368716412845,12.513463906046601,84.36144424589554,4.178685271854494,0
5.555184059979438,163.86284434908305,2645.7817839153613,9.309767732266902,356.05493772328595,441.6723753849517,15.163087555341603,56.02018830729483,3.633695891550852,0
8.142573841246719,157.1458244251325,25894.131079000756,9.436394210104458,370.01233367134887,360.064739629663,17.69099280936802,81.55149072900468,4.216083594233568,0
,192.66683850056657,27089.318429112674,9.573234291354726,,416.6510313471334,12.787926329392851,68.23510069516216,2.7073906910039636,1
7.468399884666352,236.81077906309983,11201.698564466213,6.870652584846041,351.4969713388183,420.42418679875254,6.607082024491491,89.16841803446526,4.7469436407299685,1
7.225357566741086,216.12877696184978,20341.17250313611,5.932088892169761,331.68019988999066,421.68264214251377,9.899616834009084,74.1094249380978,3.60552113611251,0
,172.87186345291323,28634.3771249103,5.564898917461466,267.85168266198707,525.9590630730088,16.428425097222405,37.92179050809893,4.728810965867042,1
4.197005567375477,219.5956185147891,18909.931727680203,5.379187779211786,370.9654584945231,320.2261248162753,16.027792077175842,66.06490015074954,3.4810901396183076,0
6.276667715491364,122.58199588109277,17191.605266165927,7.138470842530492,280.6165200479453,590.5312387021936,15.873918355901909,92.85338020249354,4.115769369993387,0
6.742495655385048,171.62808323154638,22991.44998683121,8.459605933254872,359.44256558235304,423.54690612855035,13.519482266471046,63.654682757158895,3.63153104867036,0
,169.29396817932886,19590.707528912157,9.184362336760003,,473.08106770335894,13.045772232621122,64.8534710058566,3.496951170690812,0
6.832204735096516,198.97675075821084,16994.453220616484,6.352819756147485,,436.5291703362587,14.260767499674897,55.90800424277433,3.9209984686792647,1
9.715297629630042,189.72695999558601,6561.44268971034,7.058872538013143,308.6370472689466,286.73729540137253,12.522866905177164,,5.008856918361983,0
,191.7456010199058,36284.64492343344,6.955383665625716,,340.8285254771412,15.592822061778662,70.88502841757303,3.786625519682981,0
9.50903234398843,190.65172745950804,21878.60226836285,6.11625720521308,330.5094353522076,383.83850892526664,19.043865319617233,82.69167018189415,5.686857415540349,0
,197.13719822854097,17246.6173491565,8.282484257021778,283.28315383701096,506.4925613038507,19.292245713218392,44.172050657936126,4.652643117866313,0
7.259109372950992,214.17030881292555,14214.79323718616,7.693300229664697,366.9564005241199,314.3468522314231,13.004078541473623,42.31465208387998,2.698452588879192,1
7.546182694984264,201.3129907587684,18314.706122620686,7.344080616688978,301.81124648927033,357.0564158950805,7.356921640115637,35.92499267014407,3.651447665825136,1
7.054636889207648,187.04482523371004,13479.975015819355,7.686122593929562,254.29030547040045,439.5199478944831,11.166068784735335,84.43037861426623,3.4224021186353255,0
,209.61751840557733,31521.954640802753,8.092412971772825,355.3184592891237,464.40680098086125,14.445576367658834,70.67128676450587,5.105795668921557,0
8.634495389966759,223.57946458617593,25317.899046741124,8.076590490226014,295.8520224265785,461.97184684798526,12.23490505081556,59.03437745691685,4.054673192141537,1
6.922666113073477,178.1067481952255,11864.896293583013,5.795185869327465,347.09719736800895,346.69238681112375,7.422715691887172,79.02939477258296,3.5108734250254474,0
6.924802458783336,194.44565016086898,25472.879367650683,8.536199107013855,300.15463242256214,297.0822980965396,15.482145088574098,110.63982716539715,5.79734538286589,0
,234.6267259242327,18655.33448220098,7.523478465935284,,469.75601917161305,17.19176772045899,,4.312264109086383,0
,160.11917371790398,19208.513224657843,6.433306411931181,341.39683063868574,541.9964144764101,20.598364149438957,48.435666174405284,4.581182292808119,0
7.826382703694691,255.77470225682055,23283.24928819644,7.490082912484949,226.6067644170982,398.2996294776446,10.561116032835523,74.07985948537991,4.397758158712689,1
6.285763062818912,152.34180133106798,13716.184455728951,7.664274413225584,349.61531918516994,333.70933205369016,8.847399144364282,72.83334329005861,4.146309885764056,0
,185.03750429136417,17712.295117020127,8.829218194119315,,391.46566994484067,9.572790137403029,79.48655903080098,2.5992089356882193,1
8.8,165.1387491027792,25363.661068145822,5.467074106993415,392.45211038669936,458.0402559294862,12.704296650969367,54.28784428959352,3.250082044016017,1
7.685611133705871,268.3827981970025,18306.96539104423,9.213475278773625,350.1616049492563,407.362032932448,11.291790273067814,75.55726958588181,4.346000196909117,0
7.776565212772842,179.8397840509287,24283.71771931515,7.156602842969527,365.10493473137484,539.9012462343968,15.604478806564696,84.49168046554685,3.9252567749787257,0
7.521490103272848,179.92232595021127,20479.024065316044,6.320277863817214,,500.93763412786643,11.545696032056856,71.66463048770804,4.463710667436893,1
7.498943328144426,184.20236645597666,15489.19974122438,6.271922202225728,,441.0945157493035,11.736713472329598,59.133078874186346,4.726147295940409,1
7.656890853511591,199.54533237971097,14543.753019290547,5.537838941818724,,268.2907097099476,15.2449164631287,70.07031979727651,4.029842831231041,1
5.795494884266111,185.5942654740416,26435.466150315435,4.369354483664346,,370.2650987896375,9.435640717338817,60.23992000350572,3.33306289426217,0
7.790852244829582,192.02802412792306,16736.871427811704,8.190291810967542,389.1935747614974,381.91979603127015,15.702742527979566,55.22216181789578,4.408723821162624,0
6.423544496136458,80.28899254551905,22371.643910951338,10.249800512666704,,365.87342868284213,13.841159206346111,78.73989109105875,4.496532938853177,1
6.554050034237818,198.2805586044601,23336.12317684457,4.564167748839412,283.0923795506736,441.6183587666859,17.28050890774663,43.13290132629672,4.991079460974685,0
2.0,196.9858378469106,32640.317094219008,5.618323892830034,299.53815017328947,443.28452014764656,10.615492966164293,45.9791113032999,3.107954010470384,0
6.830390821778496,230.56891343486774,18922.375849290787,8.307501438849627,,290.93475065305836,11.663007012962304,59.18365862943585,4.045932826154108,1
5.97906613929207,239.46810519839232,8405.02870898381,7.047893684299152,326.87554594751487,491.21152341454103,15.56404879516965,62.345449793670696,5.429402750124479,0
8.95007841627052,190.22440478020988,24140.444750877334,8.438382402794735,324.6625328068799,427.5027954711676,10.857261727447318,67.49473910219119,4.630966612508672,0
6.78555812798152,223.25393678707314,9871.463926104547,6.959281573424838,377.6917653656168,455.09742621149576,11.295094459535608,77.6161285451626,4.37600509277407,1
,160.15838712336588,25430.130451486522,6.202608551159123,295.92880398096656,486.38196785737676,11.780910145667008,44.41110432611198,3.8443294788360993,1
3.7045690624074092,221.64556307470184,15167.552518679355,6.763169465136453,241.26370124510854,364.2288466773146,19.91399054128406,105.02030766202566,3.7486280471395466,0
7.024594315200737,177.56554620847243,16138.074799629057,3.356298712835578,,527.9195796967182,12.382411732707078,71.51940249605101,4.061966553091841,1
7.114113280789526,157.4234532985212,14199.500364892952,5.313294733875425,343.82248826581855,414.7430805873564,15.823261323610671,40.387566969647374,3.733439009299117,0
9.911996306952046,190.29413248708676,26679.609373481955,8.61828141126555,323.4702230580031,548.4138159066083,12.859775898615386,75.2689028275482,5.7045380720009184,0
5.454835389280087,242.47554351280695,19020.111047658185,9.003201753802575,269.19821372850447,353.97025922928106,10.766505168950044,57.01390332318984,4.917915996431104,0
,202.35508215844487,12640.37030076655,9.34174236704586,375.86486459795424,542.410325840016,16.46202392735587,73.33330764641642,5.089043508033315,0
4.42236911126695,245.6344600586187,36780.69032466488,7.816573567387892,340.5687735678962,353.15809083110133,19.852774257358455,59.984342981362914,3.9065975376821136,0
9.991739169160788,171.76669371546006,32940.85038615238,3.5554111786276934,349.9052083611386,632.1415279577317,12.399736317793494,87.30861489718674,4.592188499372568,0
7.2495208663414985,230.87430133962886,30644.83753592156,6.116689683884316,351.17186475503155,349.2918319185648,14.79374553468995,76.98826245543302,2.955843914300972,1
6.741668008706434,174.9439347749045,5843.093414587893,9.212955968946838,280.04109622181437,511.57220701279573,13.561243668748308,87.20207478205606,4.416971820702102,0
7.932967326506895,203.8133132919948,9679.070103917024,9.684425697120014,346.3391871401809,396.9185467256458,10.076575624083153,75.48803349603524,4.219389222882172,1
6.9885910013086345,203.52886506289477,10192.932783980355,9.272983433951445,,483.9738086002571,12.467507547521334,67.55466217753616,3.971547290730501,0
7.77146853186698,218.16307804610528,18235.03982526992,6.746721105663717,,422.92557457624605,17.32947373076624,44.81719097129479,2.935970648874599,1
,204.64936639508267,29837.842177527476,5.0556101308121875,363.6603016555363,338.02858567069273,20.54422399868251,94.25272549161578,4.212868545005327,0
8.156808949826415,172.0808287056622,21493.69858614404,7.055802087865599,,200.21612328915637,8.419758358613468,82.57386913062648,5.063543498598409,0
7.033560877810302,225.36209872384535,14600.156208925408,7.143395088803815,261.87075963850486,628.8127303323857,14.79583877427015,59.015740508139075,4.218660442887382,1
5.236305408256195,253.37150195330548,38455.45912137209,9.593592415744496,333.1817053750127,432.100357429693,19.59957627980079,93.45201417286471,5.479652811818104,0
6.66760353024768,177.19286740777372,12672.042357358629,7.4799102541930935,,188.362769703009,5.160008826465503,66.3815393882337,3.4646610259619353,1
5.6701719442341005,136.02086468495844,30055.195786139597,7.146356262631619,386.88175031257924,450.65077540236445,13.779806690435057,68.75803993660698,3.9062277924073747,0
,212.82761379883965,27044.92247661298,7.236122334066665,,481.91860184761,14.849347080468151,85.87093846877768,3.003902183744566,0
,185.5041650356843,14492.304427658346,7.751776951025045,294.448107236184,368.42147269206896,13.907778725989877,56.28587490384109,5.517053991691456,0
2.877237706970999,192.08671603907075,28868.682801212482,8.109775335977279,331.896503194571,368.9649533373887,15.938603085187513,54.54186460759955,5.527734234476069,0
7.967397806790296,214.6982481635503,16092.464982691363,5.975230854251567,344.0882909611942,424.59677875916935,13.347512779842775,68.42426038582019,3.9904923975765367,1
7.7072016502551035,181.38468905873782,31893.97326325887,5.448959776491602,371.092758060046,523.3696138455837,16.118136265789808,63.68020126583446,3.1306821316054583,1
6.2,187.55477014279322,20503.591190556526,9.285482463819424,,434.27677768170054,14.227247133666323,82.72320109023029,3.4226546781854816,1
6.798842482585752,193.1060678927863,12080.242429870565,4.52715475479162,242.32163620712203,544.4286045908729,12.545704357710793,106.9930010108307,4.46032935931642,0
6.924529163986038,244.75490455970703,13958.043728417997,9.707640985543541,335.37934834881,517.6025091404435,11.90421121681733,43.213132845283695,3.9891810975972852,1
4.087595943862862,197.38928997533685,36599.82306739566,4.101127658339154,228.99934355365718,407.7141902395084,18.804340978056878,50.82300351980264,5.64373631810362,0
9.970935331771079,155.74633919118781,28210.3165956733,6.196425010126987,340.3648977662195,299.30168025719183,18.946489649779366,61.998983117725224,4.398473026383562,0
7.269171132652069,157.0555979704573,6699.601127638165,8.655529273521847,358.3174018263255,407.8849962252546,12.922833839029645,58.516362907244044,4.240315561613159,1
7.23589651174999,200.98066442260088,16364.109520802871,7.120540184743672,384.9737082047698,468.73977795191763,11.658068360781396,36.85428254265383,3.3472999369462744,0
5.180167392187207,159.24181877726681,31844.435567256987,5.039966650056291,308.0256743980019,431.0393928914611,17.436134379369136,54.95115431103346,3.00468955262868,0
5.572598412141338,145.0002152801951,45494.486446795185,7.793756483519074,340.4729201499955,477.4615264006566,13.85227148918408,52.39914829680808,2.9965649846485984,0
7.710757396327143,217.30913410172894,7450.462175566196,7.225866860044761,,495.9643340728974,13.617127849695951,37.527304549435996,4.460964265153328,1
3.3101445830395515,218.9199974543784,22132.637551810218,6.778643704261675,285.1251916516456,469.0933711160035,15.280717215214992,57.97099985630686,4.12387330120376,0
7.805273076356635,184.28830803489222,15744.757991168854,6.1342027805630055,371.6953988269162,403.9534528325721,15.331805938407616,71.00810774795647,3.002452118504065,1
4.811022415117043,206.06139067889123,29428.92530206728,7.065322520741652,345.1577722644247,468.20658477935456,20.438028140728292,74.65800100557013,3.723691196357312,0
7.3544123208463414,202.58920209403198,15064.184111029379,6.200563853115279,308.73452190877947,606.8271259075383,8.99622494044127,70.04198198788411,2.77426366720275,1
8.831014084827329,216.21959779838292,20097.621462935487,10.966561616781672,339.65315569013967,305.81773149778223,12.740880412180907,78.80580857500843,3.627972723179822,0
,216.2962718396194,25010.84606737428,6.740772900129499,328.0315523135588,465.57282732483,18.342923039403555,52.1828761654282,4.029129368400871,0
7.571378222578376,110.66955547035427,17931.6450563586,6.529464012965805,366.0950615402616,574.2258654325032,11.34544677561401,110.55474880288575,3.116050884260795,1
8.280153375078022,188.48758426592923,9881.271679701249,6.264214890129294,318.876952267917,331.29312831637725,16.69993812633306,55.917735386513165,4.849275644549866,0
6.725119176620045,213.43904779106057,24194.969621694283,9.927582331684345,343.20154642588477,507.08888742114993,14.420901511921915,88.13637594634687,3.655042964883527,0
7.196178497712271,182.89597815481642,3594.7133969490405,4.530274332925005,,517.8851533609834,17.85187657139569,76.88221504659457,3.0573546552481012,1
6.079277186257559,197.5910668316483,24613.98463339081,7.6879032266010805,294.97330647816227,306.8708306833638,16.385912486350882,98.83104078295567,3.5119155626347105,0
6.664826784509997,221.09802939720876,18858.228834674264,6.74192184443528,,483.75882652498984,13.195546947514714,66.80479454672366,4.768438803641284,1
5.082657954204912,199.06244017399615,41290.47888002511,4.871027834665621,296.67381858543126,404.2776751861807,15.969441731609113,91.1017699675825,3.7111409403577196,0
6.961889638450297,246.01054882702712,26694.108426029754,5.825859401976277,,421.31597964200387,17.53091619694643,65.69597859727064,4.621135263037177,1
10.813555208745507,233.4778477000489,7147.4704293181785,7.620787310371216,358.31842683213296,399.9436582022483,11.04576340763358,41.18310474607641,4.902786657530918,0
,192.49923936723982,30859.888731549367,5.754258712943382,302.1242615073631,532.2652785879181,21.758219809574324,57.40914179591653,3.1021991234302115,1
6.541377466457688,189.88428098315478,21531.607138476094,7.530111006587668,342.65050987954976,417.14062155172627,12.976466547331096,89.95780284910828,4.060484795086003,0
10.919696677118758,102.62433693887512,36437.11356939484,9.852062101324435,301.93442412617173,388.7642664002289,11.441616652643226,101.38344833204658,4.357921565696919,0
,185.6580777223017,6238.876964580026,7.38954907000339,267.3814498398106,390.13285852194946,11.673099060256625,63.89207156248541,4.861700905954281,1
9.547687068259116,151.87745342982367,21903.170789911816,4.823450283931297,309.0748780676927,398.6480115641616,14.131834299789574,40.3296722565712,5.440070010556408,0
3.592486780442081,203.6784519318205,22572.25543664252,5.782061906281914,331.7168832681098,338.97352998961264,19.807623536238758,88.12244957759818,6.5367822586307085,0
,201.42944639584806,13890.250685325911,6.669058932782486,,388.05156814838625,9.627884690054053,66.00560994311125,4.582324118285303,1
6.86381199885081,219.293654373281,13520.362973178253,6.563468511988439,339.98846912147206,435.70770567603626,12.329960938738191,33.51098959932545,2.69075814229065,1
5.634690448057346,242.3504585270955,16284.039263619346,7.360181875283151,,458.87401873458685,17.133597305692554,73.37372577919619,4.664329303279084,0
5.628814264069738,195.53573576379225,15340.248887503802,7.613659848483346,293.17972050335385,523.4863558736987,10.085938228749054,63.87323139491733,4.580153161555634,0
6.7482919081990955,271.42569666227314,6854.389224585055,9.854234169087796,318.2046867404366,445.6710950829739,14.143213095222379,71.32634498128616,3.1131520137744406,0
,204.04765254773486,20520.04999267955,7.114122929161128,401.8767814531259,387.862845848573,16.287078881181323,64.85524706235148,3.080348985469398,1
,153.29388064672278,10961.592724864826,5.299532773936062,253.85328580783587,344.50796849975137,16.69279802815123,63.46463874143375,2.6714810960092974,1
,177.90783530887705,18222.455147380533,8.943013685792735,315.08909173466384,449.9945399691734,15.917687013217565,,4.433238212880914,0
,184.13663355987265,14801.126976434827,9.115578831314018,289.44015056262634,416.7164409147667,17.704309681071738,,4.1726959980821015,0
4.853267038497959,215.88098327294617,25321.3689197422,7.487260088529432,325.71050606388116,419.3871666836547,12.822315367286937,,4.878411015428394,0
7.3350428777623415,165.23547828245603,16717.15207697455,6.730696855569841,,447.4123849855663,10.768988616825197,43.58085011486537,3.786930168147429,0
6.9722868672316585,186.59659345557088,31275.842741086766,8.103623316027518,358.72923513692945,468.16663776457415,19.688734706954854,87.43319251252922,3.693721930487586,1
8.071364710688826,191.10177476180874,19643.885642039186,6.786493894386343,344.3785552995535,447.9946061102268,14.902799836789542,58.342837262595474,4.290609504270861,0
6.8970131915085275,181.6568254281326,19904.04876595223,3.8719798925315745,,412.4221372578281,17.091603848609935,71.10932695962133,4.63444747746682,0
7.10934309778458,223.09556605726274,23742.430768241466,8.010289367096497,309.4500901703858,361.4483502332907,15.921962703216188,96.54216227510088,5.733761188599836,0
7.501353786979303,217.49947368051022,19804.65730180018,8.529757333619832,333.7951541661966,376.68699067481634,12.993263993982806,60.09075948286397,3.7613178806369842,1
,234.78005874492024,18637.97597490552,9.39691782399934,364.4103685992152,494.7393938701347,14.515363895102215,50.8995923694719,3.7601009006150874,1
,185.50927154144154,19179.038564154012,5.9654016601349475,434.524390185749,391.97423193754497,12.003628818104506,22.58714582283718,5.449206023719923,0
,235.963156975616,14113.032145597244,7.477341199060812,362.8957456627543,317.4397423710531,21.24116581218109,58.9936310129507,5.196161503149169,0
6.2,151.5244958713552,30648.996136479444,7.5115233014077125,291.8825032892513,519.8936342661884,11.035868012231813,65.8937151901595,2.4326271943264564,1
6.899317750597595,150.7221564974337,19387.666631416563,7.254904444332027,329.91480642647326,350.0558178277498,5.829743646804911,63.07804704227892,2.822294692811846,1
7.700162371961289,156.4659245275991,22302.12384549082,7.30147254049222,341.2924144743997,429.04796598760737,12.985007176819568,60.10629096471137,3.9191006692863493,1
,196.70306468759574,25014.781217504464,7.178674904295606,312.29721796777824,465.8859772849237,14.754145610372671,43.22028041430178,4.738051379787612,0
8.365038188430379,235.95824003540815,14244.412086955655,7.4545640545008505,353.26867316569013,426.46004474345244,9.754112664154846,43.45466224344918,4.154444615997586,1
7.522441110115144,176.58952554695617,34341.09055451381,8.290276033712658,239.76498854021986,225.966458026508,15.777985956907058,45.946706000733364,3.7533724466129197,0
,180.71678697667002,9906.485544619316,9.04805428884322,,457.7514301258235,14.965735889453043,59.73771726726448,2.437122657450516,1
7.983381717432974,189.2930092703228,25420.42886001236,5.924994775304052,314.07756071137845,533.3782306101333,12.783114093972415,86.45464364161535,4.73755789679868,0
9.583955011208841,215.24604525945384,18406.70583673309,6.8477638594346715,329.2582034078053,489.7518040223884,18.97277799427591,60.35156780138118,3.463572260601147,0
6.2,180.68612751963454,15227.468579470384,6.452279170577501,394.4809296756971,254.58128625476618,7.64395937043643,53.60171785260679,2.917264188408704,1
6.982695587648725,178.8505820845471,34808.83087261377,6.226237675623907,,598.0813412986182,10.955934616919142,58.8610182657712,4.414568540947734,1
8.68023642963725,152.136495835532,23030.109151610563,4.5666703638164785,345.0905781341986,319.07119460370785,17.101464123928757,29.36039483535839,3.9447139618671043,0
7.035459765645131,177.59037544227272,4718.988681612882,7.15827148024768,366.66835337086695,339.06370766072075,16.20132200206199,,5.631613505587832,0
7.3347767543787015,235.13849167157244,23931.146638008693,7.877326183881555,340.8519293730529,489.37570955781314,13.87626969055733,72.61622173627094,2.954170408795211,1
4.673659131421772,199.3914656789419,22875.673879380785,6.874942391999782,266.97243855146473,462.78958923209916,11.069208118408056,104.51678320152391,4.577284465831511,0
5.759989978048873,172.0587866128436,20396.633493640507,7.105846523692605,,432.6910765033765,18.92910579316393,38.4249114146306,4.312961110762386,0
7.277865604184987,237.06913670278195,21421.74385977735,7.781130346096428,325.04994231317687,380.19197563052745,14.179850285498057,52.21954208093506,3.740445542227463,1
6.482700811356911,177.14647578221985,15332.126598938134,9.349569118358538,,533.7332236409692,17.74916040541933,78.66652285810929,4.422354233128515,0
,243.11653856497313,17055.065652846304,6.456772043353603,,423.0224713053235,18.652266891387196,96.46450556319651,4.040246310157115,0
,242.57866957291333,12665.386268703602,5.268852859352455,317.97913941236885,299.68198562233613,12.962426182319403,58.792128996506634,2.8922968023031035,1
,198.24278250772662,20302.772235373355,6.97710456775009,284.5265615481593,525.7698359582598,15.229602751915536,68.64992990954924,2.287554360227598,0
5.122106921549732,147.0977205494715,33628.353622061666,10.096026796124514,340.628954263601,443.9182274317477,14.837985926501776,102.66160549939248,3.0452709236926867,0
6.4897247585482525,271.72457024487534,25878.75560688692,5.285777117683147,309.0745534723604,516.2925419488679,18.515300987000217,69.84747202065158,4.290463270008992,1
,209.14138225110358,9996.147079803459,8.14721439901685,361.57477446700295,472.4619287752306,17.651444543846438,58.093666880224696,2.4389613357052555,1
4.642422490671359,185.74411688669258,34574.57395941088,8.94950290227048,,619.4431178934195,14.462674913885042,58.15125391386252,4.644652597214218,0
3.7627622577944915,227.85660839609935,15382.810965200799,3.3824559333570687,401.10271364702174,401.15440203918797,23.076492805087998,94.3701686584114,3.337536622082022,0
6.45359366282832,219.50576169300234,19278.26495418776,7.768151587301407,325.03838786437103,427.5003338987545,13.201438062272274,90.31092021041539,4.028552120473586,0
,239.5298717112639,8530.604852223332,8.07338880657549,300.5454603067446,484.3623160319512,11.11545027010883,99.83319681439261,3.5521016462378645,1
7.744483086378635,174.60875775243142,15587.79013982848,6.69761038181983,,401.653583306818,17.767288036580446,65.60856426323929,4.361199178315932,1
4.107635660066421,206.87777528027752,19520.395405758507,6.098627073478247,,491.0531268734875,10.948143048018053,68.9404379253988,3.0766733463391915,0
4.999001200100955,157.3848694249416,31890.68239772618,6.186753483012112,361.21127105576795,188.04902426819586,13.793603419308488,43.920088526905275,3.509149533158254,0
6.56988292003879,218.3224016198866,33181.436383730135,6.600861776516519,,420.3191129292853,18.210384201491525,43.99249303200037,4.146518593234093,1
6.151586441595826,195.64509733926553,25582.31225000036,6.642688269933313,403.8966206956594,417.87820853175026,13.23405551583036,52.27024529125785,4.116377697648041,0
,205.64520450551612,25081.503695089898,6.344572272444307,389.94512269288174,414.9514107501584,19.509463927654053,29.17998209126442,4.905281541094668,0
7.621529158147524,191.58509408564854,29294.4948275013,6.575729100761736,277.85711139835735,355.3443025605176,10.354026604842623,79.71937873602391,5.075678264197131,0
8.306423820850807,188.14246780264293,18534.07262009615,9.001451081677672,302.6061401715236,499.41472535454096,13.135482031885486,77.6579687578166,3.4955583512512183,0
5.856088662426743,167.83519437491591,37156.92245636354,5.201202529314087,328.3217514103607,385.4408582392275,15.766831074836023,70.86254017360397,4.380697752800728,0
6.901487055585114,222.4051540631113,32785.25962674828,4.356487691230887,289.4984770255188,442.38217152581643,12.740683115277216,49.83011022539175,3.4483269591045596,1
,245.4112628087933,16341.341502246194,9.026720469430218,,423.19717791108013,13.231669056271258,48.37094556548365,3.295856607206741,1
6.702547383344003,178.0856109918582,14780.60687261411,6.81661194024188,363.2752245826072,466.6294279945868,12.95290749593286,50.037118847939055,3.59861725891321,1
6.069648115540997,214.61148261354901,24183.425754508084,6.5065929778775935,276.94700046545705,541.821632551434,19.5390249912218,67.38932183914852,2.9083855946534234,0
7.921116563264247,210.61884125132198,16068.831761176825,6.944276944502383,345.930222686121,441.9643915012401,17.595963073090005,92.85057804472845,4.167949009419641,0
,196.66641799337745,22018.41768392052,7.4506571872310206,382.175816182914,494.1848797316246,20.76656072715442,74.62212848861847,4.930320232627235,0
,146.17500037230081,35903.31907997478,6.291999061152982,350.3691179057996,437.90550988463866,16.31027515275738,59.96010329608154,4.063009715866512,0
6.772421277060849,153.57744714846152,8017.46571608154,7.919371181682739,330.66948291210423,385.3145379307396,11.229501774343644,69.78618271418156,2.911921796184195,1
9.173347108553951,170.70569380711333,20161.149708154164,5.599625133381943,306.14058715354304,414.7621510459567,14.38733181972689,72.03232604987143,5.238334154819248,0
8.579956703554295,126.02674459448346,33220.7990909259,6.643114638998286,368.1968535049132,403.28977558103674,18.094447848602684,104.71708789369669,4.831381407148385,0
6.415899154119441,242.72421101389475,20046.21507864059,3.620779916650091,,472.1075002590984,11.517563729190535,45.95561288363892,3.684995181442051,1
,208.49743624001258,18259.214968670545,8.972134673084765,343.8515809793381,434.81748501535003,10.31493673617505,80.20127050527549,4.32512586610712,0
8.658724780648777,195.4142815076689,16926.194880615592,6.841781439435786,334.85635134840726,362.02342172899023,9.115402415144981,62.79340671290732,3.9077509364483727,0
3.143170421802011,124.34124154608844,30466.175400645774,8.17876446494471,380.400296485082,408.2654490596532,18.516922581034656,68.73507397230473,3.6658196786199375,0
7.269240748167509,136.39464886982884,20634.089263916838,7.872987843140675,309.674201291748,302.9059307146522,16.926035459950125,57.19751653313919,3.6961306229385507,1
7.1097192889274075,196.32296832864907,25026.893779378384,7.988705772986689,313.19373738762494,411.28406235704625,14.368390815136008,78.5698301697799,3.478332983315056,1
6.2,261.22911986442284,25874.952593276146,7.107714664852533,282.3867943558591,426.3055141266633,11.492850313520583,54.463303758992254,4.400225949404143,1
9.472287538906905,173.4146059557756,15897.260673865463,7.733399280527896,351.90356896845697,572.3226145911839,15.836983890908595,77.47011422696175,2.880728163257463,0
7.644918021509111,224.81895467416922,32014.13237653611,5.6011706280731275,316.2540240984649,535.1549265162336,18.47401334005574,62.25732017685227,3.0191162866650627,0
8.820484629610897,180.6112107874938,27540.44699072182,5.269537881157023,,342.6467725101722,12.116696466949348,60.735834001628525,4.965694457268444,0
7.305165737897265,198.2173716306037,18118.04657634757,6.960252625061697,302.05380655956054,442.5029690820078,10.414611390169192,71.73655516073967,3.0541856445006355,1
7.6356073803210895,236.36309862857746,15900.857622557876,6.04595331897469,356.03616755356444,443.92027338106413,19.596743314377196,69.30526210791514,5.406637185313546,0
6.4816066258319,185.0181913675207,23392.19512331709,9.372233393734094,288.1374353114652,407.58066189660497,10.90147984402092,37.596931319750205,2.6421481787830574,1
6.992957166892297,173.69554852508483,23521.293932053828,7.712728198305234,291.8135290498411,412.7315671895977,17.44625607024515,95.62834998112953,3.201118843214852,0
,243.05452123070472,14595.527925074248,5.987959403609548,370.90936301641966,397.6008607419905,12.624819856098743,56.62608171520212,3.4085424074469755,1
6.227067101635361,197.89885231463728,23259.2977335248,6.6909661071611835,326.9226081606599,577.514845740171,15.748192673191049,49.15379188210847,3.8305984672685995,1
6.376912496512096,232.30064748028477,18986.644239684396,7.330150399541197,,392.5723123225373,14.991078664695232,83.1047960264185,4.177958886045446,0
7.1716047077422775,173.8553114076438,15949.37545270809,7.012555329284711,,453.74772120282086,10.605764608671183,66.34667887058833,3.6806266331147945,1
,242.6795814748161,22716.209611768565,7.549358732036139,333.75338776497944,221.85436519468328,15.7149374475961,,3.651744689635972,1
7.368233357164238,205.40233733218872,22149.509276997556,7.228474180250447,,492.74432537870837,13.671174570131761,92.01002476316668,3.0178630665398893,1
7.597574316083791,210.70451290246228,27515.27728835607,4.922762337417273,391.2336514598785,521.8877884259969,15.825717708772268,62.45610358287238,2.781697595404471,0
6.307678973081352,200.73060434601985,42134.083327076485,3.721570783343821,,341.19597364866974,16.31424762877843,84.44702234923918,3.289733968580484,0
8.548964590123713,179.7698730923151,20678.306272569487,6.529697709070654,381.5440133811627,384.8395505928557,12.101437405595732,69.64746268365408,4.340854935492935,0
7.23978203990897,196.34463553471542,19981.62537986545,8.005578474055405,307.76689878467477,462.68148442621145,13.514241633342728,38.228919035769785,3.1113490113456863,1
6.966281793984553,181.83878117014984,25061.77802711548,6.547456925389546,292.9452558275348,427.7724241085257,16.07480882962317,78.46882658624176,3.4325749824147143,1
,227.96906546101346,8507.206500475202,9.073771299180256,365.29676657072156,463.8826629139532,15.545740282025388,74.7350177412616,3.3813217380980145,1
6.2,189.71941920344102,12045.58647245342,7.04591901510774,390.7978516752538,402.99092198235866,9.02689811154248,66.49298676968505,4.463755617566762,1
3.8857323753508197,147.16491220558072,29270.874601655814,9.264369781518127,381.94069550971574,576.7518432737629,13.752449070153139,75.42691957968533,3.6791075200031353,0
5.871005862590873,141.14695911885258,24432.1860958414,8.940007434037604,334.3402392536036,372.084997323168,16.258928216058113,73.86232972898026,2.4912355034287015,0
,139.59097278865804,17609.58228512876,8.781033246975658,,643.6792368142958,9.956360427155534,62.789282175923866,3.921545304764142,1
7.144038483570697,216.73123792352467,9397.15628628674,5.218451617952939,,526.5474525218102,12.434402153841354,88.89690072452034,3.4038337298201826,1
,158.51550815581368,24428.548179100213,7.147082255397659,339.9662315631074,493.43491522065324,13.612031293712167,33.20358002189869,5.581035052295363,0
5.710447119212455,206.27282202508886,22630.551353050523,9.051982110222056,341.7642680641118,342.12940714393017,9.957033939174206,17.084100890395774,4.078225357607755,0
6.712061478016636,200.8933016254675,16651.948398117063,7.550304665117701,337.86528694363614,499.70233660255377,14.132321186790437,97.8289763964627,4.461758487463557,1
6.446500926179392,194.27108722746834,16054.534259660237,7.99588864989837,301.17280352225345,474.9982251989937,16.13211067588615,73.39788843790491,3.181255284095302,0
,210.82353119127995,27383.829518183324,4.927138057917318,305.39742908518355,254.93547946402754,18.026119608745518,54.830786193203856,4.228829076492283,0
,201.6081863702783,16877.587934457148,10.151688090360746,304.758299033501,312.7082951765251,17.057269400147646,58.99463302004466,4.040081082567142,1
6.9489609381675885,107.24989146250675,28667.786506666856,5.869628443946642,267.5915974412043,455.09633645437214,13.288695825000971,64.28765591987009,2.867596657923133,1
6.455190838158753,185.75272957608468,20497.735916040237,3.968808276034689,339.71440099222417,415.42938248940254,18.040719266302034,53.99019684258222,1.6429126683790556,1
7.5381067784830655,210.38589311068688,21456.95337576581,6.565221334236394,332.12026236452505,384.46856066829287,18.839871201233283,41.304683455880806,4.051262886427862,0
5.50109670872983,250.36530447383944,15604.399204482103,3.2529755145967147,365.3453152173053,513.3790949120013,16.963086972384783,55.36143965871967,4.478551744693226,0
6.949770669048705,251.88445558556418,26706.007032447145,5.405502271229956,,354.79063349571857,11.050641009730844,45.045332730092,2.8879475191446913,1
6.547339223866605,151.55234810304506,33834.64599135883,11.162448696305024,,389.4165318043024,17.964075377998206,85.40385149354702,3.831123420589937,0
7.3126190821479184,184.89403765260977,21611.72303166803,6.519535571544913,392.5244699740237,373.91999312823,11.541021902589629,68.71513493683634,4.136707501956829,1
8.512846418466633,144.87482262900687,25140.591415672257,4.8640962745919305,302.45684547023507,467.421676036682,18.55628174464976,75.6546018133675,4.387119712329267,0
5.57234950425185,246.40421897112174,22033.059905239228,7.159970660774466,274.51688589133147,287.2677774544625,15.378795360847255,82.77429268850253,4.922090577412762,0
7.383916997553701,229.72296924808734,15750.329101375542,5.701470082849479,372.3327841319089,385.9881143704873,12.213520736871812,65.61952484328795,4.329465285478376,1
8.39836112660392,207.93434147779845,36930.53784008983,8.485940335484809,391.02032434151727,287.0005701704549,7.683791611838398,77.29324359242217,2.999543481329975,0
8.462235699564678,201.86452093546092,6757.225412436521,5.714519248570056,398.21808731451165,400.9196616004549,19.159234258362666,53.6960898511462,3.5307340543961327,0
8.904416579966659,241.8227632014977,36291.79763542634,7.547759262013551,353.87884308126434,484.6223599884076,11.973385978550644,82.85657128138737,4.833372667595374,0
8.502432975035052,236.25259890760856,20436.017654225587,5.307646721741515,251.13645656920986,486.06443681596653,10.730040175664238,38.65179134741686,2.6708501004484444,1
7.167027890344277,234.49967051998638,15838.214483205937,11.226464468769075,348.93623178615076,367.4100547123884,11.141930912494594,79.57472224353347,3.651322640974287,0
6.668385275197538,211.42476738683635,24605.98433752521,7.915725477643157,356.79525193144957,469.2924137956071,16.46227299764932,68.61202878525012,4.178118740250856,1
7.097095363654912,184.91038894598407,27853.80928509807,6.890100839977702,385.6359058801056,411.23879548260896,5.067490356139713,66.105527869312,4.153480898704204,1
13.0,221.63840697337764,26209.559124447438,6.657125964002569,392.9866279309059,536.1756658247353,11.23807391339335,67.47928700034072,4.0505783793566055,0
8.903614023429956,223.24777868289328,18613.394335853245,6.245312026466005,371.4588229001529,415.69900079290494,23.796022762300886,70.51205124355238,3.7201663755255683,0
7.517267486372971,190.12802725042454,15431.490115701974,5.917756701904122,309.4866536105516,185.97777312751572,16.6419169022051,83.13041273497379,3.773178728601295,0
5.235743613244704,184.84391057035347,36681.921996700126,5.874333172633726,291.19454317751996,498.4902255038466,11.454342571045494,56.60947176976009,3.7010052237244766,0
6.715587660839132,233.6860065684651,41834.057390255206,9.771759583729883,355.9059916851951,389.1047847014816,12.70804248643058,88.2115869976917,3.0501151691022237,0
,251.14941997852006,18573.829559458965,6.246869946800443,,404.0446438663257,11.639650098987488,53.28195203064691,4.65677714758766,1
7.133135469375413,171.7448788079042,7967.425493029392,3.7555181275112948,394.87067622327413,453.3426165570325,16.42980111257564,52.33542141725697,4.367756194905728,1
,187.73490737776166,22098.356318814753,5.277771001009767,263.2312599936305,311.08360062356127,15.097462584726836,79.21961619195207,4.510317410188087,0
6.78955493488817,207.94569821535956,7475.384198046688,8.585804899598637,357.26910575313923,432.23200885019486,12.19427640489933,68.14480662744799,4.628723604201567,1
10.14811576968991,212.4091070259293,27387.0096708458,6.721327990585688,347.02874795433905,469.38735718674974,16.998413221972186,69.5388358233363,5.022957711792815,0
9.708825290836437,179.2141467809614,24741.41689079375,6.908151071784534,325.23985996420987,455.61638650861596,16.077523182762523,95.83726615845144,3.9699829502504547,0
8.391865382786278,258.3678287383191,40639.814954852125,8.968306833242167,295.50018624378373,377.8063549164996,11.849877456402524,47.23749702494737,4.927043490466122,0
4.514245608038413,210.28693423643614,4125.070749191418,5.892076789107761,248.4424610788572,506.34810265251656,16.21001290287391,61.58482191526357,3.7025796410688057,0
7.825607453868773,213.8825141386812,27782.67269206709,8.119220000966829,311.7988523965909,345.6023273009277,12.960842666314967,57.765286258319264,3.652401541638764,0
4.541335481699305,254.26728628173672,17292.30001563263,6.064744623335604,312.52523629691296,375.6578521038306,18.76420257249958,75.65916599821183,4.469092367507422,0
6.2,181.625872529453,17215.111729181794,8.029885086068687,,415.2110840094067,16.211370763906253,85.32878400011936,4.067437842547415,1
6.782199117481829,193.49059126504906,3134.689491964189,6.50200630378394,301.3897765752028,450.0738434291654,19.473284020488823,67.77673663000334,4.045699228370266,1
,155.16569866518842,32065.731260157816,6.73835230372801,352.54470340154097,399.9768998768359,13.333115476403696,73.31702164316503,3.530765018280364,1
,190.7296694628573,1818.3417960238003,8.415811178867818,280.30127213750967,525.4698214393287,15.297038107996688,89.83750471973453,4.483268450990728,0
6.2,147.41428446252658,23678.532619798134,8.30187919613835,353.68227523506056,450.05912605897305,16.489909380084754,49.93315229222205,4.283166636199602,1
6.5771112339971785,221.00424375295538,15050.330933519286,6.858623783060756,241.15920541955478,432.31316346694933,20.11549881870468,55.993050351145456,2.8839356316420552,1
7.354401500696754,210.21789307730276,20774.96407442221,6.374834601408239,420.5452617663308,447.21900165715226,12.442330657622964,52.59202264873677,4.024155080082934,0
6.3960939610481535,187.28441979843203,11732.466841938429,9.646653183481014,327.95980439056893,485.4187992217054,14.266063050910361,70.81624320684773,3.659859671302796,1
7.894078949812526,193.0960600127928,41756.463513650255,8.051142682166791,218.10767000988108,445.65461136579415,17.511339441899505,124.0,4.695099893835885,0
7.5703263126109235,221.4522450597178,26696.83367183277,6.501995942320542,,279.9910398815542,12.96061675657392,42.303999172588554,4.100924299911037,1
8.61641648711353,159.03230874132237,17967.532691196197,6.088126706002187,297.5475835502451,514.2323162135327,16.441357394247582,58.100591696958546,3.026069659608871,0
7.582786122938292,203.11712283918803,11704.53991044296,8.739338060968581,306.64912934073516,435.8697568125487,15.717149420532678,65.00442462540089,4.665339659820662,1
7.8445588567335784,219.4138726324927,31712.272312363802,7.302332135963992,318.70384621392793,481.5361068235171,13.437970051741214,75.70375573115581,3.8616237494165153,0
7.910013372911222,137.76318285330177,35587.38587210198,6.861586267700784,306.3676498523205,393.3997630965207,17.655322189776435,69.54620440315915,4.94009515218117,0
,218.93446038759643,24079.380375114535,7.301660777388898,300.00054000937604,278.6013030761778,17.301909886098894,70.29389203305446,4.937807313168244,0
6.700544299099135,141.32334495869446,25344.328374907273,7.653719061926447,285.8305257872479,242.06410271415362,19.306377694433277,55.87052246797545,4.830621835995144,0
4.0364781072944735,192.53114148128458,7895.16988785944,7.030431147059381,367.82208215082983,349.89508261989215,17.58548486254662,87.86179936184087,4.987628284419341,0
3.0935986541396288,158.12443267526706,17396.443299859857,9.02182524961193,383.5270144707806,467.9973743380901,14.351185918592185,54.81255442008068,3.8033405303160333,0
8.30722114870184,243.4880124586415,32816.57243113496,9.10975479241494,323.2606437180177,531.0695891611135,9.18314555044336,39.07441975407626,2.6705816292224918,0
5.469063651797179,158.33071731838777,24776.451421852144,7.960383228338843,333.0698426886638,450.5992750022941,15.753263081963468,50.201644165687874,3.900031567174057,0
6.499206911501771,142.10875255433893,12372.412654792632,9.292056004983092,287.1699023880273,341.18002532256753,16.534228584779623,69.1546339813631,3.439340184633067,1
8.557747154071802,200.7872854585188,27689.74369371498,7.133424893658391,336.74025691112803,362.8427691935933,16.296314787848864,94.35942865200163,4.66059637131641,0
9.005860397972073,182.78917195731492,25464.997006988982,8.210722987907292,343.3204997531681,536.151274371015,15.279189296491527,91.00808723033101,4.799521228290939,0
6.962635385994553,146.8984879769566,14138.378419813158,8.707040983817668,324.7168975578477,320.2889056602428,12.987435647766445,61.44125555055716,4.3782776840190385,1
5.723297083215925,213.69932005219454,45024.037470816096,8.730080482426244,350.1975040796552,596.0232488263605,4.5619395921065795,34.97554625321008,3.6726692319948553,0
8.02159107965507,130.87968084540557,20110.06160370829,8.567278653426584,346.5805435769124,577.78383208663,17.475904854239175,83.49614909111394,3.297186595421738,0
6.2,162.30767200201518,20298.611902020275,8.117278926649062,290.15862929165,598.6855432454868,11.696853390173796,66.63089447035487,3.6218339114966307,1
6.79407523586846,177.4753189031562,23845.582074031787,10.212262422708175,383.1921670683788,456.9606801887431,18.08044642305936,62.8383877928647,4.391588308621367,1
5.643802215634081,222.79311670190413,39451.39540836994,6.267280659280524,,398.6047947380416,11.907824096898945,,3.3817670427105657,0
3.392830138209035,239.0209092747327,25468.280610963957,6.8747511556548675,403.1686643193632,454.9927783050441,17.50002984040488,69.03168095454183,3.657881577654135,0
7.437266968505689,232.68153593707714,27848.70563390964,6.781073446892788,351.205412401956,499.61366404499694,12.31521807260585,52.978656760446455,3.2291211312711092,1
,191.35729229379254,26814.799092626912,6.538453911273181,415.3966315973939,373.6173068121422,16.561813434398548,44.91745188943987,4.221881521373021,1
6.636606101182254,116.54155874623937,19505.41596464319,3.9777401714044007,382.45614360928687,337.2227783836462,13.862315092288231,60.690456435180266,3.688030448867549,1
7.134287868440671,209.25906439809057,40294.89025851758,9.292286393019031,,403.2579312823224,21.052396538057252,48.72667317436397,2.5074314063987724,0
6.005339628540055,244.7818760204898,12562.708152047571,5.4988560747068815,303.8633757219476,363.79753157538477,14.215208466649619,84.8214424221519,3.6719260638730353,0
,236.9917044170664,25954.195972493177,7.388307555818834,,526.4636274749491,16.634694113687402,79.04016753709101,4.160695212501178,0
10.6531519239065,211.6310224205684,20459.975552727035,4.87345933927368,355.86761939827636,376.3924952906713,15.214722252032525,86.3487632344731,4.036798327007578,0
4.000871732807925,157.26535905326492,25524.987190575375,8.100730854537186,339.725419868944,433.9278305010653,16.939542529486907,64.42187524928431,3.839269994496409,0
7.627455157205795,179.11739958062515,35812.57449532822,5.879074263214488,,505.6296740651137,15.462057866292415,66.20914223815977,3.5341289842224124,0
,260.0224937187327,27798.691250900483,5.3251801599076884,368.2886818310557,529.6112586759438,13.290568910911505,43.71297242958525,3.63311390823191,0
8.625696677607916,149.78959830955,35793.63555525591,7.427062673881096,,443.05158997386144,11.932702237640164,51.775664898979734,3.648144031269078,0
7.907335499579815,158.63602359385231,26643.653816294336,6.012839362837447,368.53500635345006,457.2511359183507,18.39819895720965,80.91533704920722,2.9796842290603127,1
6.2,227.40994603333786,14803.002702165479,6.212828628183531,,344.02715729771916,10.637766824299238,76.85352059844332,3.650356551046128,1
6.25170798461647,182.21486084589813,6753.937898766235,7.3914275920154004,375.1781270555382,508.86297707145144,10.632156834105446,56.99268171520981,4.60911229366305,1
7.660956543259271,157.52025647946795,14802.082498026444,8.383983336742379,354.5412165709774,528.2926779776192,15.57801056530701,56.6914856398606,3.087516802227999,1
7.4670193487326255,246.6702517799872,17832.89961389752,5.8269272291626955,383.37938410872283,275.07547174853505,20.666630020552034,85.81477507941986,4.719658140125909,0
7.620754263443166,211.5687416809751,16383.072653524698,5.55391589109343,374.2656227296564,568.6460222992782,16.634935446530893,75.81695737743306,4.1192104049869265,0
8.353207284565539,183.83874169199083,13856.176400065988,7.157104193357995,330.28292921069243,369.58671507687853,9.82201601092582,55.62417035316379,2.7851936653798184,1
5.104709726555707,158.70400789890596,24352.99819480403,7.97201907680777,326.9534940173668,474.2461757613301,18.006802215136027,71.29456191790838,6.74,0
7.505271031492261,263.75967595099195,15076.090497405763,9.431153203139788,407.61748309326504,432.4669873651237,13.438222541219808,55.6260338967574,4.00918264012253,1
7.120953481695511,195.5955351632366,12784.376895306776,5.427299234695951,321.7704653675869,421.32163163426543,17.59038677558364,66.17236663498176,2.659431233519048,1
5.445382964752186,242.37209325524637,23832.80430528469,6.617611979992799,364.78515513188677,409.51334735522937,16.49672015987817,91.20835667484039,3.8375136751651935,0
8.661775963957183,225.8005436176506,22434.335996170168,8.977741919618902,318.0105785233447,346.0008827724967,18.51518839917316,47.13755440946314,4.492192176583889,0
6.2,179.2623386212796,16272.232956942014,10.237489367099176,,468.52530326035657,7.923986797092556,77.33348023281286,4.766180724583467,1
10.26451567128237,179.5242373168362,15092.998606128489,5.5509162210921685,282.98816135083354,403.0875907645407,11.964114512087264,81.88654385916661,3.8564712835140353,0
,243.98376014202597,23840.120498655047,5.952677166705493,350.60512463328615,320.39867643698915,14.266203907964856,94.81073390699598,4.749804237183573,1
7.812584852725956,244.51682024319726,35587.19010359294,7.722138149483579,362.8268523636513,342.5716211733179,15.391135055643733,49.218506152719094,3.8358151906064664,0
5.194900630534278,134.64946438562785,20753.046593981868,6.207165835334922,350.74143514171465,321.77034189373614,16.869201401188686,94.91943057396489,5.448015832687783,0
,214.48777058631413,37747.74216102048,5.920413827874275,381.242309357691,383.81308353559695,19.624343585255428,78.86495577170538,4.96791611884774,0
,192.41203292459292,31506.799718638,7.506263558062873,349.9981704266929,465.3960241213346,16.614061629040386,49.96721095246962,4.424882213015695,1
6.8921948779087545,162.40366793932316,7422.574680186837,9.568083526908849,301.7052831577689,368.74166151161046,13.024867771344898,71.44211503025457,3.7426992073297702,1
6.353798668850476,205.0114465161958,10485.857611694792,5.051017973742971,,505.0156777843191,10.411430791939138,69.86384884358777,4.832030084064433,1
11.512196884241458,151.99826557654762,24321.061969438553,9.48736789029163,340.8217695825005,416.56747006307705,24.455766348252,86.08942340401421,2.628513660713734,0
7.094603340365933,181.05361883214331,30360.074842733426,6.211864634639037,309.9718985950891,402.8160823152173,16.52631517714846,57.43167566305226,3.250852909825286,0
9.677497632847839,170.13021419186808,29498.241608154985,7.666351235587954,353.36229908072806,427.55464676792235,12.78614740946712,107.03208947466496,4.004194634228644,0
7.197183458197637,179.95686740926766,13959.876188902828,9.63354413934094,,538.9285184859108,12.338436776527372,57.21867691758286,4.624540857224984,1
7.232894584605623,194.0483575585205,24860.19314205615,7.634011275837337,308.7529771932638,315.3958336910615,10.668292619225234,47.12286588873353,3.4037327498147785,1
5.493374204906448,162.9878568233095,16369.389966666902,6.649964143845283,326.43635697449264,560.0344512906669,10.915249196546029,103.875195726379,3.68045415667553,0
7.829979425348997,248.15759004993149,18065.36789918865,8.254717483857688,392.3216794114446,503.7809368011105,13.300558852547681,65.99290990424787,4.685243417555955,1
7.2483536437691445,212.62901837866673,14431.235438274642,6.8463974003147445,390.9687555852834,424.4501552009782,12.297553874978458,92.73825690968839,3.157412224009264,1
6.820036501890866,255.44112363376962,27688.427754748645,7.9437346583594906,341.58916736580045,521.7884753294252,11.93314843233221,76.90251915272056,2.837921951857081,0
8.07717389163853,191.13336901733317,42519.16297243751,6.796604022563045,336.1708603365336,400.14419355239556,12.390581944812318,89.71450146522282,4.218434236665464,0
8.034443945200756,178.34481024042512,24517.13105393795,8.480621577242681,,449.2828127264196,11.611544484855905,65.90118301552012,3.621928593681491,1
7.155755701275146,254.25187371682063,26194.731864393783,4.917113925770659,404.98171569336415,382.45370779062796,14.451827445388902,50.58514169679789,2.58424842334301,1
7.654923785699442,177.3818345581459,26590.316404453388,5.518635833931992,,504.2911932419317,4.946211486884119,64.30754717660474,2.5235936328759454,0
5.443861507788795,190.5341924765578,32762.12902581691,4.893893088708645,364.93079502715915,369.0537470969581,12.735207457790594,47.68212280513757,4.227739847176402,0
7.066958803738719,220.08955980536166,19368.680284034588,7.030841501869784,239.62614831244755,422.04948264865936,17.67943530415202,59.719638524577306,3.8448504469123193,1
7.916304774097972,155.67882090701954,13786.465413656193,4.7033296142805625,,481.0744165206758,14.050680548649058,45.467476606927285,3.558569477208832,1
6.445522566370167,219.80159512971107,21391.95697064775,6.026906111394426,328.5368714755898,510.89372303224513,16.996630154286912,62.26839914545234,3.4560700377536167,1
5.361916831451861,215.59211847681544,30786.08252362576,5.370136404781284,362.06855914564477,359.8506726250743,17.608592454683496,83.18759690210848,4.740480163849599,0
8.77774036589505,238.1608029634447,27116.971754467377,9.457888442671342,315.12732431920404,487.05356939772554,15.363899087158456,53.68786648640064,4.861825503066883,0
9.163946544035277,225.68246414903365,25971.547818385094,5.554725043562174,,346.8556054450047,14.194813898936385,92.03578647996903,3.997333040962807,0
9.77307276043165,239.16928780967208,29399.497811652356,5.08725778938112,359.44369567272474,252.45326929079852,9.423165722414453,87.52315998025419,5.4041933897641945,0
10.32746791818045,192.7671194732733,31451.18419151832,7.512374883349916,301.7738556025287,365.7564573037524,18.776434928548543,73.54582958925049,4.40188213947716,0
7.155776929012934,168.0181465145377,11354.441458014808,9.785177424207424,310.03463290685414,493.64052606696646,16.891346518221386,72.58388918249786,4.83895150074442,0
6.308721435959973,265.81852012334264,26549.37744641632,6.936614014791818,341.8037228861038,425.2128761785899,15.054739243887909,86.51576191705348,3.494175829388807,0
,146.1717142493273,22451.260132900486,7.058823495766239,389.21330811867233,382.9721638820996,7.3911827566684005,74.2225011972569,5.4133895773108405,0
8.254831635518014,149.46771970505173,20480.49498530877,9.159396788503992,367.2706471210466,430.68264853807347,13.382296237337037,62.543258290453416,4.117485973265398,0
,214.99271253274054,17867.12254083203,8.507602354381985,,428.0098935797538,17.678592203563312,71.90941640116834,3.642324798843463,1
5.0333350085315764,249.8620409850348,36511.66160077145,7.79215567568679,336.42131577731305,476.44940274823756,16.618014347585202,43.450475747315906,5.4602554153120675,0
7.4201853842800505,202.63622283057603,17812.907293501776,6.199901649127694,395.69623018461516,295.97383810640764,11.398743123277256,51.95729877353208,3.3732955882115236,1
4.936092235514069,229.27709172020258,17235.110643393393,7.840413491932848,261.7150476256458,417.9298810877709,15.000014179447183,85.99307534597688,5.274430294193127,0
7.8346673825769875,130.73809026617258,10949.693927054983,4.969961129342755,,436.24160354055516,15.771783238596193,75.80275080644181,4.338992307229181,0
,179.9649707442406,15913.198469787147,6.134592631959695,422.8828215724535,315.8780907605761,13.897089661574462,14.793654498364333,3.777088192476509,1
6.5631781431804015,134.7471171449868,31759.304141165616,9.381710988509294,352.70391687082724,314.77014036424146,17.499061565488716,116.89735332334821,4.464833891436099,0
6.849783085992675,222.0755205257229,10706.258362738054,9.177148441890973,368.25567318983025,396.7315597462229,15.641586413742123,67.85032810822258,3.9670541765101985,0
8.93781339294937,145.49608935522144,5884.540759393647,7.811225824949894,332.2268056301815,426.8887620882261,17.373862615472223,74.69502011304549,3.4236945623937376,0
8.342170575471568,154.3597599655259,32828.54305490467,4.071621120224879,325.1238697687639,427.1733188244868,12.147578184001336,75.09866118347989,4.625918459847168,0
9.42675917199502,213.31142924323015,25707.86138034364,5.211009985786623,,381.24704270746577,10.820298852589412,80.69300935785807,4.582435802193545,0
3.2300813978906042,231.33402118138332,28690.83646000337,6.046433562789772,331.7709025266529,377.93536488825634,16.77076238795653,52.86968246601178,2.744128326830761,0
,191.16994923925878,19996.938039593588,6.848715530484827,,394.26975322447504,17.488429615383573,68.17189765221303,4.0496377662243646,0
8.219908192554694,215.15867538516997,11048.141749714317,5.144350382200578,351.1831912725657,450.32055831697846,16.916408285396624,83.73574200470838,4.857812207197319,0
3.9994868722934007,214.09323069012473,12935.021470632159,6.730824316740073,,526.7653773489001,15.56055162552581,63.7764690311859,5.365876530212335,0
7.528069101260271,189.31245632434266,25974.882731254624,9.912326476285463,337.95136619622565,246.79193157531512,11.867651831968994,66.01477555505251,4.584319909517982,1
5.655698281511054,160.38418961304242,21614.205455402804,7.753320685436703,,476.5385714011875,13.965856716883456,83.09124639312307,4.73651903025679,0
5.303078191575054,214.98492728650473,12112.172849778603,7.465746073758438,401.8744597186494,417.21894577556685,15.838451025265062,71.16351464914844,2.8303232791857544,0
8.501538262238782,216.57084822650023,21249.161584287558,5.512262437950788,283.25249288004557,468.6783603127859,8.801724860589319,54.72748787575181,3.0597956676904303,1
6.941226525013841,225.81340286166952,27117.002616933707,4.530404036994239,310.64121568407546,521.9919016506879,16.42754978532927,76.41218236194476,3.2237221942519962,0
7.720605336404277,206.66698535219572,26749.906173227413,5.1794496476419996,345.0501660519274,365.18581307402076,14.131706519284679,51.11528739562528,4.310642818344293,1
6.2,157.95635284653017,28854.28301834688,4.4665651460952045,,502.49981797409754,10.048766107659453,,3.889907438940167,1
,219.11219130904604,22712.865382066484,7.238555714341585,273.95885359627516,324.8733365623034,14.504479499236744,67.80365292260427,3.9931821816311293,1
6.904554462799588,196.35456246048759,15954.660195803935,7.726539570963627,302.89604941413216,436.5100180075942,8.587953558890462,56.08536427126652,3.730039239274464,1
7.227151652444313,180.51793808176203,26782.283625538494,5.594841874545432,,406.6046450376525,13.595879698485053,,3.2836899304378657,1
6.228937140033809,186.70648095632689,22759.65291594848,7.353712557056453,359.53892082155403,429.93938101499697,8.544874287608504,75.81054917306535,4.039161403320078,1
9.992922540518721,173.6905388309565,19806.64958867302,9.441010229647008,,346.2860297841604,16.63754106667823,89.29954631362433,3.825902469334939,0
10.74291986886331,225.6429603243107,25957.8424499704,10.213161800908635,283.2159049681943,461.5001832488563,24.22498844820035,65.5894837651148,5.308990144197638,0
5.352853649160764,149.74402526521735,25673.907218151093,8.337248354183766,375.0203220561816,554.3720110535943,11.877186750742593,44.528159175044124,3.6039851335066677,0
,163.71431274486883,27874.595767033006,6.843752003745817,,347.6739648380366,26.390975934517733,64.91895319779121,5.019809930917489,0
7.961715919070399,185.58337209430124,28945.08400924549,8.286204705324483,306.51446929766377,441.5233581503884,10.701126178600987,55.30045088529315,3.5903372920351724,0
7.528865453049205,249.49240290706308,37723.57443765347,9.25585977421118,251.72122791507198,495.35454818318425,15.054207822478586,58.075835929322295,4.087245543325287,1
7.636488965878021,231.08583006515474,20932.94438759717,3.9485795422909167,,402.2233491642316,16.44984054243711,32.937339913835295,4.572725150656563,0
7.658061306004545,142.4163375731663,25947.70803302139,9.461669079718337,309.15633590197604,536.119748061778,10.918050966751888,67.66507601263177,3.320975787619952,0
6.681010511151363,240.8593192199568,21670.720219462804,6.259552823462961,,391.4811820133678,11.959197786590517,54.44744336235833,3.2296949269115744,1
7.477110754657524,240.7959251387632,26442.077219991657,6.274758531198765,,416.80338798153736,16.17185322089065,72.923327335651,3.9552586167738015,0
7.222122139355301,157.77512607385506,24383.816273098586,6.5592138033142495,292.11732179400144,345.95314092873303,11.679599988147004,63.851773327863455,2.879965543336871,1
6.945448716140237,113.44402289737697,21532.967239072223,7.625732939265694,339.92093017501037,436.42850085123894,16.3668640686045,59.89179886386818,3.8054501741142297,1
10.106383229532199,194.02390862477574,1125.542063613033,5.364218279155949,,426.4442539963168,18.53742988698813,87.05709509630874,3.158130206873326,0
8.536009217249813,233.32776306596415,18806.309856923173,6.669993825188297,355.0936780785429,477.5808205834652,12.167446512180556,36.58855147509689,4.240568548570981,1
8.99468637729931,248.75251880642665,30341.994585665158,7.949937986266668,293.324707946149,374.79455193387867,15.21403937945058,,5.346634595639237,0
4.885707594563293,167.74978300251487,25624.450864092385,7.465342573852909,299.3335171561102,371.0947535363136,18.50578150137824,71.02264762177575,3.52937552211618,0
8.577227416104824,254.04011254341157,17688.459152887037,7.721686932691122,349.34537080508034,463.5693631263185,13.421472546012078,89.75450440485673,4.403308532592642,1
8.411870053673043,123.10102417763053,29558.464219813923,6.608129434437657,,539.0929915980247,13.617112260092055,88.90317091126731,2.8049255035367198,0
8.59550941157176,184.29113480501644,11974.985843251006,8.216061724890999,424.7884049937661,477.0240280085835,7.925475506539369,59.61606810186736,2.7376305745084943,0
7.183489482554614,182.67376898280193,21559.706912609967,8.789137472764512,,575.4709096877805,12.524012999790132,72.35786833745377,4.5321600951625625,1
,234.31188812000957,21200.154835957263,8.694374113217084,309.1004980739858,471.0688436747338,17.293481963887388,78.72301425962158,4.047382112917383,0
7.196063952185575,239.11415112941876,23148.230262696987,7.7956241678921545,355.1430366005467,468.15886275303296,14.571438016095113,55.279466897845154,3.9914040421786363,1
6.881121064228349,227.7939582637587,27580.715297510975,8.603450321783413,382.1878790199804,481.0868647581295,16.12454027456153,34.21244342784688,3.5789117581114405,1
9.049706303955187,151.96690339626008,13830.470162626985,8.496275722901274,244.20693525106827,546.4441970669563,15.207234135803091,96.98074974367077,3.730642074105634,0
7.257340665168171,224.78016614618454,31273.713074022315,11.348882492560952,337.4157443027208,526.1956613422686,13.421351133419972,37.46647444277551,4.671415151090469,0
7.946324529882006,213.1474807667259,21661.95390812635,9.04454597067696,,338.5418387648114,15.52334282498477,59.38373800000173,3.7485995805465313,1
7.2808886700448765,141.41638872430147,10851.392850349306,6.9797842641162555,254.14552236014515,490.88701651889374,13.663034636453336,74.18965432174036,3.9201510376343416,0
7.130357034886383,128.3952450324245,15377.779571737952,5.679546725991946,,447.6408056685194,16.52303607312516,89.50170590209743,5.111071279323282,0
,230.54984764168353,29275.98421858382,6.707398397480605,,410.5219707161746,12.249134859877186,63.46773914310328,3.792396240075957,0
,190.47473299778287,18220.941943366146,6.595779928152033,336.23494182727364,282.9473242390404,16.41335683346616,93.35227150500614,4.992509664049079,0
5.630323908536316,154.1175091582346,15380.288760503943,7.928047657006871,375.5354584149356,301.7549984509695,19.260229566349338,,3.3103265423955524,0
6.913177693359969,189.55114354548152,16259.775772023397,6.013595132600907,,396.7510486148616,11.74666114828442,,2.941935096252843,1
4.645748841434141,208.37695156862438,32813.83458063174,9.003639931002239,373.0281326987408,307.8610061184727,22.310245506145694,99.93294323994112,2.8421667407376425,0
9.624634741005092,193.6741979326377,33203.26168762275,4.924490450685433,334.9063875040767,398.4244490446837,20.01584288216792,79.51839498802576,3.42016236573568,0
7.8579942852154705,145.33965556215176,31059.676329139485,4.540610284620063,,483.9187732231661,15.666109015383112,101.36366567967379,3.160568650368492,0
6.84332094620536,258.4348221272592,32262.741902432786,6.906516707477949,326.1927519097583,379.25872906474257,16.001827849666693,74.66000049246907,3.065463574918833,0
6.846637162255097,229.43877117970166,17212.022023807116,5.788756702271092,362.5944181852253,432.9437783022999,16.606236208956883,61.121688555385674,3.306280457215724,1
5.82687363290539,185.36608183994292,21999.996850088464,5.131990510704812,376.5480738101288,339.74788177105137,13.699130154991998,,4.471604351875068,0
7.462722210794607,186.69138582081473,22256.366740952155,6.113429471092349,327.67798806402476,450.34039662564317,13.470247831844143,58.64679346021127,3.895330888241923,0
,208.2271352860635,18043.227853930774,5.916852390055302,,467.25733963074094,18.152111294611593,87.01585160070921,4.240509112052766,0
5.328764897260813,159.23545608014308,25793.427093301783,7.136012243350066,347.6962478027716,311.22691203325735,14.023714795865047,86.67746176164022,4.568416990609197,0
6.890826092674441,207.0160547620663,19184.965890404445,6.139656154463467,353.58841190306794,365.4475872348825,16.381348743813916,64.15765506495747,2.6871577915170652,0
8.549326347817228,152.6189028272808,20085.871043693718,6.2681677139648855,384.8345701625991,323.8126423934857,11.731216724079642,100.53397401902193,4.604440897314446,0
3.221597854740154,194.07942426579405,29899.05412283755,7.112312165210358,305.6992170594724,467.34455558288244,19.89609427256932,63.4117566283362,3.0955758889332747,0
7.854586861838775,157.95399765470935,10239.441399677735,8.72250168176197,306.15319367340055,439.451730092293,10.442581046951371,30.623877977944613,3.7153903366944117,1
6.7624246513720125,159.6150369814511,31128.49690500617,9.44377783547229,365.10503217813846,422.18328702576514,10.946802451203782,55.15242369263774,3.5766847059442046,1
6.790617451429733,250.5442739880391,35453.12283238661,7.353472748724823,316.9322501602229,415.83485171818137,13.971401677224097,,3.6297029928112234,0
6.0843463959596775,198.34853192196184,27983.472415565902,7.476358127657422,315.1830748370851,452.2851031829533,18.907927097327363,76.9696719023854,2.511693249488042,0
6.645723270265436,203.22367336969842,41246.0007198044,6.830564512672571,385.7213906238061,453.90240055452153,12.636618879539492,46.61591267703713,4.676393085049347,0
5.946905742893385,130.22560257042448,17497.602065688894,7.880372819693344,,386.1573384998658,12.451513275799446,67.59953892671118,2.6842964778072824,0
7.122816375197059,176.75864214465753,15711.784705354059,7.7365465897229395,418.9268099867062,374.84377824727045,12.729377866144914,56.03583241460545,3.8098060407001872,1
6.2,211.57387870537303,26272.083220965345,9.214839339279692,,421.433188241021,16.13572131140549,59.2120084992494,2.856355792918399,1
7.161486749893862,202.78708314967292,6739.240927512044,4.135846685934422,369.6825558759495,410.8694202416217,19.748111234752542,110.441668708348,3.099907492274158,0
10.554891718803164,125.5324188774631,30988.964951100766,6.749493564934712,329.2956939962895,592.7031237839849,12.908973698600668,53.63700950199956,3.1615559777357505,0
7.65701704848868,203.21483745801797,21435.856002097735,7.655919993221677,345.03439859370644,395.18131047241667,9.706560883613545,58.574988624415504,3.0015449538794456,1
6.284547299535753,208.45978463678478,16867.58124985605,7.078471347083465,322.92063890986304,449.6049572188418,9.612349123699058,80.25271032928745,4.010553997254616,0
,238.63576974073723,21626.12281587585,5.636106609288143,369.2622733941651,463.84686025327846,15.685304018002096,62.757637076654646,4.25413590023386,1
7.454250917278803,174.84289618692853,21599.923703134045,5.067000646800046,319.42079161558996,539.3623626816267,11.460208121405131,49.644619922801695,3.9846211490679204,0
10.690018194977315,122.63593910753644,7386.933153849324,8.393989433125602,310.0800160656128,360.6562849869123,18.098480383493943,53.457746187613964,4.810113343758076,0
,163.6062422656104,15657.50265021465,5.924057156373665,408.87235159101766,534.4435445946469,17.7621719013815,45.17425092177972,4.031115933094319,0
10.347883162965042,160.30656022122446,9928.839542497257,4.347257223421149,335.01644365636685,414.29043759487604,12.431246209617887,,4.940904841107565,0
7.66928226841585,220.63772207896116,18677.86487309364,8.473385118815639,305.826203773791,628.3086945554293,12.941233425027866,84.05707198794634,3.208325962219357,1
6.910113712591504,107.01936624179405,20074.118997507117,7.845192982704783,,455.4982593134729,12.88898454580363,54.512133131579546,4.442425739889703,0
10.285602829143361,181.64907246361074,20451.760808111976,6.936918926015988,411.0349304848896,326.9025263484499,17.455555392024213,91.30089930543971,3.316342589145867,0
8.325382137398007,243.30867108069168,25054.623909707985,5.6750084834375745,310.9502894147526,410.26957925045485,19.70572190817458,60.36129377363088,3.5528846990569605,0
8.20249540063406,196.63729002722658,13985.407779613288,6.94076251947462,,534.1705640721228,11.842172781600212,54.53229428491805,3.3104816861092052,1
6.5408064619523225,225.88882325220436,12720.252196556175,9.040628408820345,350.3125701484933,432.78852527642715,16.283638462408987,48.78820963995858,3.8117732223117073,1
7.483505888906602,142.38483482616923,35977.368161374165,4.568775128074496,339.7154472925215,421.38226706615393,14.859201611848805,71.70158728838426,5.4039958772832035,0
7.320153483060305,143.694545015512,31599.25772163456,4.648915365551441,340.8315338303791,484.2949708405089,10.772254596804956,36.95370744080702,3.1447283125287626,1
,243.68527686310821,30630.60951652928,6.128130789798392,,398.32418659406164,17.039834454028888,76.57575022386487,5.163316082605601,0
6.47092485445404,199.72998553341364,20297.72755186072,7.077902974866736,243.04215122597634,409.1727593967387,19.728460845874793,54.58888822107807,4.469114452927494,1
6.986008807181434,199.79772651668085,27376.874223313556,6.335858801343627,342.67373890761075,349.8702995975308,12.587738813227379,41.6818616024903,2.9330604177594126,1
7.705992263693804,159.6127719552798,29194.348563516756,8.13565018876389,,565.8887191020843,13.53454094227002,75.92139627182077,3.750990592905393,1
5.7143212642295005,199.71571888246262,8789.388456000432,8.84035763222839,324.9779338575612,327.4130086367994,18.157015732917962,41.68972724552205,4.820466828032741,0
7.04400394493227,158.69865400161083,29976.146638322138,7.560454663879799,339.98151067867485,439.89290610888986,22.635511311462878,73.00276710447326,4.932165826585547,0
8.604986772138046,235.4480377689959,25261.669625693867,8.005483103134646,322.7770782108604,464.97467148502017,11.054994065798372,75.51824188801443,4.515356683824143,0
6.8750882811063265,286.14563035466284,23270.64889565707,7.549917292197403,341.5886096215959,425.0969895105883,12.759468071076693,89.10829218165061,4.4048406732434735,0
,212.32166066558935,16624.0714893055,7.135022783646202,332.8238930667808,324.88788612442227,17.574424546627913,60.6064654557957,3.2634197305032795,1
6.298416670382471,175.51026391831522,23984.354465596356,5.076177254292782,279.41869142315556,345.4998665609404,13.327343330598321,52.99654170232277,4.162257637290848,0
6.2,113.04264092672575,22464.54036149491,5.495773101987847,349.5885539653704,468.41936700321475,13.610196067882908,75.62224228259458,3.8515218720563906,1
6.423513185062232,140.981130631557,26143.248066819422,4.985548806384355,363.4446543003627,363.18575186543075,17.99633452050161,55.447224223576555,5.564021848151027,0
8.785705565807802,247.55495424079277,17627.07548537113,6.885362423961488,311.35848343516534,258.781008422932,14.21828797282092,80.84422495413929,3.7250403177291447,0
6.203179044012818,162.5395883563817,19815.075428439435,7.486999289381909,,457.46784848135917,16.547719747410394,83.25260731852637,3.426648163579386,1
6.2,184.19953239251376,11399.503378881778,4.830165432045424,389.0926702704935,355.7023732995729,7.435840444339968,49.45666092404135,3.7346262876517904,1
,217.96022456365498,22467.66685351591,7.234700174421172,,477.2025173044763,16.192860435535394,,4.324255021556513,0
5.632414023840097,245.16733439900298,35447.42167697242,5.73715820134887,,409.9089991034778,15.52645033611167,59.30895689690091,2.6679701367451565,0
5.6296830708497705,189.83359029370973,17512.89504795743,5.430665037211763,335.04601383804936,406.01516385608465,15.106079940617388,48.25449711932984,2.9038904311701543,0
7.620781947367513,183.08645998798747,14416.064226336593,6.13194792183408,381.052805136005,430.4208451877796,15.475888010352275,64.05227612126035,5.662887900005767,0
,198.7563318380015,23613.78019519842,5.349647132614827,398.82924093937106,334.2097389311212,18.70465250225066,52.07084426871832,4.644263224500378,0
9.077381585793864,175.75071583256977,13459.618660814698,8.078521406375673,367.2521941304147,359.503390522113,11.702950228713295,76.3418349088735,3.9392062660820932,0
4.521480796858168,177.52134821166177,7833.560346183784,6.854553019482695,310.19026964896807,405.1981368606232,14.580403331741831,50.926841842301585,4.186575899079228,0
6.398255657015462,209.95085586686446,20927.561817789243,8.40803821004039,332.1571884549347,333.7370916785379,10.846527889701706,86.23396102925636,2.9655961894797005,0
5.131853246089927,202.4960909367546,37961.90790335728,6.419275763672094,357.54993936521015,483.87646688450076,15.892949248460754,73.15700712501378,3.756098002843918,0
6.39172620836101,266.52981458577744,23833.261089169515,6.479016022223777,368.4826390275104,401.3637783765623,14.415648987408458,,2.8805837379298396,0
9.948378992467173,210.83812606730564,25896.482397258027,10.07994457248526,330.592443317897,309.0855225866067,18.842350963987634,27.819091761837917,3.868990371090867,0
7.503845864756506,234.27268853228694,18201.64016867021,4.555564454745064,310.33412614976726,381.0304585138465,11.816468583504205,56.96328347787125,4.543832595273804,1
4.197058767312267,161.154717685809,3963.590597564311,9.149480364603125,399.38616927744226,434.37716724569015,15.083118728077112,39.25980777993691,4.698272442878767,0
3.8241559427676393,213.67767484199592,28362.192178188998,9.734147979480408,289.40596381891515,390.1558913562395,13.546563033089477,91.7339691410683,4.50530587812472,0
5.325747108476156,172.61391369682516,25086.975682443022,8.32999164409317,,458.50512362077166,14.23651483174547,57.12423912602241,5.470751507178852,0
8.636004065672802,209.41041236245675,23612.546131674593,6.597856658393781,278.8569086866415,472.5821370406211,14.250527957425517,81.30945862228857,3.3031598089637737,1
8.130969935680154,219.05213027797828,16006.795214923995,9.374505273348792,294.736996067553,620.2573822970116,16.236115963107885,64.74365490096795,3.297749251318484,1
7.445890144894387,198.0406849676485,17883.309133626135,6.611617051373802,385.44007791272674,519.1720514699466,21.13198474762511,44.278216667493695,4.370523378064547,0
8.079434159217438,275.6010162365207,25910.47947832255,6.004858774577061,386.8264761196466,293.9812761754423,9.604717861714487,66.0135874072962,2.013289935968668,0
6.2,243.3805344036681,17226.09763239697,6.506536016177171,330.73451487314196,397.0932152121071,15.332120018956637,69.56189408646947,3.5446644208136147,1
8.173174675410245,235.13137145007727,18286.432012300484,6.21909389219271,354.34741597605074,404.6553835702043,15.060493113005384,76.97817478631138,4.708112597509388,1
7.731152026236913,221.54501572897345,25816.15536300062,5.6243354626270605,333.3651104863699,472.6657305319108,12.903693647845431,73.6683468506484,5.778066965447345,0
7.824208300250547,254.41457090331846,34280.705319170724,8.873812377892165,284.45215940554766,350.7662454873017,16.17706774282813,74.99946247812854,3.6916672561849353,1
6.2,149.1237101132628,6661.657440268924,5.897951602857582,425.62963011772155,383.27482513277425,14.477556994882981,,4.552231696107393,1
9.133802266138932,241.48231458188997,14134.864680599612,7.073157757504231,390.7142345538971,325.65152042652676,15.226028154000236,66.78215026590914,3.405410641237992,0
3.550137370955535,163.7880621352157,27352.61040440914,4.838840414749889,348.47296338064996,377.53692954188614,12.872507436969766,77.54984331967636,4.257787779451381,0
6.931694835968442,177.8332429827046,23011.50309319081,7.168680877163723,298.36615721296005,380.5507837820321,6.884766322309357,82.2472415350809,3.635007575321917,1
9.157839422881981,214.86981140962888,35572.78651400797,5.293636850128072,,400.9091303212036,16.817385854673855,75.21900320005972,4.206553981264021,0
6.307018891912047,236.9729434453028,22034.55598300159,5.254832399778132,305.1335821712133,330.3297708568836,14.902300966611797,74.31860310698431,4.324763908733936,0
8.289839188629248,158.44732881766345,15957.855076847476,6.94732510204819,,505.5476797435921,15.995947159206207,92.69198099665901,4.160849985904487,0
7.938776136276983,179.53727352440265,17726.626459234845,8.790016178985878,346.630819428413,464.3548801169375,17.28238943228969,61.01031252547231,4.52326406513661,1
7.546312127873046,199.6088051852931,15015.415640482965,7.815853626628878,319.677404556251,309.1345543646724,10.670771502773558,69.53150877473884,4.014804510963439,1
4.385491689149912,190.26855844551102,22512.98933688358,7.92441021008976,,428.2986134847282,15.512398473473995,69.25609838226545,4.175824871804999,0
6.207451562280651,224.49765481463768,17554.87004990614,6.914730855633168,422.0672420086376,299.727405716802,14.00951252135608,59.43700168689846,4.110468188084939,1
7.58973435217326,309.44201856589075,24171.63370683396,6.5896883810621825,,534.6542626629519,13.624913807384877,76.79799920157446,2.816750703482043,1
6.909417724317234,210.19565131050146,32318.82535311207,8.370002208820893,352.7029088080493,556.6199565510555,14.73934112485939,68.75041965657637,2.996608395847362,0
7.348914464119126,172.2120371844598,12549.971026675914,6.230180083533132,316.3122514164956,421.69642665380553,10.58211692671779,83.3083576188546,6.318935339076205,0
6.2,153.74487592197704,24571.665158143926,8.43840596402736,269.13273982537055,357.3062704777428,13.237250095302564,51.83891275014964,2.7203041312285556,1
9.095926971246994,185.69914624303357,29696.303458449718,9.072796163515815,330.3513580208296,372.52703833027743,15.716323502177739,79.00574697255101,4.673720860413124,0
,165.46577874965283,17758.862644055433,5.7906088828982725,320.4186088279423,389.53763975211496,8.92806907437075,53.97083822730075,4.164098619900777,0
6.958429842216319,211.7823881559914,26499.599273107506,6.022776116899532,363.1747233617905,417.56835933729235,12.748136564295548,67.91564355013061,5.685586873330398,0
6.989568033454808,211.27151181730105,20802.11985704327,6.257801099864925,371.31161153777344,536.9339475104313,9.892482015283392,37.59858309784616,4.44563098281833,1
4.838052946829929,181.16176607112894,18838.852887067147,4.802199051309607,365.47222045996796,503.4126262729724,16.812218501079293,77.03754049155454,3.20886408754419,0
7.8604424839957225,261.7050199534865,18813.33892672517,6.378343684018505,374.71447470696995,504.6571639017149,19.263906374979502,59.406555987952466,4.858131191147562,0
8.37671141926664,172.20378319700748,38669.40170423295,9.176290584806818,408.47176442953116,439.98272427036613,23.32295643848643,,3.648108957208815,0
9.345623460765367,192.47071786615007,10813.677389931829,5.46799064311015,,332.9881727055093,13.601111075585798,45.56691382496028,4.461982924474974,0
5.883444036814089,217.428451707775,28810.97868668267,9.21380985167324,,363.97941786176443,12.072063794229619,19.91619495663469,4.480784709818148,0
8.661730322808703,225.74860600502737,40647.58190375222,6.435157756434138,354.24582775679914,431.1062780627164,16.927992428010658,63.06584736250085,2.133990490889741,0
,238.43226755877126,30712.458301491817,10.460176306622351,255.13853444091424,329.15111217499737,21.64489085190028,71.68931572222694,2.903085353419553,0
3.7778307572746135,210.49753415887756,11554.578319127771,6.042735356801624,327.4028602967289,450.7618224046102,20.464606774663174,50.658875981280886,5.46847332573436,0
8.063455348187055,230.9750278559251,12024.985165303648,6.892508519280987,297.8767436141834,491.25398052995615,11.477222781653415,93.19940089315887,3.9056594890236918,0
8.721171382182202,174.5179411402808,17059.558921859185,5.681910756996008,343.38133989116056,470.26390767023264,14.608217843881947,51.496757000382324,5.8213431524923305,0
7.969328873968036,226.60489649552758,27149.18921519639,6.033432777734395,301.0521794044154,467.01930941180126,7.477789534879098,71.49640941759218,4.437551419109948,1
,226.16558904014556,28381.830965704034,9.234323083636259,358.87518884725597,275.4043618835228,10.19310117087052,,5.323945904657054,1
6.40841986586387,246.17397159939134,25700.12515943881,7.869767962519588,374.41456326297924,533.9351483710245,18.07628549100898,85.19552558532075,5.233606626268725,0
4.599530202702294,141.50845585568095,26346.455593845996,8.74553209110037,,299.5552653334132,18.318989033527263,76.70112466017714,3.932766426698101,0
,166.5536754967249,12118.88273415292,5.041368904435748,,413.85786352125746,17.17151673345999,106.93296874338702,3.85776281673012,0
6.7907649640273995,223.48133789218423,25214.6315936543,8.154628955989505,264.41260291946503,476.1783183379148,15.496091468008583,45.77098141574586,2.784130542540467,1
,109.17010861190205,15908.804144753818,5.585119559581655,284.1613985532017,455.1746800995737,13.529379955968075,78.7852363514219,5.5211539536435055,0
7.790329302716092,212.58700311763673,15676.652841969468,5.007036749408092,,322.95082477468634,8.904796598563895,80.34148404996586,4.065769622246081,1
6.561132274429286,231.26756558024198,16490.916373689808,7.497250499388619,375.59428200218514,337.4552896693814,17.140378262675647,44.624051697231735,5.907566944104999,0
6.823764290173675,177.43725435559054,22482.90532290852,7.481090566790034,343.0921460013463,449.3953870904679,18.352727817069475,87.63510561889916,3.8763886784987793,0
8.259522298237599,182.2467489963181,43054.60684426521,7.204286342352658,335.1263529269125,467.47627711257485,11.837929735223128,98.69840756139337,5.427440214150581,0
5.709400036926189,161.06088127580716,15334.722876577249,8.253742291951712,331.4459899102703,336.7379293552835,19.755825646886933,39.01794896616913,4.995515779557973,0
,179.24109976083685,14918.900585210013,8.50023478186121,253.7428925180336,457.9214852283701,18.571858298876343,80.4930172138573,5.14216520343019,0
7.087939409649911,180.19449628545817,13435.16719613348,9.442172355926047,301.82557506858745,303.7659028407196,12.503134751639088,84.29741538699378,4.205974038470683,0
8.812141907477525,173.93452207008434,30237.673426801204,5.239258062676781,329.16950958750715,476.65065199014623,18.337184399258067,,3.5484447581646794,0
7.851821306862339,172.13038795089005,22961.090844490136,9.493185667811355,304.16340115594,354.78558080122394,10.547185186976787,76.01105349227203,3.0845163684047336,1
8.093228578864204,187.48394257717186,22994.404613969986,10.09405215371901,309.5753699912542,432.7054873997909,14.312335296018745,57.033739402743194,3.268609267559392,1
11.246155001240979,187.08586801491361,23807.254834626532,6.5413565740057855,439.7314808699976,419.1382664625231,17.945897794195574,27.84237982155973,3.223781598796387,0
4.0357857204203285,258.0589395054288,15685.847792385393,4.483783140744381,,519.9811120952304,18.07903428470796,64.40952428359907,3.011373569049815,0
,183.43130879145036,13790.579964474138,4.934071717350793,,445.7641063189873,10.120468442883675,17.84078465442861,3.4235399911695583,1
7.9285898516347455,207.72254211271215,8513.927741620193,6.390274818124736,343.8410021991541,377.79257014504634,11.525160249732037,69.73198201899629,3.9985307765989315,1
7.499149833794498,177.42055040292968,20753.441954105845,10.302343712685726,358.20362324299566,455.25509060796924,20.61590569054238,59.50560950918281,5.744255548468726,0
,177.00229897481606,16680.65214090184,7.146986400321023,,599.306989729055,15.06338377325556,95.8121448446933,4.129303057701912,0
7.677694161355025,140.32620930859673,5340.570650378111,6.144849095532136,385.4250236688015,486.0019320399763,13.337282396603268,71.6063206521711,3.3183830524913063,1
8.835741362092811,144.70205044701504,27010.96717129783,6.037064431795471,352.16347481531886,421.4193052903174,16.260324605380177,67.97622976008697,3.1469407315050058,0
5.116765360112458,156.6897565994163,49701.57776456519,5.03009872649085,280.51139492779885,358.8440719158915,5.864451106939358,62.40824793218674,4.972063312148446,0
5.618168385453585,202.44362586360634,29433.211854076246,8.501830126895017,,376.3874867508965,19.005379438010316,59.41198553381103,3.7129586284713296,0
5.780385367778408,231.80611325886287,23316.609106480046,6.974531383343846,326.67305952418786,481.1434280681266,18.66855246156566,75.10285900881492,3.5666708201561916,0
7.34118062736386,137.61873706513745,19988.988430785063,10.437730625424644,324.76795014931224,354.6271521564088,13.919663943477458,69.49376435552273,3.771876524845765,1
6.755222016432373,178.33537323562393,17882.73286886445,8.112570846353792,,426.4172518951941,19.846120066746543,70.47813291096787,5.877808531100533,0
7.514075434031545,151.42929566237353,11437.699222093928,8.431299379370486,360.07762283201976,542.3596081170244,11.821618574906648,55.91294724752211,2.988902559576256,0
,187.70528360300622,31170.05244832884,6.737474367426569,355.18943762849904,438.35170535631124,18.467158850282903,74.04115473891667,4.319790275524217,0
7.214446479829946,231.79281634296524,21586.278004068427,5.396172065685889,347.83109582441114,339.00615126316757,10.063044750282426,68.82737561800958,4.290822254372554,1
6.979173002249871,181.6975689870976,11227.5289564331,5.7397420510798955,,602.1701064959469,13.508734458085414,59.36985700388338,4.483182655859794,1
6.889041662252712,194.83669161462998,30653.864694480042,4.95658982865525,244.7400300297505,568.6058224740295,18.665622537532844,59.915215144102675,3.617717935804934,0
4.373207057362896,244.27701424130714,19772.040531437342,8.558423657312584,,466.69506591703066,12.821791855411508,24.913131720271025,3.482071349254743,0
6.277094828996998,211.4649406137102,26822.22632785954,6.5118340041515,354.0178595374081,529.2810372361982,14.256678783304736,56.04819741536995,4.200183057640313,1
8.28279368558936,171.39297794362722,35726.67283795487,8.624950852555465,293.03088314581066,404.62804176434804,18.795875494374194,80.98999393674774,2.875723398931955,0
6.462175713649738,201.62831290399538,20565.527045074887,7.334744755645951,345.41610632562094,484.73592179536837,9.407718480307047,45.96065289061169,4.043714253004825,1
6.799378539040247,169.17363752486463,24400.515919408306,6.657346997882695,360.6246531167213,391.97798374139524,16.72064248861539,79.35876654153782,4.170646002844327,0
9.107296101027927,210.2338582190144,31560.226986253787,5.272027520749691,382.2896285003175,316.68246557963965,9.156958791948378,72.93551297024824,3.377184152278426,0
5.555296318988121,213.3546910689938,27013.87151931361,7.596579718081031,354.92647974739896,635.6273469559267,17.145682871644656,61.88955517142459,4.622671222754842,0
6.946949573006649,151.4204458536009,28946.168304407467,6.774559834014064,347.1143148021976,312.55172421683704,13.723044630561901,51.88774820254146,3.657938108430972,1
,202.16241583199195,22517.209141162435,8.545450606169565,372.9963739445308,450.24269698947893,12.414775978000842,68.26056516089707,4.0800441327274894,0
7.323845554913749,192.53183981193425,22093.751089885136,5.989651132116554,321.1092431639636,449.2988361623962,11.021908633740459,66.66152756915666,3.3801942695857004,1
8.187385070563069,214.3198863669625,12035.66499684594,8.093450282125318,350.8569332912352,467.89325120251306,13.45935402398962,,4.100357495149349,1
6.835350594902158,223.7513179785295,15128.596192578874,9.71254049763161,,418.9535112916987,9.234238298859548,83.59166153530953,3.8542684596315477,0
,212.10809197569952,22817.40237255462,7.5506383451623575,379.76628369552196,419.7966126671689,16.382936464483247,58.63283942048491,3.3817371829159986,0
7.2057900595704965,186.42493867380617,32199.481354501047,8.360760495332173,,437.3836680579384,14.871342539158885,,5.336100067567475,0
,227.10655768642562,19372.716436955445,8.023586588960576,367.61291900982343,464.9733732923354,20.013347498608173,44.13262056598041,4.745328343151728,0
,167.67623465939272,22707.968493031043,10.118984545537685,334.5331510205075,426.05323799643736,15.196929108720719,73.45245596176126,3.06690911336764,1
5.246340666450878,152.95482641814348,28377.543258230195,7.70706546627625,373.76703549206854,420.6764194173484,15.736016923641706,72.39239678789082,3.540858829242307,0
10.239756286693563,91.27506807794968,13914.009120771967,8.225934985742105,301.4854630658003,319.4543166104985,17.824817643579568,69.94302814066002,2.9646757117171196,0
7.872502929431919,194.0923626878476,24190.77486410471,7.062683874944788,,588.9055435515481,12.588848840209726,41.606746797133255,3.8274336695891225,1
4.94375506971892,169.371122140666,31610.5541932384,5.896466113621241,,469.4844912636312,16.880832781175524,86.74618178965125,2.5152091923872035,0
5.521750910506345,209.48612226287904,27172.942696654638,5.2110824166237535,351.7627793860889,443.0796663133757,18.67335074142478,53.69441381430405,5.086750384738234,0
7.927107272631127,131.5466187359403,15666.634898790959,9.121740023705946,,375.7430426173595,15.74890470633926,,3.050809755793783,1
6.983358305664071,175.10782567540645,9405.349018830875,5.526792193278787,,345.10797321773254,15.393360554297018,56.4942758699856,3.723169178650317,1
7.983064972559644,211.87187990294157,12779.94779105324,8.298465909657823,257.3799830978044,495.6869050022409,11.997574292359142,55.5712654527057,4.892796994776301,0
,162.51839078511856,22071.862026544684,7.777306276006343,306.15133883534116,413.28311928516933,15.79487820539439,45.51469764336898,5.009584751771198,0
9.321722264224546,209.86454702936317,33048.688638524516,8.570100844935256,269.1029777044372,476.38201843348986,14.60742433924731,59.752167353772954,4.0177549888549535,0
8.085966917012977,178.07395662226148,12239.19086379437,6.306755004318514,,316.94626919694707,17.387891843435696,73.89318910952971,4.805110222141927,0
8.608539036441108,195.32060660823808,14025.972733063123,5.8706467351165275,350.3654141888741,551.1858713933118,15.995345768674573,38.57709277568357,4.993114953746208,0
7.960422322704343,215.98069841111456,23539.778929528315,7.717827504197617,,499.0312967810825,12.950867469049586,61.88190483259714,4.060673919117819,0
7.578176952186532,227.7470220604938,20202.072450146243,6.658100156332129,394.79004100469035,419.6501344246169,15.732707276252532,47.21075914104257,3.0650883332803374,1
6.593865316832897,199.44300033244798,44466.641939105844,5.17497522816208,320.7200148967014,463.9841338085709,13.917232610285195,80.00559407103019,3.8155741017454297,0
4.880017450704697,169.6190612984893,17810.50820162477,10.182870356897748,359.03684721048415,486.0731522504131,20.869759479886152,67.73047448013081,3.29015887253423,0
6.9746598099581,181.33052142770953,12494.087552786707,5.869575097779179,,318.1719715265108,14.269018825568862,64.696818119074,3.489633700170044,1
6.633856661672575,217.35583144556094,28905.102996062207,5.550060315063677,,561.768412824144,9.169771086260507,70.79353509975411,4.482226550150086,0
8.101937843736504,162.80075710342226,27346.213641427923,6.737425486276583,387.8943094480663,465.24748864510366,16.292223982274276,43.00678904567146,3.3106305409090084,1
5.047051007669994,190.54160897053723,26671.286372212835,9.099516539269505,,369.30853516735755,17.582776474028666,43.59509408405378,4.59533175865618,0
7.823695089145129,183.70441316390747,18599.560947477334,3.6965586318646864,315.93728015745467,337.59539414150345,19.445062038565553,67.77921584970326,3.7744454683149233,0
8.432881678041394,192.99939732880608,25730.766841956312,8.96841611102921,368.31599108892317,505.957497503831,17.125930033758355,69.9933912151905,3.8745696106218714,0
7.607807203551472,163.19460478769548,16649.763237013853,5.679871867699041,347.011440183578,443.261663135942,14.21677638023771,79.11336606755592,3.232237280907251,1
9.705936399276595,135.47103081222153,19945.570710097927,7.537949879371042,,465.1941529569132,21.998528879542985,66.68384390974659,3.935299250974857,0
7.60635851705044,213.53243206507227,20800.854493893137,6.051909000476395,344.0331579819864,428.3544960081474,18.384804764763278,72.12819085538057,4.792554905985503,0
6.292851696624385,228.11992383277655,31572.207745453088,10.26722862932317,320.01057115350807,345.17830991457504,8.26494493760445,50.080124802625946,3.69321793824947,1
7.26629774955077,137.43744389831068,4630.88932736815,7.316899736894915,185.38180477784155,467.2963174261919,10.802995095396746,85.09377649884263,2.1745290233450563,1
8.656693177530855,208.53767069447252,8417.916923655233,6.001215350460847,397.34110603837746,410.2391607566431,16.44443299808194,64.18304221900765,2.9518231740795047,0
6.33542499926273,232.03671789840632,23967.855768769943,6.644275711496449,305.0380708703627,424.4473569793543,13.466446545537389,61.65615610265684,3.1805345400346487,0
8.336640756513194,216.00547343848044,20443.569229016037,7.261626578344666,323.79953419904484,618.2618186210105,12.48735450685723,69.60237683242201,2.5783887822114133,1
,182.6915511215574,29505.74848070924,7.400729040264277,324.6798739392512,496.42078633138846,12.847053156789624,46.69913527484289,4.27241321534455,1
5.9912734377844306,165.3589694352001,32741.388312914234,7.813244723963687,301.3505395193102,501.0826047084404,16.509336065133272,,3.197116511040807,0
7.799976592551923,199.06417881061466,24745.54486040701,7.117780719861942,343.74594187861874,646.0182686969547,17.48588672065833,86.26073975991274,3.9937478725350797,0
,204.5521284360624,34559.823727813084,4.944083381758229,331.96546517352573,457.27356887215365,15.112251485260972,48.4014764474384,4.387985620990737,0
7.41145299877255,199.55206711702908,29713.11073647766,6.582377079975376,304.13541047645714,435.8723689451045,12.50010686764401,72.2166884047715,3.211455617344608,0
4.883734840262701,190.4735706691321,23634.35758986291,8.078520232248557,339.9811034893661,371.32004616918766,10.885220668977441,100.6869896843516,4.892654992678342,0
5.2249074032950285,160.7807582763613,18234.707246435224,6.061585165921178,332.43186691152374,389.6338098552304,15.748924098833404,88.44468249175311,5.36325203434399,0
,210.30644478406123,19580.49470406666,8.182994421923437,,260.79401566290454,9.918893272764501,78.2610734883329,4.47172797674269,0
,211.89111286620494,10230.150497597348,7.17011465007334,278.30815258997626,490.06620577557123,13.449600586898695,73.79556524773724,5.074371589492839,0
5.0272532789633075,203.007047927689,21662.7505440659,6.775970552308946,,323.83278341731966,6.588908351930982,67.30233452999396,3.342103753885632,0
,200.05169092284436,13267.869788788923,9.006747350212557,363.82732108866855,499.14106734202494,14.137442401813008,92.37380272263042,3.8458612151308236,1
8.1741671899622,251.64730814684685,25586.98820635946,4.373752317872835,307.31464214124355,422.7234978295856,18.015564853674363,53.99678823851822,3.362344243363881,0
5.887802221232978,175.85793798753528,40496.50042909272,6.052992980741854,296.3991463306336,436.54714415296075,19.139163482099157,65.1341003851161,4.557430380958078,0
7.543032763172185,238.55921470632398,18385.59345061075,9.067237361292467,309.3619550422435,422.77667124433253,10.75983956203592,65.84905856195394,3.2798117034090652,1
,172.25059496260155,16678.74999945169,10.011477677782585,329.6194811290596,538.1948138537437,18.92525524319332,64.40873138944697,4.383037185997614,1
7.517709723433731,232.8844738502665,14713.62650493402,10.731868125781286,329.7767920468245,523.9229426828634,12.802870902512886,61.054425240590234,3.3345346445290414,1
6.2,236.9777923976499,21212.358487799967,7.19956173793452,325.1077207453634,423.8655744231065,13.07770539143227,68.76502316808572,3.3731993449301116,1
6.931359834780589,186.75861540807807,29219.043071149328,7.843477859792558,,353.56047062580564,15.376318210918539,79.38786108248397,4.087357691708621,0
6.699550643390995,251.04568447860143,10432.048793006274,8.411535967032354,365.8087795882962,500.85023971082876,11.154827589310313,69.61859886635317,3.240799571185435,1
9.59219439000223,211.83128067394634,15983.88718868922,9.134618930010088,388.70549815746784,347.4543423096469,21.510106611509297,76.20309710241578,3.3607628667283826,0
7.924520536595819,167.53773668647534,18723.21853068842,7.614685256786123,254.70825238358935,300.56720767765256,10.190207395478188,49.45787769795605,4.989302200971027,1
8.434225744643602,184.09024804459503,10526.001382571343,8.583315299044786,269.48341843866604,466.4666693738084,19.815853632756955,83.06602688482101,5.331290457174412,0
8.412156777242167,233.66787987090885,22237.75517155656,7.846442604702345,,524.6539856817006,16.779250003015235,90.4783560787665,4.373971700234311,0
,226.7688286917418,23111.959663792015,7.945113828215235,,393.4691184422548,12.7337208053504,58.90350396731087,3.902816127471906,1
10.526701681068236,161.59047079462135,31911.762244863618,5.668976605697874,245.6519905714239,458.88502920936867,14.70374973680724,66.77453662649394,4.716848726783734,0
6.930775978422501,191.81843442893265,17994.344020293498,6.599842323385566,367.5590711529437,392.61355601159386,13.179897100149516,63.67766388738192,3.8772120682184186,1
5.562629252005385,203.09590613334726,22104.144801403316,6.294024667037045,401.6082272989795,484.53706257381407,13.877106583908631,72.79984554771323,3.5468862560600307,0
7.471451935296535,179.69980901941247,12498.57060009957,5.241545183345936,298.0961321945216,514.6783986621069,12.847978120163491,70.44973673748247,4.053160640653707,1
7.1067335816163055,273.9716108990283,26711.297790210512,4.510463745746754,399.19824803337895,404.96049066985256,17.899952234808616,70.69549451742763,2.545738830775508,1
5.026837547514163,204.08753715803522,29348.849662553155,6.450668552224405,326.4310367715678,343.1696648560196,17.068718760259962,36.83597255421051,5.547922187805726,0
7.15905652169332,194.36637891928967,24611.79873131795,6.70306592423071,346.82597554972716,308.47192730898763,12.73370288100429,64.38585601552246,3.3638944956340175,1
,235.57899935609117,22479.30823210421,7.285958580123991,304.02374077775056,500.99562534278806,14.605706056869993,108.30660173061005,3.9874603368747152,0
,184.38447470380234,31011.50412979819,7.9980657885274224,375.2425809772855,334.3654274700076,17.018805705801075,62.3817987446335,4.986198252791623,0
2.426353832845403,229.54436838930994,9026.04878429622,7.4172331448971995,368.3463176692803,456.2595586891512,17.278587648414963,80.70911146460764,3.6245963639397036,0
7.6229093392384994,141.5316041853198,12211.68980087381,6.71408033950169,405.2029673272147,489.0144911301553,12.85080510413066,54.02031714347383,4.045741460002666,1
6.505886350276061,181.47478187852087,39439.730141387954,5.674100421072538,393.4411450811633,385.69480821311606,14.296472632664491,62.370131490462306,4.263350677680316,0
6.626295226725425,230.91441676461142,10441.24704484221,8.505769174051924,333.4211881694065,412.77016330545956,15.464356887584861,53.276917297949566,3.7473294853753285,1
7.179042211999378,248.0595050074002,12836.52908804323,6.959120896682746,462.4868746685305,506.92271055854724,12.603909096105317,44.72341815638515,5.183522155208805,1
5.8653156093996675,170.95857104210285,13631.40724187475,6.434612123889083,389.7228156468112,360.8979419833514,18.935250354680463,61.97077973812319,4.594160625685629,0
8.389143558055817,167.12486816840646,31740.457132432883,6.825402233787035,356.1773638508902,352.69530231324495,14.300070600596552,65.42356706261556,5.816096046532131,0
7.569596820119076,215.06898755918812,21614.252050644925,5.962263931179562,292.5178079371405,407.2611893263071,15.174684920258636,48.0839588743241,3.7462319651185174,0
6.9251668998832105,175.90218485720726,23316.91215841051,6.281535201010452,270.45664500997594,529.4553430957709,14.664083299319515,70.59271688351632,3.4021254762090924,1
5.75867640723826,187.56378650584753,23099.634946514445,6.231315865001503,273.9758467170263,556.347072443971,11.678663898864716,26.84034247447388,4.292178247681949,0
8.020925606189518,225.2337253138525,21909.53189328359,6.6660068795592595,295.1462488413238,418.2183319483887,14.15284142752476,89.44666919728652,4.623076971524952,0
8.274199813665163,178.499038224899,26628.243557989186,8.156092831772582,390.82032995385543,368.66057245398014,22.653694595913944,78.88608398040638,2.9173859587397484,0
6.2,131.73749277447595,21429.01029273782,7.763237068294161,353.9654810121735,512.1804609663025,9.39077025880425,53.06833213534739,4.3630689804918195,1
5.43976299939632,153.5943220685665,28546.483161168504,9.563845103503638,308.40635020854586,291.32091700183355,11.948647008954232,53.74729643869688,2.2718111327515667,0
6.487271855500505,196.72753877019724,25030.57898712,9.034531965536974,,446.2069570151657,9.413680888811967,59.21955978575808,4.273902788767007,1
,135.0933784152421,34254.43436231915,10.21114640171063,323.12929891878554,422.65178169859223,16.631993261309358,77.2728598348686,3.273538273377785,0
2.671809944513834,186.62342227091816,37575.514384675094,8.00347039787991,,530.74128975677,13.509280967144015,83.67166474821039,4.942102907695196,0
4.827746048698359,150.60002461557266,27352.304694378672,7.978106251350178,297.41777263515667,538.9174980027808,7.351344744694202,57.58005113716338,5.578945871562089,0
8.279108641885959,250.35399332587818,17216.948473645694,6.349883071333325,,350.0436925178602,13.4539698369212,65.44728665117351,3.84283358575657,1
5.489307835195202,267.63319136779063,40479.90527209889,8.425103538042888,,439.74838526637797,17.056396481503945,76.5837848538566,3.335462337590917,0
7.040915735551442,161.58531533294595,25083.23915681354,6.083335250531919,298.65686437966946,380.0951691468835,13.15356509370859,86.81701651209725,3.0857841713612606,0
7.4270007865013685,204.8473605732475,13026.86033749925,4.796680271477106,399.5434496093085,402.49914729953537,12.428309001841633,62.057045439301525,3.960862237261623,1
5.103772909216351,164.80271721730355,34435.683441402776,9.531590959751453,321.5633520499425,476.08493218428436,16.216644257194687,44.760339866951995,5.424534078982136,0
5.924441224606693,186.22351669240658,28272.8368926084,5.14629308048038,292.70014484337185,399.1405549349719,18.56401636900155,78.67467235844305,3.6393872889794845,0
4.571871704993063,255.73414088974602,18982.556001459023,7.813385827561046,,441.8691768874644,15.921094344658309,75.76745931049886,3.8039778676036584,0
6.2,181.04594677979864,25931.925418901494,5.729076430923287,336.0561168942022,503.54759095460486,10.753828133467147,61.91863590743282,3.5613697404700924,1
7.2251164072094145,186.98936749239897,25921.724466608513,8.900134844011097,,548.6250672827108,16.249045960665736,101.84375151655695,5.360263893808703,0
7.708857729711324,165.39078710820877,28980.13283633669,9.1154609775177,284.7542562720703,449.5253557006039,12.062210266675237,79.08100636437945,5.220495654355703,0
6.2,234.109630525174,15625.860405841853,7.956100935728634,367.43403281797765,435.7154448888432,13.453370028672449,48.878052169972065,2.4674405427478034,1
7.0692419919203795,89.03852548695953,20805.83639097785,9.089256240972395,,336.73095511386674,13.706390273107438,65.89850709661286,3.976969341154778,1
,181.83196812160966,8650.52612619238,7.131592579813175,281.51868358692326,554.3325150921462,11.041299056202604,57.46398446729537,4.028478446836003,1
7.664494161997663,194.89034750294343,23894.117751675232,10.64999599570516,348.4642445679665,466.2526462805144,17.57388876300286,62.43284766974814,4.913955686356625,0
7.015534142940867,174.6505558479049,15511.327029740405,8.298941068918793,301.2881786125095,437.20699005852475,11.59549210922764,60.74719351187577,4.130669642718893,1
6.923486150619993,224.8106472043554,28122.136920976784,5.6971285357945645,445.149690867335,433.07197715349287,14.43610595173405,64.42274938314382,2.6652495468357533,0
,235.9466976426286,26565.774246590594,7.229978599815739,385.1207845954204,455.34080066326453,13.728187993384385,78.79054312045693,3.7910126143484875,1
3.9719613066473514,149.94390002626398,32420.9481136055,6.879046798580193,345.47924400144075,488.5606715823632,8.105499874448139,104.3023713396634,3.0503130484999,0
7.403390154989434,265.27571090905946,14486.078033310998,6.724329987668495,282.966286499006,498.5604828345519,10.138872491173075,69.32711381203056,4.380760700976662,1
5.722088038603584,149.57478467876933,23977.95515103902,4.501720019919253,292.9772785042629,556.3527931811738,17.995355500491755,63.396571255210915,5.072431874816338,0
7.489300329649044,238.7959494271352,25201.526750160498,7.731245980220667,364.6957645352261,445.8092314878194,11.348304684419125,53.723318721066406,3.18710650099891,1
,201.32933128182435,300.0,4.930510293273927,277.3928230144959,567.9394585166447,19.065439985263797,79.58171351948334,4.3902066610401915,0
6.133738905450812,179.8282339049555,40143.56643918702,3.129856496774634,278.6918868276784,511.66404098219095,20.283928594454654,65.39985452053978,3.4589254850525863,0
7.042464314180689,182.93182801366498,21372.881412906878,6.576458447025179,334.16561437795013,421.3413844015065,22.697880508421783,88.09770656548051,3.8271249427953498,0
9.608528607504937,195.29742918727567,16378.837902093172,5.925688027640264,339.323450119104,291.4762027417793,17.807370916697153,88.94752508159695,5.064337617283983,0
8.44298280410074,203.25694765531844,13520.95219129823,5.758771520035825,349.5333002578438,433.1134309551962,16.89890241218989,69.11011436743338,5.418468681721203,0
5.023716218287481,166.12692183987681,21003.763927830376,2.217108398422477,315.6036526703715,552.125006635138,18.920417096842733,62.503707653979475,4.114922705743443,0
6.2,188.70337539238096,3182.862126682645,5.775668255994184,371.8940670098269,363.55873908531737,14.648411907620133,59.84074807894786,4.704451945399438,1
7.825016503659826,171.04486412568215,15584.258382497697,6.84564585302713,,432.86298191497417,13.030875513022192,,3.107855200664922,1
6.908848933163003,156.4248705592696,18300.51747885307,6.118036774648172,,439.5496878731995,11.716111752527949,57.542954446556706,3.6799045230426652,1
8.188965463063605,169.51044498913518,18853.895602488672,7.732003008480264,342.6645960968604,502.323828619961,11.995516986613406,62.093541455373604,3.536119694642121,0
8.1165744985649,158.56583458432004,17198.410093095434,9.32040382459139,358.6668721450213,394.8648269391096,9.248106990993021,,3.8858309035501017,0
5.368471801392027,182.57690337050795,17719.800436476555,7.935860555603177,382.7347193497173,355.9537931248126,13.43046917023451,71.22961363829437,5.261605736470562,0
8.512845253007335,210.62842438991086,29232.55682856831,8.741702984681137,314.9492409126579,472.25617381887776,19.570354620735554,70.88281559906645,5.2450033665423215,0
7.771426566599854,200.37137065245497,31697.78212339684,8.872420169644549,306.43139018267567,366.1343288617617,10.48109897495204,62.57827802606168,4.192567939899647,1
6.595284391704,261.3559431521354,43488.45268952947,5.510199988034594,263.9004984953244,277.8911675469175,12.786153037354449,55.4625305259838,4.285116520840268,0
6.563797612969999,123.67609584861474,11316.559839898837,7.813801214444188,250.2133132287946,574.9020514937714,10.161687079860044,71.63011074553319,3.4152804883918204,1
4.221088368972556,211.84131778844682,31995.430181141564,8.692348618317437,326.5146698559236,501.1040775007142,16.72963705680692,37.94124861551795,3.6699338820480345,0
,196.61122584745118,24196.953068129627,6.431182444683403,329.348552731998,578.3777330617088,12.717909103735643,65.12027657459966,4.236853317973596,1
7.403442126835095,223.23555426403772,26898.522468741554,5.87080989295214,,496.8202304436553,18.974856317385843,56.59413727961836,3.527189463629933,1
7.764885176810569,219.97170522181244,34864.68275516842,7.958042205561981,297.73647242544655,481.17348567275013,17.106540559504197,73.04811053085317,5.040350117527891,0
7.312227464867597,190.97177142055267,20614.60470125598,4.779026382575466,,456.0584791803649,15.954927981046705,75.22111573267586,5.499502862123284,0
,202.08022727178727,25194.32097273049,5.400952758755257,370.05976690453645,411.16891484976793,10.628286756910455,76.28789812820948,2.8845190626243307,0
6.828839138531731,171.92012289498186,28251.582840187726,6.066524970818175,281.5694753865248,467.5782118179318,16.299470111392637,52.473058484781546,3.9224330715716267,0
5.533737590111922,216.59007132076155,17934.200010393684,7.831812456746519,315.4867906836773,381.4988152625726,13.624562876881917,76.32449706941276,5.102565153926328,0
,134.58497788516314,14449.572469290079,7.46588178405795,350.6085114345751,339.80628286367914,14.740781262982901,51.220401847257186,3.82678646737041,1
7.441272539022033,221.95758983156253,16885.33235859117,8.751145989692368,307.8649275914736,399.3561539927772,9.234693695605218,61.85356534486835,3.632266439265225,1
8.059247957214508,195.63759368463198,20155.56432978339,5.6634453141057985,300.3200139422151,530.5525771411926,21.060014172719683,66.42838081522339,4.182621468096041,0
6.958194105861394,180.37565895535718,20491.401416683326,5.578752705397337,,326.62153969643975,15.150926885456974,71.54128049327622,3.3750696485579894,1
6.817443794433041,188.7496577382027,32318.24360416423,7.94778091062447,378.95336065276445,327.90545461535197,19.079074620273246,84.3691919366933,3.7047015838784603,0
,191.16244388204228,34557.78117345103,5.858106291510884,382.7100139242758,473.977780347196,13.74797423430063,52.73307919748031,4.2774098929435045,0
6.682676977810279,239.0812937198085,9129.605229652294,6.166463813518815,303.3525017434,392.6616406815173,10.89922883709693,81.1530529963059,5.213198843004215,1
8.305948035611655,302.78194152087605,16314.277516970504,4.186311553982237,352.86681531786047,465.42799964888474,13.085913607840768,40.75236573857191,3.2041640587486824,1
7.905246063780239,236.5337501145476,28432.784286624912,7.579536682233468,333.53455343086114,506.1804804958592,11.392304246997078,87.56037274870029,2.264027111895846,1
7.578569656414858,177.80078164422702,24840.39756039495,9.555238945469545,292.0590506110775,463.49182472803653,21.280077674719564,89.2834952479709,4.435098656673966,0
,217.1198220189857,23158.583676050945,5.493723512245399,321.50111515144823,375.1145572427814,18.965988957334602,57.818068735502735,3.2276364316250175,1
7.5592799000281214,218.55252956329122,18402.7409736173,8.73429170651778,281.4607046168977,529.8610517291113,9.811087056026752,75.40998668970639,3.8353423275751597,1
4.706287332589984,165.96221223148646,12846.0067826021,7.026150242035877,381.9504868181382,486.16351275436364,16.302989932521513,95.47176577251881,3.1621882533557484,0
5.2008622584241015,154.91970312143957,21391.87615943225,4.330644871312151,398.07234256592955,428.3676906185179,9.249272139952492,71.49655364889088,4.197175836864056,0
6.61527122461517,194.31805743863765,20291.506532855383,5.706331568107558,316.8022744228327,424.45610863700676,14.009475542792837,51.305738480471945,3.50504548442779,1
2.7011055267292035,222.97358012887722,10507.354222194219,5.608781614170041,,456.41859718974075,14.825931510177716,76.443192972375,4.432233488907657,0
,143.37150799591302,24914.422893429906,6.61988609947781,,400.991717019129,20.82347274786795,82.98295224784445,3.7027815299462143,0
4.596800954881145,172.68246015417003,26626.32955707848,7.782832575745793,384.14856615657277,294.39866066661915,12.230565240146577,51.85792470053504,3.45743503911116,0
,215.2402412257844,21628.251000141125,10.041298082841461,287.6633679616499,486.8127458979432,14.861160332024939,61.136247455992184,3.6627955485642834,0
7.60487762738515,197.7727068766021,26496.256612640445,4.858789644028792,327.6709507136403,482.01203600559097,10.34053788782669,72.66866178103608,3.2947242783230615,0
6.2970270565631274,242.99540211770696,23566.3375587084,6.3540517128664185,,240.27386997170464,11.112560967671373,38.642828340031,4.412074178043438,1
8.04447039389579,149.9660107608883,28160.56177129647,5.704350252401076,301.88986227068636,467.46263232670606,10.896034617126986,104.36258568149384,4.843027468769331,0
7.894342797807263,273.7862263104871,24906.871035370794,5.116592450846911,349.77964213522034,568.1238699422887,15.242601430192103,42.96228053377416,4.388419470113794,1
4.612367863711488,145.80004860656084,26640.189407617676,7.270807344843114,,335.086821063578,12.180160896336174,48.92697169821762,3.283905902222247,0
6.776192925532687,129.64051365055025,12785.462223179167,7.122338386075219,311.4332051422461,420.27806369603053,10.80410614322984,97.66886234586008,4.280686804605724,0
10.073532799496723,194.46176955453862,21793.988907629402,4.254192291609067,329.6044109848293,411.49582901796805,12.936040703541412,66.17650621928863,3.8019308776142164,0
6.2,159.07630126070632,15605.100968346285,7.148677834153835,,560.3612842971673,13.951016078182331,57.20112712927656,3.5430457740557273,1
10.1571978919702,195.12493865292348,28093.508293529547,5.215474331200401,,516.7725211678825,21.18399149575361,68.90768392053691,3.5197432990477404,0
,193.97438568239147,30243.046602957686,7.1386877962332616,371.8164759788267,355.2239753617956,16.73820267384087,69.59935071228239,2.656551856670651,1
8.775913878651206,189.95902842166552,39197.761827407,9.125804459265623,303.15062411076957,453.8431766873689,14.973746019003173,90.45036285753739,5.285628481002494,0
7.541236963755796,168.68467704072597,21616.705372732373,7.851647378499984,,612.2559082880241,17.849325953192363,104.26893108595337,4.008834043168045,0
4.990297861193783,210.63438741987184,29432.98190425704,7.400477009163202,415.43409009846357,375.72360174939604,18.920491559178306,76.77294761622095,3.5510104872483885,0
8.265381088243,185.95960892416014,32542.443163276323,6.2845501033026485,,425.298774280326,11.22047237294866,,3.4696491054323046,0
6.5997596653810024,232.71057424783174,22332.036865460683,7.2256508883347434,430.63679401712074,467.6913901217996,12.18970655650919,53.67070851175359,4.408205019439623,0
6.968039934947398,190.4657528918187,28714.437408432626,8.009941671151022,372.6155855166457,376.907592382684,15.182541604501946,62.452290626165286,2.915953127734651,1
7.9650037230184045,164.66309978768922,35109.87360112973,7.853382821637288,307.08400855815665,568.6668092674138,17.780365546113025,60.39314532681023,4.822599681460338,0
,140.87432284435263,24240.80341247249,6.963234353174601,226.91183477177185,388.0084013370914,11.088751780266819,58.37159785544973,3.72906845256121,1
7.445020878128769,190.7375997053486,13599.280939078762,7.463454591823487,362.2896226966535,313.9659615667651,21.556987474846938,78.21133811870753,2.733068772073358,1
5.697597435780978,154.64316960216973,35620.651398593516,5.0398323243335135,335.09564922007945,383.7814512555638,12.880009480702592,46.23790044487145,5.200141605366411,0
,151.9862550032428,37313.65497358131,5.959747895851175,351.65836964978917,478.9640229638425,17.548555100686222,60.631884945124455,3.977492181108991,0
7.211879984145208,213.75334547093587,28555.10560536255,8.237944409022658,324.3261822927158,361.7075306390563,20.970628473631766,79.22203842415479,3.9264286255994723,0
,137.91465498772442,46621.30387174659,8.450412063171248,286.44432307320704,450.6177106204619,10.006159894062439,73.14890190425619,4.231311201217259,0
7.838073157474472,242.8611621471528,18354.810428738758,7.267885773526192,316.1210960929634,471.6540755634466,13.850730430047838,99.20616654712234,4.262055964908365,0
5.799529529402692,201.65466904661326,44378.73706869993,9.45676586029694,363.05478363812466,328.518129399964,14.406050195511705,104.84102981199322,3.4637518208577074,0
7.568463144635862,194.9575774392788,12358.432652605847,7.92267067800896,319.1288597907077,380.65286081838667,14.71073578758811,62.028794405386776,3.5109376805413315,1
6.5550329126831866,162.35620055588572,17213.773423823848,6.751658521776358,318.87870070601605,454.3968454506758,11.503080348397315,66.05687771926162,4.6738468114003,1
4.347759540990616,221.54784854968267,31498.84514225511,5.192790650195919,270.8973745544135,482.9549025282839,13.257717421253526,67.1521240563985,5.363050182945669,0
9.987091575809611,196.3044276846457,36933.67966375382,9.393198535045686,337.5756999456206,382.6662512027748,12.972090976670572,57.80942814591836,4.138888493312944,0
7.666762438300046,173.8274204538276,19925.355683510876,8.337101582304232,287.7660176224163,438.4632026680407,13.696067139254037,107.10989616663994,3.972841541965749,1
11.62958292114438,202.97423251983727,21159.641331853745,9.961332048230219,,403.25795102054246,13.377577148380741,89.45261746961646,4.574529007550168,0
7.231626787378161,141.0363585160444,7120.556941086634,10.543618979696188,303.40822273047047,485.010293800688,14.929417517630949,61.88344165334238,3.7796841549105253,1
7.75009935128452,142.59773737203335,32222.509678155744,5.086634315283238,,468.16861719658107,15.046622459133651,91.24464660384811,4.480786379758841,0
,159.5458777935945,37756.25455481144,5.090752684279047,,396.02257237218964,15.677096805717998,77.08946786671771,4.463343031918375,0
6.245640549135013,207.89944710435958,22962.851934816794,2.5961441381408736,,464.85826317664953,14.81910398891219,51.91024586343964,3.073497797518322,1
5.430929277998534,196.29280121257827,13870.092884623213,8.571012176507015,315.5602026120907,392.8620515591499,18.43693794925043,81.63565026895706,3.2665177492756445,0
,230.91141783678427,22648.400322753518,8.157242646230406,,463.15484591200345,15.012084659164994,78.94542635178384,4.114559589813908,0
7.0276903718225885,166.13233386365383,28512.2358469393,7.274490820198838,259.890161387858,464.2805992638427,14.538481483088658,68.9739166277858,3.8681294785370173,1
9.448119662194443,215.30657195183616,3858.099461803715,5.1827094949514265,385.58350592163094,617.7805595083355,19.01361231555341,52.49338493780209,6.058632646863069,0
8.144520891202427,192.65365882619525,23535.31897881614,6.979326771182861,374.94911779906164,399.03001083798785,15.902798246371976,72.64428977333604,3.5819593134354104,1
4.595507794370474,165.37381309302344,22505.836719933013,7.411834682112175,355.5123022378136,414.7855062533498,13.028699731381048,48.54056862853783,5.469093410260609,0
6.663767640387088,209.07662236645504,16447.92216212918,8.356706553669088,,373.9036866883163,10.89523006835933,68.62448733901381,4.253456511568948,0
,194.22820986373185,22131.206964316018,7.551319324855152,,342.7478452186331,14.033360879558284,66.04425434234247,3.8081652166371702,0
8.357148254736902,175.7019785126164,14767.630380370354,8.168806046086043,,389.3179921177325,15.617695927847631,66.36426014507302,3.9051138736223345,1
7.666490889478248,197.78176996704062,13939.176218196566,6.923873225535804,380.338020855925,479.940136173876,10.642058117915315,64.27523070290616,4.2226135880385645,1
,192.1384503026598,51974.611897244264,8.986741392401898,377.3760290123989,485.78689173302394,16.718724291001966,74.26343347774701,2.2348873478284794,0
6.292952688518774,191.34366254577418,21598.966409218552,8.118133522360639,349.86360943899405,450.09093145073626,19.21335690162099,83.49234895853935,4.333780377952015,1
6.24715792063928,182.8256853679347,40519.13331457339,5.244645748292697,283.9911964384035,402.3021976531832,18.11163346100665,67.24293296964808,3.697264246811929,0
7.50323696976824,153.46719307039933,18426.87399263274,9.314968180896862,395.66378031573214,386.3353011367906,18.80977467089562,81.68008457799661,3.833778897445962,1
7.762619850778619,198.8597821829413,22601.288219791357,9.056403005889916,322.9423888445932,352.12009475466834,15.422798196195624,60.30203329437642,4.082749903831715,1
3.928752086488344,169.99069710456547,10525.248401343995,7.855450084543648,,381.2034818421891,20.21081754967889,40.20384714484872,4.053343758563442,0
7.67250974798948,162.83118025451017,23712.049608239442,7.563533973880195,344.7870245681137,321.5536528221121,13.212220480896798,52.669328852597005,3.417212571498459,1
,188.48097512902424,27143.233702262634,9.740606278827755,354.78185198314924,535.9149515995535,13.262069059863029,68.22344122562043,4.486170017612229,1
8.080275362960515,220.54947330326468,29479.51386519435,4.539365671290122,,574.6418400948212,16.115701063942904,33.17027608712186,3.8502810088077783,0
7.411549417058223,202.5066844030333,11575.135997493348,9.081134748014248,392.0479609201669,269.78228951720587,12.161083255095534,52.586116309264135,3.173369550253624,1
7.097863116042009,178.92542134503532,21051.332634945185,6.367593416252525,358.9891628097554,449.5725019383293,12.536285747611672,74.83484418759056,3.615145573036335,1
9.037112333825352,177.6027146961475,31789.845327062765,8.850380365328409,,448.2335099927669,17.735591020418404,82.18380316154722,3.909469942395777,0
6.743076222684195,217.31825632601047,20989.977676306396,7.310193838527088,341.15020561984744,443.0717501988827,19.890727785835107,58.10000394432096,4.64906664737914,0
6.711975402949107,117.54739318518581,16955.674972270735,5.156176883014984,331.8525995068099,378.3062588459889,6.758325196795682,68.14881600529013,4.55380151410017,1
,222.63330814466292,18809.55469245247,6.335498700143607,358.4383887440108,508.81912786745977,17.53776401344745,100.7154500578798,3.436919424633503,1
7.394542072033613,134.74488100479186,25550.86196868121,8.734331935602226,393.52117707637603,459.3665659675477,16.514615560723588,83.36280498553597,2.87848931614029,1
7.283958047429576,149.83307981617395,26311.881111358703,6.7878715475146,375.89280031970173,509.7570377202777,8.237608301946018,46.35826277938606,3.483012338341979,1
7.66995617348222,179.4806541514399,25893.922230006217,6.138053044745394,339.5224656161869,366.60903206344534,12.372635856514936,65.5074602283358,3.269697634268,0
7.551454606833868,267.79708430242476,29289.105552685578,6.1274881486838675,,314.43882938363924,15.680964953121387,54.477564116663935,4.654627281163165,1
,251.58709694446938,22479.131752577872,8.134750927129389,,461.34036679022716,13.0776276371424,34.24772015114451,2.274021430559949,1
7.614412016306844,219.64344716572577,18729.88246470944,9.886003347621141,,348.3941469538851,12.52276619598456,,3.8165555663726694,1
8.62927246812696,208.1302442459203,17729.850713847314,3.7374042743946747,,511.41164815137694,14.52924037483582,63.65048957606396,3.337897707189957,1
7.206484094160096,135.1310877523896,7356.71498323732,11.545081426802394,329.0072798428582,254.36899779835187,8.04591715092236,44.71043625877076,3.641037833932547,1
,201.557343558775,26821.830970442483,7.441919041782288,275.1043848010836,388.34197649190276,14.36450650213178,59.90283602450986,4.35175395870964,0
5.293031690020801,178.33061203937694,11407.191957812327,8.036754133772147,349.2216279207767,376.4335147096322,24.798196236865344,53.79555544103898,4.026279965202986,0
7.105600970171291,169.53157892381245,28878.145314290225,6.430706439507098,,399.34396733996124,13.067377371655393,,3.523446389130879,1
8.850208793039716,201.4930216601663,14402.371136181593,7.114446102726213,320.85813100915135,447.29680501462695,18.09736129805901,53.334548201270636,3.3700420126690807,0
7.636242110847476,180.90048068920362,25836.81882518941,7.42417055916715,,458.2158474689128,16.887451080437298,87.0411856236589,5.542989057226518,0
7.831700338863577,224.9999550623752,25144.324015826787,5.462428332107484,431.3255593239233,477.89079826702744,18.227917955140043,65.38661452159097,4.755638402512795,0
9.754018781189766,132.70708814554325,17468.654203535945,5.847023327553103,369.5121872669674,487.20289823460223,10.425129990262256,80.41794589004141,3.4515601783430245,0
